No.,Description,Description 2,Base Unit of Measure,Unit Price,Days to Expire,Days to Sell,Brand,Size Description,Storage Type,Sales to Retail Conv. Factor
00002D,PREMIUM MEDIUM GRAIN RICE (15#_NEW),쌀 (15#_NEW),BG,14.9,600,90,HANKUKMI,15 LB,Dry,1
00002E,EXTRA FANCY RICE (15#) ,쌀 (15#),BG,9.4,700,90,HANKUKMI,15 LB,Dry,1
00003D,EXTRA FANCY RICE (10#_SUSHI RICE),스시 쌀 (10#),CS,43,690,90,HANKUKMI,4X10 LB,Dry,4
00004D,EXTRA FANCY RICE (5#_SUSHI RICE),스시 쌀 (5#),CS,51,690,90,HANKUKMI,8X5 LB,Dry,8
00007D,PREMIUM MEDIUM GRAIN RICE (40#_NEW),쌀 (40#_NEW),BG,36,690,90,HANKUKMI,40 LB,Dry,1
00007E,EXTRA FANCY RICE (40#),쌀 (40#),BG,27,700,90,HANKUKMI,40 LB,Dry,1
00009D,PREMIUM GOLD SHORT GRAIN RICE (18#_NEW),골드 쌀 (18#_NEW),BG,23,690,90,KINMAI,18 LB,Dry,1
00010D,EXTRA FANCY SWEET RICE (50#),찹쌀 (50#),BG,52,690,90,HANKUKMI,50 LB,Dry,1
00011D,EXTRA FANCY SWEET RICE (15#),찹쌀 (15#),CS,0,351,90,HANKUKMI,15 LB,Dry,1
00012D,EXTRA FANCY BROWN RICE (15#),현미 (15#),BG,14.7,690,90,RHEECHUN,15 LB,Dry,1
00013D,EXTRA FANCY SWEET RICE (10#_PAPER),찹쌀 (10#),CS,50,690,90,HANKUKMI,4X10 LB,Dry,4
00014D,EXTRA FANCY SWEET RICE (5#_PAPER),찹쌀 (5#),CS,56,690,90,HANKUKMI,8X5 LB,Dry,8
00015D,SPROUTED BROWN RICE (15#_ NEW),발아 현미 (15#),BG,18,690,90,RHEECHUN,15 LB,Dry,1
00016D,SWEET RICE (5#),찹쌀 (5#),CS,51,690,90,RHEECHUN,9X5 LB,Dry,9
00018D,PREMIUM BROWN SWEET RICE (15#),현미찹쌀 (15#),CS,0,351,90,HANKUKMI,15 LB,Dry,1
00019D,EXTRA FANCY BROWN SWEET RICE (10#),현미찹쌀 (10#),CS,43,690,90,HANKUKMI,4X10 LB,Dry,4
00020D,EXTRA FANCY BROWN SWEET RICE (5#),현미찹쌀 (5#),CS,60,690,90,HANKUKMI,8X5 LB,Dry,8
00021D,EXTRA FANCY BROWN RICE (15#),현미 (15#),CS,0,351,90,HANKUKMI,15 LB,Dry,1
00022D,EXTRA FANCY BROWN RICE (10#),현미 (10#),CS,32,690,90,HANKUKMI,4X10 LB,Dry,4
00023D,EXTRA FANCY BROWN RICE (5#),현미 (5#),CS,54,690,90,HANKUKMI,8X5 LB,Dry,8
00024D,PREMIUM GRADE BROWN RICE (2#),현미 (2#),CS,39,690,90,RHEECHUN,16X2 LB,Dry,16
00025D,PREMIUM SWEET RICE (15#),찹쌀 (15#),BG,14.2,690,90,RHEECHUN,15 LB,Dry,1
00026D,PREMIUM BROWN SWEET RICE (15#),현미찹쌀 (15#),BG,15,690,90,RHEECHUN,15 LB,Dry,1
00027D,PREMIUM SWEET RICE (15#),찹쌀 (15#),BG,15,640,90,MYOUNGGA,15 LB,Dry,1
00028D,PREMIUM SWEET RICE (5#),찹쌀 (5#),CS,63,640,90,MYOUNGGA,10X5 LB,Dry,10
00029D,EXTRA FANCY SWEET RICE (50#),찹쌀 (50#),BG,40,700,90,RHEECHUN,50 LB,Dry,1
00030D,FANCY VARIETY RICE (15#_NEW),쌀 (15#_NEW),BG,12.3,690,90,RHEECHUN,15 LB,Dry,1
00030E,FANCY VARIETY RICE (15#),쌀 (15#),BG,10.3,700,90,RHEECHUN,15 LB,Dry,1
00031D,FANCY VARIETY RICE (50#_NEW),쌀 (50#_NEW),BG,35,690,90,RHEECHUN,50 LB,Dry,1
00031E,FANCY VARIETY RICE (50#),쌀 (50#),BG,35,700,90,RHEECHUN,50 LB,Dry,1
00032D,FANCY VARIETY RICE (20#_NEW),쌀 (20#_NEW),BG,13.5,690,90,RHEECHUN,20 LB,Dry,1
00033D,FANCY VARIETY RICE (40#_NEW),쌀 (40#_NEW),BG,27,690,90,RHEECHUN,40 LB,Dry,1
00033E,FANCY VARIETY RICE (40#),쌀 (40#),BG,26,700,90,RHEECHUN,40 LB,Dry,1
00035D,FANCY VARIETY RICE (5#),쌀 (5#),CS,51,690,90,RHEECHUN,8X5 LB,Dry,8
00036D,PREMIUM GRADE SUSHI RICE (2#),쌀 (2#),CS,39,690,90,RHEECHUN,16X2 LB,Dry,16
00050D,ORGANIC SUSHI RICE (15#),유기농 쌀 (15#),BG,34,690,90,HANKUKMI,15 LB,Dry,1
00051D,ORGANIC SUSHI RICE (3#),유기농 쌀 (3#),CS,60,690,90,HANKUKMI,8X3 LB,Dry,8
00053D,ORGANIC BROWN SWEET RICE (3#),유기농 현미찹쌀 (3#),CS,61,690,90,HANKUKMI,8X3 LB,Dry,8
00054D,ORGANIC BROWN RICE (3#),유기농 현미 (3#),CS,60,690,90,HANKUKMI,8X3 LB,Dry,8
00057D,ORGANIC BROWN RICE (15#),유기농 현미 (15#),BG,35,690,90,HANKUKMI,15 LB,Dry,1
00060D,NUTRA-GRAIN RICE (15#_NEW),쌀눈이 가득한 쌀 (15#_NEW),BG,21,690,90,HANKUKMI,15 LB,Dry,1
00061D,NUTRA-GRAIN RICE (5#),쌀눈이 가득한 쌀 (5#),CS,41,690,90,HANKUKMI,6X5 LB,Dry,6
00066D,SELECT MEDIUM GRAIN RICE (40#),쌀 (셀렉트_ 40#),BG,26,700,90,UNBRANDED,40 LB,Dry,1
00072D,SUSHI RICE (15#_NEW),쌀 (15#_NEW),BG,10.8,690,90,RYKOFFSEXTON,15 LB,Dry,1
00073D,SAMCHEOK DONGJA FRESH RICE (22#),삼척동자 맑은 쌀 (22#),BG,27,285,90,CHEONGAGOODFOOD,22 LB,Dry,1
00074D,GOOD RICE BRAND (22#),참 좋은 맛드림 (22#),BG,27,285,90,CHEONGAGOODFOOD,22 LB,Dry,1
00075D,GOOD RICE BRAND (44#),참 좋은 맛드림 (44#),BG,53,285,90,CHEONGAGOODFOOD,44 LB,Dry,1
00080D,BLACK RICE (5#),검정쌀 (5#),CS,131,460,90,ASSI,10X5 LB,Dry,10
00081D,SWEET RICE (30 OZ),찹쌀 (30 OZ),CS,113,640,90,ASSI,24X30 OZ,Dry,24
00087D,MIXED GRAIN RICE (GEONGANG JABGOK_3#),몸에좋은 건강 잡곡 (3#),CS,110,640,90,YISSINE,15X3 LB,Dry,15
00091D,WILD SWEET RICE (50#),야생 찹쌀 (50#),BG,48,640,90,HANKUKMI,50 LB,Dry,1
00092D,WILD SWEET RICE (2#),야생 찹쌀 (2#),CS,82,640,90,HANKUKMI,25X2 LB,Dry,25
00093D,WILD SWEET RICE (5#),야생 찹쌀 (5#),CS,79,640,90,HANKUKMI,10X5 LB,Dry,10
00094D,12 GRAIN RICE (OHAENG JABGOK_5#),오행 잡곡 (5#),CS,103,640,90,ASSI,10X5 LB,Dry,10
00097D,BLACK RICE (30 OZ),검정쌀 (30 OZ),CS,105,640,90,ASSI,25X30 OZ,Dry,25
00098D,BLACK RICE (4#),검정쌀 (4#),CS,99,460,90,ASSI,10X4 LB,Dry,10
00099D,12 GRAIN RICE (OHAENG JABGOK_10#),오행 잡곡 (10#),CS,110,640,90,ASSI,5X10 LB,Dry,5
01009D,THAI BROKEN SWEET RICE (50#),태국 브로큰 찹쌀 (50#),BG,24,650,90,UNBRANDED,50 LB,Dry,1
01012D,SWEET RICE (10#),찹쌀 (10#),CS,94,690,90,KODA,6X10 LB,Dry,6
01015D,SWEET RICE (5#_PL),찹쌀 (5#),CS,24,690,90,HANKUKMI,6X5 LB,Dry,6
01020D,THAI SWEET RICE (5#),태국 찹쌀 (5#),CS,47,640,90,THREEELEPHANTS,10X5 LB,Dry,10
01021D,THAI SWEET RICE (20#),태국 찹쌀 (20#),BG,18,640,90,THREEELEPHANTS,20 LB,Dry,1
01023D,SWEET RICE (5#),건강 찹쌀 (5#),CS,32,640,90,MATSARANG,10X5 LB,Dry,10
01024D,SWEET RICE (10#),건강 찹쌀 (10#),CS,40,640,90,MATSARANG,5X10 LB,Dry,5
01025D,SWEET RICE (20#),건강 찹쌀 (20#),BG,20,640,90,MATSARANG,20 LB,Dry,1
01027D,THAI JASMINE RICE GOLD (20#),자스민 라이스 골드 (20#),CS,38,640,90,THREEELEPHANTS,2X20 LB,Dry,2
01029D,THAI JASMINE RICE (20#),자스민 라이스 (20#),BG,15,640,90,THREEELEPHANTS,20 LB,Dry,1
01030D,THAI JASMINE RICE (50#),자스민 라이스 (50#),BG,37,640,90,THREEELEPHANTS,50 LB,Dry,1
01031D,THAI JASMINE RICE GOLD (10#),자스민 라이스 골드 (10#),CS,47,640,90,THREEELEPHANTS,5X10 LB,Dry,5
01032D,BROWN RICE (5#_PL),현미 (5#),CS,76,510,90,HANKUKMI,10X5 LB,Dry,10
01033D,THAI JASMINE RICE (5#),자스민 라이스 (5#),CS,41,640,90,THREEELEPHANTS,10X5 LB,Dry,10
01034D,BROWN SWEET RICE (5#_PL),현미찹쌀 (5#),CS,34,690,90,HANKUKMI,6X5 LB,Dry,6
01038D,BROWN RICE (USA_50#),현미 (50#),BG,35,690,90,UNBRANDED,50 LB,Dry,1
01039D,RED BEAN (CHINA_50#),팥 (50#),BG,134,460,90,ASSI,50 LB,Dry,1
01041D,RED BEAN (5#),팥 (5#),CS,149,460,90,ASSI,10X5 LB,Dry,10
01043D,PRESSED BARLEY (30 OZ),납작보리 (30 OZ),CS,110,690,90,ASSI,25X30 OZ,Dry,25
01044D,PRESSED BARLEY (5#),납작보리 (5#),CS,76,690,90,ASSI,10X5 LB,Dry,10
01045D,12 GRAIN RICE (OHAENG JABGOK_30 OZ),오행 잡곡 (30 OZ),CS,106,640,90,ASSI,24X30 OZ,Dry,24
01047D,BROWN JASMINE RICE (15#),자스민 현미 (15#),BG,14.4,640,90,THREEELEPHANTS,15 LB,Dry,1
01048D,BROWN JASMINE RICE (5#),자스민 현미 (5#),CS,39,640,90,THREEELEPHANTS,10X5 LB,Dry,10
01049D,SOYBEAN (60#),메주콩 벌크 (60#),BG,45,330,90,UNBRANDED,60 LB,Dry,1
01054D,SOYBEAN (10#),메주콩 (10#),CS,102,640,90,ASSI,5X10 LB,Dry,5
01060K,BLACK BEAN (CHINA_50#),검정콩 (50#),CS,104,460,90,ASSI,50 LB,Dry,1
01061D,BLACK BEAN W/GREEN KERNEL(CHINA_SEORITAE_50#),서리태 (속푸른 콩_50#),CS,114,460,90,UNBRANDED,50 LB,Dry,1
01063D,PEELED MUNG BEAN (4#),깐녹두 (4#),CS,53,640,90,ASSI,10X4 LB,Dry,10
01064D,WHOLE MUNG BEAN (55#),통녹두 벌크 (55#),BG,60,640,90,UNBRANDED,55 LB,Dry,1
01066D,WHOLE MUNG BEAN (30 OZ),통녹두 (30 OZ),CS,70,640,90,ASSI,30X30 OZ,Dry,30
01067D,BLACK BEAN (5#),검정콩 (5#),CS,120,460,90,ASSI,10X5 LB,Dry,10
01070D,RED BEAN (CHINA_50#),팥 (50#),BG,78,730,90,UNBRANDED,50 LB,Dry,1
01073D,HALF SPLIT MUNG BEAN (30 OZ),타갠 녹두 (30 OZ),CS,151,640,90,ASSI,30X30 OZ,Dry,30
01076D,BROKEN SWEET RICE (USA_ 50#),브로큰 찹쌀 (50#),BG,24,690,90,UNBRANDED,50 LB,Dry,1
01077D,BROKEN RICE (USA_50#),브로큰 쌀 (50#),BG,28,690,90,UNBRANDED,50 LB,Dry,1
01078D,THAI BROKEN JASMINE RICE (20#),브로큰 자스민 라이스 (20#),BG,14.5,640,90,THREEELEPHANTS,20 LB,Dry,1
01079V,JASMINE RICE (20#),자스민 라이스 (20#),BG,15,640,90,VIETWAY,20 LB,Dry,1
01081D,PEELED HALF SPLIT MUNG BEAN (55#),깐녹두 벌크 (55#),BG,67,640,90,UNBRANDED,55 LB,Dry,1
01082D,PEELED HALF SPLIT MUNG BEAN (14 OZ),깐녹두 (14 OZ),CS,50,640,90,EMPEROR,36X14 OZ,Dry,36
01083D,PEELED HALF SPLIT MUNG BEAN (30 OZ),깐녹두 (30 OZ),CS,78,640,90,ASSI,30X30 OZ,Dry,30
01088V,JASMINE RICE (5#),자스민 라이스 (5#),CS,26,640,90,VIETWAY,10X5 LB,Dry,10
01090D,WHOLE BARLEY (USA_50#),통보리 벌크 (50#),BG,48,690,90,UNBRANDED,50 LB,Dry,1
01094K,JOBS TEARS (3#),율무 (3#),CS,94,640,90,ASSI,15X3 LB,Dry,15
01095D,PRESSED BARLEY (USA_50#),납작보리 벌크 (50#),BG,57,690,90,UNBRANDED,50 LB,Dry,1
01096D,WHOLE BARLEY (10#),통보리 (10#),CS,57,510,90,ASSI,5X10 LB,Dry,5
01100V,JASMINE RICE (50#),자스민 라이스 (50#),BG,30,640,90,VIETWAY,50 LB,Dry,1
01103D,PRESSED BARLEY (10#),납작보리 (10#),CS,67,510,90,ASSI,5X10 LB,Dry,5
01106D,YELLOW SESAME SEEDS (50#),참깨 벌크 (50#),BG,147,460,90,UNBRANDED,50 LB,Dry,1
01107D,SESAME SEEDS (24 OZ),참깨 (24OZ),CS,0,500,90,ASSI,30X24 OZ,Dry,30
01108D,YELLOW SESAME SEEDS (4#),참깨 (4#),CS,128,460,90,ASSI,10X4 LB,Dry,10
01110D,BLACK SESAME SEEDS (24 OZ),검정깨 (24 OZ),CS,0,500,90,ASSI,30X24 OZ,Dry,30
01111K,ROASTED WHOLE SESAME SEEDS (1#),볶음 통깨 (1#),CS,0,500,90,ASSI,30X1 LB,Dry,30
01112K,ROASTED WHOLE SESAME SEEDS (2#),볶음 통깨 (2#),CS,0,500,90,ASSI,20X2 LB,Dry,20
01113K,ROASTED SESAME SEEDS (4#),볶음 통깨 (4#),CS,165,460,90,ASSI,10X4 LB,Dry,10
01114K,ROASTED BLACK SESAME SEED (2#),볶음 검정깨 (2#),CS,0,500,90,ASSI,20X2 LB,Dry,20
01117D,BLACK SESAME SEEDS (4#),검정깨 (4#),CS,172,460,90,ASSI,10X4 LB,Dry,10
01118D,BLACK SESAME SEEDS (14 OZ),검정깨 (14 OZ),CS,146,460,90,ASSI,30X14OZ,Dry,30
01119D,ROASTED BLACK SESAME SEEDS (30OZ),볶음 검정깨 (30OZ),CS,290,460,90,ASSI,24X30 OZ,Dry,24
01122J,ROASTED SESAME SEEDS (40#),볶음 통깨 벌크 (40#),CS,152,460,90,UNBRANDED,40 LB,Dry,1
01124D,PERILLA SEEDS (14 OZ),들깨 (14 OZ),CS,189,640,90,ASSI,30X14 OZ,Dry,30
01126K,MILLET (1#),메조 (1#),CS,84,640,90,ASSI,30X1 LB,Dry,30
01127K,RED SORGHUM (1#),차수수 (1#),CS,69,280,90,ASSI,30X1 LB,Dry,30
01128K,JOBS TEARS (1#),율무 (1#),CS,69,640,90,ASSI,30X1 LB,Dry,30
01135D,PERILLA SEEDS (CHINA_ 40#),들깨 (40#),CS,205,460,90,ASSI,40 LB,Ref,1
01136D,ROASTED SESAME SEEDS (14 OZ),볶음 통깨 (14 OZ),CS,139,460,90,ASSI,30X14 OZ,Dry,30
01139D,ROASTED SESAME SEEDS (30 OZ),볶음 통깨 (30 OZ),CS,185,460,90,ASSI,24X30 OZ,Dry,24
01142K,GLUTINOUS MILLET (1#),차조 (1#),CS,93,640,90,ASSI,30X1 LB,Dry,30
01147D,YELLOW SESAME SEEDS (30 OZ),참깨 (30 OZ),CS,156,460,90,ASSI,24X30 OZ,Dry,24
01154D,WHITE SESAME SEEDS (14 OZ),흰참깨 (14 OZ),CS,117,460,90,ASSI,30X14 OZ,Dry,30
01158K,BAKED RICE CRISP,쌀 누룽지,CS,45,280,90,OSUNG,20X5.3 OZ,Dry,20
01159K,BAKED BROWN RICE CRISP,현미 누룽지,CS,48,280,90,OSUNG,20X5.3 OZ,Dry,20
01177K,COOKED RICE,즉석밥,CS,15,280,90,RHEECHUN,12X7.4 OZ,Dry,12
01192K,COOKED BLACK RICE,쎈쿡 건강한 흑미밥,CS,35,280,90,DONGWON,6X3X7.4 OZ,Dry,6
01193K,COOKED MIXED RICE,쎈쿡 건강한 혼합곡밥,CS,35,280,90,DONGWON,6X3X7.4 OZ,Dry,6
01194K,COOKED BROWN RICE,쎈쿡 현미밥,CS,35,280,90,DONGWON,6X3X6.87 OZ,Dry,6
01195K,COOKED WHOLE GRAIN RICE,쎈쿡 통곡물밥,CS,35,280,90,DONGWON,6X3X6.87 OZ,Dry,6
01196K,COOKED SWEETENED GLUTINOUS RICE,쎈쿡 찰진약밥,CS,43,280,90,DONGWON,12X2X6.7 OZ,Dry,12
01199K,COOKED SPROUTED BROWN RICE,쎈쿡 100PER 발아 현미밥,CS,27,280,90,DONGWON,12X7.4 OZ,Dry,12
01201D,WHITE PEARLED BARLEY (5#),하얀 쌀보리 (5#),CS,72,690,90,ASSI,10X5 LB,Dry,10
01202D,WHOLE BARLEY (30 OZ),통보리 (30 OZ),CS,100,690,90,ASSI,25X30 OZ,Dry,25
01203D,WHOLE BARLEY (5#),통보리 (5#),CS,84,690,90,ASSI,10X5 LB,Dry,10
01206D,JOB'S TEARS (14 OZ),율무 (14 OZ),CS,85,640,90,ASSI,30X14 OZ,Dry,30
01208D,HALF SPLIT MUNG BEAN (30 OZ),타갠 녹두 (30 OZ),CS,136,650,90,ASSI,24X30 OZ,Dry,24
01209D,WHOLE MUNG BEAN (30 OZ),통녹두 (30 OZ),CS,78,640,90,ASSI,24X30 OZ,Dry,24
01211D,BLACK BEAN (30 OZ),검정콩 (30 OZ),CS,118,280,90,ASSI,24X30 OZ,Dry,24
01212D,BLACK BEAN W/GREEN KERNEL (SEORITA_30 OZ),서리태 (속푸른 콩_ 30 OZ),CS,140,280,90,ASSI,24X30 OZ,Dry,24
01213D,SOYBEAN (30 OZ),메주콩 (30 OZ),CS,111,640,90,ASSI,24X30 OZ,Dry,24
01214D,SOYBEAN,메주콩,CS,115,640,90,ASSI,10X5LB,Dry,10
01216D,RED BEAN (30 OZ),팥 (30 OZ),CS,141,280,90,ASSI,24X30 OZ,Dry,24
01219D,PEELED MUNG BEAN (30 OZ),깐녹두 (30 OZ),CS,77,640,90,ASSI,24X30 OZ,Dry,24
01220D,ORGANIC SOYBEAN,유기농 메주콩,CS,92,640,90,ASSI,24X30 OZ,Dry,24
01221D,ORGANIC BLACK BEANS,유기농 검정콩,CS,93,640,90,ASSI,24X30 OZ,Dry,24
01222D,ORGANIC BLACK BEAN(W/GREEN KERNEL),유기농 서리태,CS,114,640,90,ASSI,24X30 OZ,Dry,24
01223D,ORGANIC RED BEANS,유기농 팥,CS,129,640,90,ASSI,24X30 OZ,Dry,24
02002D,RICE FLOUR (30 OZ),쌀가루 (30 OZ),CS,144,460,90,ASSI,25X30 OZ,Dry,25
02008D,SWEET RICE FLOUR (30 OZ),찹쌀가루 (30 OZ),CS,92,460,90,ASSI,25X30 OZ,Dry,25
02010D,SWEET RICE FLOUR (MOCHIKO_1#),모찌꼬 (찹쌀가루_1#),CS,64,330,90,KODA,36X1 LB,Dry,36
02011D,SWEET RICE FLOUR (USA_MOCHIKO_50#),모찌꼬 (찹쌀가루_50#),BG,58,690,90,KODA,50 LB,Dry,1
02019T,MIXED FLOUR FOR CAKE,케익가루,CS,31,640,90,VINHTHUAN,20X14.1 OZ,Dry,20
02020T,GLUTINOUS RICE FLOUR,찹쌀가루,CS,28,640,90,VINHTHUAN,20X14.1 OZ,Dry,20
02022T,FLOUR FOR WET RICE PAPER,라이스 페이퍼가루,CS,33,640,90,VINHTHUAN,20X14.1 OZ,Dry,20
02023T,PREPARED MIX FLOUR,부침가루,CS,42,640,90,VINHTHUAN,30X14.1 OZ,Dry,30
02024T,CRISP FRIED POWDER MIX,튀김가루,CS,46,640,90,VINHTHUAN,60X5.3 OZ,Dry,60
02026T,RICE STARCH,쌀가루,CS,34,640,90,VINHTHUAN,20X14.1 OZ,Dry,20
02027D,POTATO STARCH (HOLLAND_55.115#),감자가루 벌크 (55.115#),CS,72,1720,90,AVEBE,55.115 LB,Dry,1
02029D,CORN STARCH (USA_50#),옥수수 전분 벌크 (50#),BG,57,690,90,CARGILL,50 LB,Dry,1
02030D,CORN STARCH (30 OZ),옥수수 전분 (30 OZ),CS,101,640,90,ASSI,25X30 OZ,Dry,25
02032D,POTATO STARCH (30 OZ),감자가루 (30 OZ),CS,129,640,90,ASSI,25X30 OZ,Dry,25
02035K,ROASTED GRAINS POWDER,20곡 미숫가루,CS,0,500,90,NEULPUREUN,12X2.2 LB,Dry,12
02041D,MUNG BEAN STARCH (55#),청포묵가루 벌크 (55#),BG,177,640,90,UNBRANDED,55 LB,Dry,1
02042K,MUNG BEAN STARCH (8 OZ),청포묵가루 (8 OZ),BX,56,640,90,ASSI,2X30X8 OZ,Dry,30
02045K,MUNG BEAN STARCH (5#),청포묵가루 (5#),CS,155,640,90,ASSI,8X5 LB,Dry,8
02048C,ACORN STARCH (CHINA_20#),도토리묵가루 벌크 (20#),CS,139,460,90,ASSI,20 LB,Dry,1
02051K,MUNG BEAN STARCH (1#),청포묵가루 (1#),BX,88,640,90,ASSI,2X25X1 LB,Dry,25
02054K,STRONG WHEAT FLOUR (5.5#),강력 밀가루 (5.5#),CS,33,280,90,GOMPYO,6X5.5 LB,Dry,6
02055K,GLUTINOUS WHEAT FLOUR (5.5#),찰진 햇 밀가루 (5.5#),CS,34,280,90,GOMPYO,6X5.5 LB,Dry,6
02056D,MALT POWDER (14 OZ),엿기름 가루 (14 OZ),CS,54,280,90,ASSI,24X14 OZ,Dry,24
02057K,ALL PURPOSE WHEAT FLOUR (5.5#),중력 밀가루 (5.5#),CS,25,280,90,GOMPYO,6X5.5 LB,Dry,6
02058K,ALL PURPOSE WHEAT FLOUR (2.2#),중력 밀가루 (2.2#),CS,19,280,90,GOMPYO,10X2.2 LB,Dry,10
02059K,ALL PURPOSE WHEAT FLOUR (KOREA_22#),중력 밀가루 벌크 (22#),BG,16,280,90,GOMPYO,22 LB,Dry,1
02060K,ALL PURPOSE WHEAT FLOUR (5.5#),다목적용 밀가루 (5.5#),CS,20,280,90,ASSI,6X5.5 LB,Dry,6
02064K,ENZYME (16OZ),누룩 (16OZ),CS,0,325,90,ASSI,30X16 OZ,Dry,30
02065K,ROASTED SOY POWDER (1#),볶은 콩가루 (1#),CS,95,330,90,ASSI,25X1 LB,Dry,25
02066K,SOY BEAN POWDER (1#),생콩가루 (1#),CS,76,280,90,ASSI,30X1 LB,Dry,30
02067D,CORN STARCH,옥수수 전분,CS,53,1050,90,ARGO,24X1 LB,Dry,24
02068K,PERILLA POWDER,들깨가루,CS,54,280,90,CHEONGEUN,20X7 OZ,Dry,20
02069K,FERMENTED SOY BEAN POWDER (MEJU GARU),메주가루,CS,71,460,90,ASSI,30X1 LB,Dry,30
02071D,MALT POWDER (4 LB),엿기름 가루 (4 LB),CS,74,280,90,ASSI,10X4 LB,Dry,10
02075K,PERILLA POWDER,들깨가루,BX,112,460,90,BAEDAEGAM,2X20X7.05 OZ,Dry,20
02081K,KOREAN STUFFED PANCAKE MIX,찰 호떡 믹스,CS,44,280,90,QONE,10X1.2 LB,Dry,10
02083K,KOREAN PUMPKIN STUFFED PANCAKE MIX,단호박 호떡 믹스,CS,36,280,90,QONE,10X1.2 LB,Dry,10
02084K,KOREAN STUFFED BREAD MIX,깨찰빵 믹스,CS,46,280,90,QONE,10X1.1 LB,Dry,10
02087K,KOREAN PANCAKE MIX,참 부침가루,CS,0,325,90,QONE,10X2.2 LB,Dry,10
02088K,TEMPURA BATTER MIX,참 튀김가루,CS,22,280,90,QONE,10X2.2 LB,Dry,10
02089K,KOREAN BLACK RICE & HONEY STUFFED PANCAKE MX,흑미 꿀호떡믹스,CS,0,325,90,QONE,10X14.1 OZ,Dry,10
02096D,POTATO STARCH (4#),감자가루 (4#),CS,95,640,90,ASSI,10X4 LB,Dry,10
02123K,BREAD CRUMBS (S),빵가루 (S),CS,24,280,90,ASSI,24X7 OZ,Dry,24
02124K,BREAD CRUMBS (L),빵가루 (L),CS,39,280,90,ASSI,10X2.2 LB,Dry,10
02125K,BREAD CRUMBS (KOREA_22#),빵가루 벌크 (22#),CS,30,280,90,ASSI,22 LB,Dry,1
02126K,BREAD CRUMBS (RED PANKO_L),레드 판꼬 (빵가루_L),CS,22,280,90,HANA,12X1.1 LB,Dry,12
02148K,PREMIUM TEMPURA BATTER MIX,프리미엄 튀김가루,CS,26,460,90,ASSI,10X2 LB,Dry,10
02149K,PREMIUM VEGETABLE PANCAKE MIX,프리미엄 부침가루,CS,24,460,90,ASSI,10X2 LB,Dry,10
02150K,PREMIUM TEMPURA BATTER MIX,프리미엄 바삭바삭 튀김가루,CS,32,460,90,YISSINE,10X2.2 LB,Dry,10
02151K,PREMIUM VEGETABLE PANCAKE MIX,프리미엄 바삭바삭 부침가루,CS,29,460,90,YISSINE,10X2.2 LB,Dry,10
02153K,TEMPURA BATTER MIX (S),튀김가루 (S),CS,25,280,90,GOMPYO,20X1.1 LB,Dry,20
02155K,TEMPURA BATTER MIX (L),튀김가루 (L),CS,22,280,90,GOMPYO,10X2.2 LB,Dry,10
02156D,COARSE MALT POWDER (14 OZ),거친 엿기름 가루 (14 OZ),CS,47,280,90,ASSI,24X14 OZ,Dry,24
02161K,MUGWORT POWDER,쑥가루,BX,62,460,90,ASSI,2X25X3 OZ,Dry,25
02163D,ACORN STARCH (14 OZ),도토리묵 가루 (14 OZ),CS,156,280,90,ASSI,24X14 OZ,Dry,24
02164D,ACORN STARCH (8 OZ),도토리묵 가루 (8 OZ),CS,102,280,90,ASSI,24X8 OZ,Dry,24
02168D,RICE FLOUR (4#),쌀가루 (4 LB),CS,66,650,90,ASSI,10X4 LB,Dry,10
02170D,SWEET RICE FLOUR,찹쌀가루,CS,71,640,90,ASSI,10X4 LB,Dry,10
02174D,MUNG BEAN STARCH (14 OZ),청포묵가루 (14 OZ),CS,61,640,90,ASSI,20X14 OZ,Dry,20
02179D,RICE FLOUR,쌀가루 (4.4 LB),CS,65,460,90,ASSI,10X4.4 LB,Dry,10
02192K,BROWN SUGAR,흑설탕,CS,44,640,90,QONE,16X2.2 LB,Dry,16
02196K,BROWN SUGAR (ZIPPER),갈색 설탕 (지퍼),CS,65,640,90,QONE,20X2.2 LB,Dry,20
02197K,BROWN SUGAR,흑설탕,CS,53,640,90,QONE,20X2.2 LB,Dry,20
02198K,SUGAR,하얀 설탕,CS,64,640,90,QONE,20X2.2 LB,Dry,20
02200T,PALM SUGAR,팜슈가,CS,43,640,90,COCK,24X16 OZ,Dry,24
02204K,CONCENTRATED SWEETENER,뉴슈가,BX,20,640,90,POONGJEON,10X40X2.11 OZ,Dry,40
02207K,BLACK BEAN SAUCE MIX (JJAJANG_S),짜장분말 (S),BX,43,640,90,OTOKI,4X10X3.52 OZ,Dry,10
02208K,BLACK BEAN SAUCE MIX (JJAJANG_L),짜장분말 (L),CS,143,640,90,OTOKI,10X2.2 LB,Dry,10
02210P,ORGANIC COCO SUGAR,유기농 코코넛 설탕,CS,77,640,90,COCONATURA,24X8.81 OZ,Dry,24
02211T,DUMPLING FLOUR,덤플링가루,CS,29,640,90,VINHTHUAN,20X14.1 OZ,Dry,20
02214T,RICE FLOUR FOR CAKE,라이스 케익가루,CS,32,640,90,VINHTHUAN,20X14.1 OZ,Dry,20
02222T,FRIED BANANA FLOUR,후라이드 바나나가루,CS,41,640,90,VINHTHUAN,30X12 OZ,Dry,30
02223D,MAGIC CHICKEN POWDER(MILD),매직 치킨 파우더 (순한맛),CS,0,460,90,HIMALL,20X4.23 OZ,Dry,20
02224D,MAGIC CHICKEN POWDER(SPICY),매직 치킨 파우더 (매운맛),CS,0,460,90,HIMALL,20X4.23 OZ,Dry,20
02225D,MAGIC CHICKEN POWDER(CURRY),매직 치킨 파우더 (카레맛),CS,0,460,90,HIMALL,20X4.23 OZ,Dry,20
02226D,MAGIC CHICKEN POWDER(GARLIC),매직 치킨 파우더 (마늘맛),CS,0,460,90,HIMALL,20X4.23 OZ,Dry,20
02227D,HOT DOG MIX (33#),핫도그 가루 (33#),BG,37,285,90,GOMPYO,33 LB,Dry,1
02228K,CHICKEN BREADER MIX  (KOREA_22#),치킨 전용 튀김가루 (KOREA_22#),CS,0,325,90,GOMPYO,22 LB,Dry,1
02229K,GARLIC KOREAN PANCAKE MIX,갈릭 부침가루,CS,27,285,90,GOMPYO,10X2.2LB,Dry,10
02230K,LESS SODIUM FRYING MIX,나트륨을 줄인 튀김가루,CS,27,285,90,GOMPYO,20X1.1 LB,Dry,20
02231K,LESS SODIUM KOREAN PANCAKE MIX,나트륨을 줄인 부침가루,CS,27,285,90,GOMPYO,20X1.1 LB,Dry,20
02303K,GARLIC FRIED MIX,갈릭 튀김가루,CS,27,285,90,GOMPYO,10X2.2LB,Dry,10
03005K,SOY SAUCE FOR SOUP (1.8L),국 간장 (1.8L),CS,34,640,90,ASSI,8X1.8 L,Dry,8
03008K,SOY SAUCE (1.8L),진 간장 (1.8L),CS,38,640,90,ASSI,8X1.8 L,Dry,8
03012K,SOY SAUCE W/ KELP (1.8L),다시마 간장 (1.8L),CS,39,640,90,ASSI,8X1.8 L,Dry,8
03016K,SOY SAUCE JIN GOLD S (1.7L),진 간장 금 S (1.7L),CS,33,640,90,SEMPIO,6X1.7 L,Dry,6
03018K,SOY SAUCE JIN GOLD-S (860ML),진 간장 금 S (860ML),CS,44,640,90,SEMPIO,12X29.08 OZ,Dry,12
03020K,NATURALLY BREWED SOY SAUCE LIGHT (860ML),맛있게 염도 낮은 양조간장 (860ML),CS,62,640,90,SEMPIO,12X29.08 OZ,Dry,12
03024K,SOY SAUCE SUN (900ML),순 간장 (900ML),CS,63,640,90,MONGGO,15X30.4 OZ,Dry,15
03026K,BREWED SOY SAUCE PREMIUM 501 (860ML),양조 간장 501 (860ML),CS,69,640,90,SEMPIO,12X29 OZ,Dry,12
03027K,NATURALLY BREWED SOY SAUCE 501 (1.7L),양조 간장 501 (1.7L),CS,52,640,90,SEMPIO,6X1.7 L,Dry,6
03028K,SOY SAUCE FOR SOUP (860ML),국 간장 (860ML),CS,60,640,90,SEMPIO,12X29.08 OZ,Dry,12
03030K,NATURALLY BREWED SOY SAUCE (5GAL),양조간장 (5GAL),CS,46,640,90,SEMPIO,5 GAL,Dry,1
03034K,SOY SAUCE JIN S (860ML),진 간장 S (860ML),CS,57,640,90,SEMPIO,12X29 OZ,Dry,12
03035K,SOY SAUCE JIN S (1.7L),진 간장 S (1.7L),CS,36,640,90,SEMPIO,6X1.7 L,Dry,6
03040J,USUKUCHI SOY SAUCE (JAPAN_4.75GAL_23231),우수구치 간장,CS,68,460,90,YAMASA,4.75 GAL,Dry,1
03041J,SOY SAUCE (5GAL_53030),간장 (5GAL),CS,48,640,90,YAMASA,5 GAL,Dry,1
03051J,SOY SAUCE (PORTION PACK),일회용 간장,CS,21,690,90,YAMASA,500X0.19 OZ,Dry,500
03055J,LESS SALT SOY SAUCE (5GAL_63250),저염 간장 (5GAL),CS,68,690,90,YAMASA,5 GAL,Dry,1
03061D,SOY SAUCE (5GAL),간장 (5GAL),CS,48,690,90,KIKKOMAN,5 GAL,Dry,1
03062D,SOY SAUCE (PL BTL_1GAL_RED LABEL),간장 (PL BTL_1GAL RED LABEL),CS,69,690,90,KIKKOMAN,4X1 GAL,Dry,4
03065D,SOY SAUCE (00003_00095),간장,CS,68,1050,90,KIKKOMAN,12X20 OZ,Dry,12
03066D,SOY SAUCE (01507),간장,CS,43,690,90,KIKKOMAN,12X10 OZ,Dry,12
03068D,SOY SAUCE W/DISPENSER (00280),식탁용 간장,CS,36,690,90,KIKKOMAN,12X5 OZ,Dry,12
03088D,WHITE MISO SOUP (03063),시로 미소 스프,CS,59,330,90,KIKKOMAN,2X12X1.05 OZ,Dry,2
03090D,ORGANIC TAMARI SOY SAUCE (GF),유기농 타마리 간장 (GLUTEN FREE),CS,48,690,90,SANJ,6X20 OZ,Dry,6
03099C,COOKING WINE (YELLOW_ 1 GAL),쿠킹 와인 (YELLOW_ 1 GAL),CS,24,1000,90,EMPEROR,4X1 GAL,Dry,4
03100K,COOKING WINE,요리주,CS,26,1000,90,ASSI,12X20 OZ,Dry,12
03101C,WHITE COOKING WINE (08009),쿠킹 와인 (WHITE),CS,52,280,90,OM,12X20 OZ,Dry,12
03102C,YELLOW COOKING WINE (08008),쿠킹 와인 (YELLOW),CS,59,280,90,OM,12X20 OZ,Dry,12
03103C,COOKING WINE (YELLOW_20 OZ),쿠킹 와인 (YELLOW_20 OZ),CS,28,1000,90,EMPEROR,12X20 OZ,Dry,12
03104C,COOKING WINE (WHITE_25.4 OZ),쿠킹 와인 (WHITE_25.4 OZ),CS,29,1000,90,EMPEROR,12X25.3 OZ,Dry,12
03105C,COOKING WINE (WHITE_3L),쿠킹 와인 (WHITE_3L),CS,27,640,90,EMPEROR,4X3 L,Dry,4
03110D,COOKING WINE (AJI MIRIN_33.8 OZ_06900),아지 미린 (33.8 OZ),CS,84,690,90,KIKKOMAN,12X33.8 OZ,Dry,12
03111D,COOKING WINE (AJI MIRIN_60 OZ_02137),아지 미린 (60 OZ),CS,74,690,90,KIKKOMAN,6X60 OZ,Dry,6
03112D,COOKING WINE (AJI MIRIN_17 OZ_26337),아지 미린 (17 OZ),CS,51,690,90,KIKKOMAN,12X17 OZ,Dry,12
03113D,COOKING WINE (AJI MIRIN_10 OZ_02140),아지 미린 (10 OZ),CS,36,690,90,KIKKOMAN,12X10 OZ,Dry,12
03119K,COOKING WINE (XL),미림 (XL),CS,42,460,90,LOTTE,6X1.8 L,Dry,6
03121J,PORK CUTLET SAUCE (DONKATSU_1.8L),돈까쓰 소스 (1.8L),CS,56,640,90,BULLDOG,6X1.8 L,Dry,6
03122J,PORK CUTLET SAUCE (DONKATSU_S),돈까쓰 소스 (S),CS,78,640,90,BULLDOG,30X10.1 OZ,Dry,30
03123J,PORK CUTLET SAUCE (DONKATSU_L),돈까쓰 소스 (L),CS,74,640,90,BULLDOG,20X16.9 OZ,Dry,20
03127P,BANANA SAUCE (S_ORG.),바나나 소스 (S_오리지널),CS,23,640,90,JUFRAN,24X12 OZ,Dry,24
03130P,ALL PURPOSE SAUCE (S_ORG.),다용도 소스 (S_오리지널),CS,31,640,90,MANGTOMAS,24X11.64 OZ,Dry,24
03132P,BANANA SAUCE (L_ORG.),바나나 소스 (L_오리지널),CS,33,640,90,JUFRAN,18X19.76 OZ,Dry,18
03133P,BANANA SAUCE (L_HOT),바나나 소스 (L_매운맛),CS,32,640,90,JUFRAN,18X19.76 OZ,Dry,18
03135P,ALL PURPOSE SAUCE (L_ORG.),다용도 소스 (S_오리지널),CS,41,640,90,MANGTOMAS,18X19.4 OZ,Dry,18
03139P,BANANA SAUCE (ORG.),바나나 소스 (오리지널),CS,23,640,90,UFC,24X11.29 OZ,Dry,24
03143K,KOREAN STYLE SOY SAUCE (930ML),맑은 조선 간장 (930ML),CS,73,640,90,SEMPIO,12X31.4 OZ,Dry,12
03145K,SOY SAUCE JIN GOLD F3 (860ML),진 간장 금F3 (860ML),CS,77,640,90,SEMPIO,12X29 OZ,Dry,12
03146N,SOY SAUCE JIN GOLD F3 (1.8 L),진간장 금 F3 (1.8L),CS,0,690,90,SEMPIO,6X1.7 L,Dry,6
03150J,PORK CUTLET SAUCE (DONKATSU_1.8L),돈까스 소스 (1.8L),CS,40,280,90,KABUTO,6X1.8 L,Dry,6
03151D,NATURALLY BREWED SOY SAUCE (1.89L_00150),간장 (1.89L),CS,60,690,90,KIKKOMAN,6X1.89 L,Dry,6
03152D,LESS SODIUM SOY SAUCE (1.89L_00130),저염 간장 (1.89L),CS,72,640,90,KIKKOMAN,6X1.89 L,Dry,6
03153D,LESS SODIUM SOY SAUCE (20 OZ_00110),저염 간장 (20 OZ),CS,81,640,90,KIKKOMAN,12X20 OZ,Dry,12
03156C,CHAR SIU SAUCE (B.B.Q. SAUCE),차슈 소스 (바베큐 소스),CS,46,1000,90,LKK,12X14 OZ,Dry,12
03157C,SRIRACHA CHILI SAUCE,스리라차 칠리 소스,CS,0,690,90,LKK,12X18 OZ,Dry,12
03159C,PANDA OYSTER SAUCE (PL_5#),팬다 오이스터 소스 (PL_5#),CS,51,510,90,LKK,6X5 LB,Dry,6
03162C,SHRIMP SAUCE (FINELY GROUND_L),새우 소스 (L),CS,87,1000,90,LKK,12X12 OZ,Dry,12
03167C,PANDA OYSTER SAUCE (CAN_5#),팬다 오이스터 소스 (CAN_5#),CS,50,690,90,LKK,6X5 LB,Dry,6
03169C,PANDA OYSTER SAUCE (32 OZ),팬다 오이스터 소스 (32 OZ),CS,61,690,90,LKK,12X32 OZ,Dry,12
03170C,PANDA OYSTER SAUCE (18 OZ),팬다 오이스터 소스 (18 OZ),CS,67,690,90,LKK,24X18 OZ,Dry,24
03172C,PANDA OYSTER SAUCE (9 OZ),팬다 오이스터 소스 (9 OZ),CS,30,690,90,LKK,12X9 OZ,Dry,12
03180C,KUNG PAO STIR-FRY SAUCE,쿵파오 스터후라이 소스,CS,56,640,90,LKK,12X18.5 OZ,Dry,12
03181C,PREMIUM OYSTER SAUCE,프리미엄 오이스터 소스,CS,138,1050,90,LKK,24X18 OZ,Dry,24
03187C,PANDA OYSTER SAUCE (GREEN_NO MSG ADDED_18 OZ),팬다 오이스터 소스 (그린_MSG 무첨가_18 OZ),CS,73,1050,90,LKK,24X18 OZ,Dry,24
03190C,VINEGAR & SOY SAUCE,식초 & 간장,CS,25,280,90,DATUPUTI,6X2X33.81 OZ,Dry,6
03195K,SPICY SOY SAUCE (SEASONING & STIR-FRY),향신 간장 (조림_찜_볶음용),CS,54,460,90,SEMPIO,12X15.8 OZ,Dry,12
03198C,SEASONING SOY SAUCE,씨즈닝 소이 소스,CS,29,280,90,LKK,12X16.9 OZ,Dry,12
03202C,SPICY BEAN SAUCE (MA PO SAUCE),스파이시 빈 소스 (마파 소스),CS,46,640,90,LKK,12X8 OZ,Dry,12
03221C,SRIRACHA MAYONNAISE,스리라차 마요네즈,CS,61,330,90,LKK,12X15 OZ,Dry,12
03223C,HOISIN SAUCE (5#),호이신 소스 (5#),CS,49,1050,90,LKK,6X5 LB,Dry,6
03227P,TOYOMANSI SOY SAUCE,토요만시 간장,CS,30,640,90,DATUPUTI,12X25.36 OZ,Dry,12
03228C,CHILI BEAN SAUCE (L),칠리 빈 소스 (두반장_ L),CS,50,1000,90,LKK,12X13 OZ,Dry,12
03230C,HOISIN SAUCE (20 OZ),호이신 소스 (20 OZ),CS,39,690,90,LKK,12X20 OZ,Dry,12
03231C,BLACK BEAN GARLIC SAUCE,블랙 빈 갈릭 소스,CS,54,1000,90,LKK,12X13 OZ,Dry,12
03232C,CHILI BEAN SAUCE (S),칠리 빈 소스 (두반장_ S),CS,38,640,90,LKK,12X8 OZ,Dry,12
03233C,HOISIN SAUCE (36 OZ),호이신 소스 (36 OZ),CS,58,690,90,LKK,12X36 OZ,Dry,12
03237D,VEGETARIAN HOISIN SAUCE,베지테리언 호이신 소스,CS,39,1050,90,LKK,12X20 OZ,Dry,12
03241K,CARAMEL SYRUP,약식 원료 (카라멜),CS,52,640,90,ASSI,24X6.4 OZ,Dry,24
03242D,LESS SODIUM SOY SAUCE,저염 간장,CS,29,690,90,KABUTO,12X10 OZ,Dry,12
03244D,STIR-FRY SAUCE,볶음 소스,CS,28,690,90,KABUTO,12X10 OZ,Dry,12
03249P,SOY SAUCE,간장,CS,27,280,90,DATUPUTI,12X1 L,Dry,12
03250C,CHIU CHOW STYLE CHILI OIL,차오저우 칠리 오일,CS,47,640,90,LKK,12X7.2 OZ,Dry,12
03256T,THIN SOY SAUCE D (RED LABEL),씬 소이소스 D (레드 라벨),CS,23,640,90,HEALTHYBOY,12X23.5 OZ,Dry,12
03257T,BLACK SOY SAUCE A (BROWN LABEL),블랙 소이소스 A  (브라운 라벨),CS,37,640,90,HEALTHYBOY,12X34 OZ,Dry,12
03260D,FISH SAUCE,피쉬 소스,CS,187,1000,90,PHUQUOC,12X24 OZ,Dry,12
03261D,TAMARI SOY SAUCE (GLUTEN FREE),타마리 간장 (GLUTEN FREE),CS,17,690,90,SANJ,6X10 OZ,Dry,6
03262D,TAMARI SOY SAUCE (GLUTEN FREE_LITE SODIUM),타마리 간장 (GLUTEN FREE_저염),CS,24,690,90,SANJ,6X10 OZ,Dry,6
03263D,ORGANIC TAMARI SOY SAUCE (GLUTEN FREE),유기농 타마리 간장 (GLUTEN FREE),CS,31,690,90,SANJ,6X10 OZ,Dry,6
03264D,ORGANIC TAMARI SOY SAUCE (GLUT FREE_LITE SOD),유기농 타마리 간장 (GLUTEN FREE_저염),CS,38,690,90,SANJ,6X10 OZ,Dry,6
03265D,TAMARI SOY SAUCE (GLUT FREE_50PER LITE SODIUM),타마리 간장 (GLUTEN FREE_50PER저염),CS,26,690,90,SANJ,6X10 OZ,Dry,6
03266D,THAI PEANUT SAUCE (GLUTEN FREE),타이 피넛 소스 (GLUTEN FREE),CS,23,330,90,SANJ,6X10 OZ,Dry,6
03267D,TERIYAKI SAUCE (GLUTEN FREE),테리야키 소스 (GLUTEN FREE),CS,22,330,90,SANJ,6X10 OZ,Dry,6
03268D,ORGANIC SOY SAUCE,유기농 간장,CS,23,690,90,SANJ,6X10 OZ,Dry,6
03269D,TAMARI SOY SAUCE (GLUTEN FREE),타마리 간장 (GLUTEN FREE),CS,29,690,90,SANJ,6X20 OZ,Dry,6
03272P,OYSTER SAUCE (27 OZ),오이스터 소스 (27 OZ),CS,107,640,90,MAMASITAS,12X27 OZ,Dry,12
03274P,BARBECUE MARINADE (23 OZ),바베큐 마리네이드 (23 OZ),CS,95,640,90,MAMASITAS,12X23 OZ,Dry,12
03284T,MUSHROOM SOY SAUCE,머쉬룸 소이소스,CS,40,640,90,HEALTHYBOY,12X23.5 OZ,Dry,12
03287T,THIN SOY SAUCE A (YELLOW LABEL),씬 소이소스 A (옐로우 라벨),CS,39,640,90,HEALTHYBOY,12X23.5 OZ,Dry,12
03293T,FISH SAUCE (M),피쉬 소스 (M),CS,30,640,90,SQUID,12X25 OZ,Dry,12
03294T,FISH SAUCE (M),피쉬 소스 (M),CS,104,1000,90,THREECRABS,12X24 OZ,Dry,12
03295T,FISH SAUCE (S),피쉬 소스 (S),CS,18,640,90,SQUID,12X10 OZ,Dry,12
03297C,PREMIUM DARK SOY SAUCE,프리미엄 다크 소이 소스,CS,37,640,90,LKK,12X16.9 OZ,Dry,12
03298C,PREMIUM SOY SAUCE,프리미엄 소이 소스,CS,40,640,90,LKK,12X16.9 OZ,Dry,12
03299C,SEASONED SOY SAUCE FOR SEAFOOD,해물용 씨즌드 소이 소스,CS,30,640,90,LKK,12X14 OZ,Dry,12
03300T,SEASONING SAUCE (33.8 OZ_GREEN CAP),씨즌잉 소스 (33.8 OZ_그린캡),CS,36,1000,90,GOLDENMOUNTAIN,12X33.8 OZ,Dry,12
03301T,SEASONING SAUCE (20 OZ_GREEN CAP),씨즌잉 소스 (20 OZ_그린캡),CS,26,1000,90,GOLDENMOUNTAIN,12X20 OZ,Dry,12
03304C,SOY SAUCE (59 OZ),소이 소스 (59 OZ),CS,25,400,90,LKK,6X59 OZ,Dry,6
03308C,BLACK VINEGAR,흑식초,CS,29,1000,90,KOONCHUN,12X16.9 OZ,Dry,12
03309C,MUSHROOM DARK SOY SAUCE (16.9 OZ),머쉬룸 다크 소이 소스 (16.9 OZ),CS,31,640,90,LKK,12X16.9 OZ,Dry,12
03310P,SOY SAUCE (1 GAL),소이 소스,CS,31,640,90,SILVERSWAN,4X1 GAL,Dry,4
03311P,SOY SAUCE (1L),소이 소스 (1L),CS,30,640,90,LAURIAT,12X1 L,Dry,12
03312C,SEASONING SOY SAUCE (S),씨즌잉 소스 (S),CS,100,640,90,MAGGI,24X6.7 OZ,Dry,24
03313C,SEASONING SOY SAUCE (L),씨즌잉 소스 (L),CS,56,640,90,MAGGI,6X27 OZ,Dry,6
03314P,SOY SAUCE(1L),소이 소스(1L),CS,29,640,90,SILVERSWAN,12X1 L,Dry,12
03315T,FISH SAUCE (S),피쉬 소스 (S),CS,124,1000,90,THREECRABS,24X10.14 OZ,Dry,24
03316T,FISH SAUCE (L),피쉬 소스 (L),CS,121,640,90,THREECRABS,3X152 OZ,Dry,3
03317T,SOYBEAN PASTE A,소이빈 페이스트 A,CS,25,640,90,HEALTHYBOY,12X28 OZ,Dry,12
03319T,SWEET SOY SAUCE (WHITE LABEL),스윗 소이소스 (화이트 라벨),CS,38,640,90,HEALTHYBOY,12X34.22 OZ,Dry,12
03322C,SEASONING SOY SAUCE (EUROPE),씨즌잉 소스 (유럽),CS,112,640,90,MAGGI,6X27 OZ,Dry,6
03323C,SOY SAUCE (16.9 OZ),소이 소스 (16.9 OZ),CS,27,640,90,LKK,12X16.9 OZ,Dry,12
03327T,PREMIUM ANCHOVY SAUCE (BLUE),프리미엄 멸치 액젓,CS,41,640,90,MEGACHEF,12X23.6 OZ,Dry,12
03328T,PREMIUM FISH SAUCE (BROWN),프리미엄 피쉬 소스,CS,39,640,90,MEGACHEF,12X23.6 OZ,Dry,12
03329T,PREMIUM OYSTER FLAVORED SAUCE,프리미엄 오이스터 소스,CS,48,640,90,MEGACHEF,12X21.2 OZ,Dry,12
03330C,CHILI GARLIC SAUCE (L),칠리 갈릭 소스 (L),CS,52,690,90,HUYFONG,3X8.5 LB,Dry,3
03331C,CHILI GARLIC SAUCE (M),칠리 갈릭 소스 (M),CS,46,690,90,HUYFONG,12X18 OZ,Dry,12
03332C,CHILI GARLIC SAUCE (S),칠리 갈릭 소스 (S),CS,48,690,90,HUYFONG,24X8 OZ,Dry,24
03340C,RED CHILI HOT OIL (6 OZ),레드 칠리 핫오일 (6 OZ),CS,48,640,90,EMPEROR,20X6 OZ,Dry,20
03343C,SICHUAN STYLE BROAD BEAN SAUCE,사천식 두반장,CS,59,460,90,LKK,12X12.3 OZ,Dry,12
03346K,SOY SAUCE FOR SOUP,국간장,CS,29,640,90,ASSI,12X33.8 OZ,Dry,12
03348K,SOY SAUCE WITH KELP,다시마 간장,CS,25,640,90,ASSI,12X33.8 OZ,Dry,12
03349K,SOY SAUCE NATURALLY BREWED,양조간장,CS,34,640,90,ASSI,12X33.8 OZ,Dry,12
03350K,SOY SAUCE,진간장,CS,31,640,90,ASSI,12X33.8 OZ,Dry,12
03351K,SOY SAUCE LESS SODIUM,저염간장,CS,30,640,90,ASSI,12X33.8 OZ,Dry,12
03352C,SOY SAUCE (PORTION PACK),일회용 간장,CS,16,280,90,ASSI,500X0.2 OZ,Dry,500
03353K,LESS SODIUM SOY SAUCE,저염간장,CS,31,640,90,ASSI,12X28.4 OZ,Dry,12
03354K,SOY SAUCE W/KELP,다시마 간장,CS,33,640,90,ASSI,12X28.4 OZ,Dry,12
03361K,SOY SAUCE SUN (1GAL),순 간장 (1GAL),CS,40,640,90,MONGGO,3X1 GAL,Dry,3
03362K,SOY SAUCE CHAM (1.5L),참 간장 (1.5L),CS,71,640,90,MONGGO,8X1.5 L,Dry,8
03363K,SOY SAUCE SUN (1.5L),순 간장 (1.5L),CS,36,640,90,MONGGO,6X1.5 L,Dry,6
03364K,SOY SAUCE GUK (900ML),국 간장 (900ML),CS,42,640,90,MONGGO,12X30.4 OZ,Dry,12
03365K,SOY SAUCE SUN (900ML),순 간장 (900ML),CS,48,640,90,MONGGO,12X30.4 OZ,Dry,12
03366K,SOY SAUCE CHAM (1.5L),참 간장 (1.5L),CS,43,640,90,MONGGO,6X50.7 OZ,Dry,6
03370K,COOKING WINE (S),미림 (S),CS,48,460,90,LOTTE,20X16.9 OZ,Dry,20
03371K,COOKING WINE (L),미림 (L),CS,49,460,90,LOTTE,12X30.4 OZ,Dry,12
03373C,PANDA OYSTER FLAVORED SAUCE (LS),팬다 저염 오이스터 소스,CS,30,510,90,LKK,12X8.8 OZ,Dry,12
03375C,PREMIUM DARK SOY SAUCE,프리미엄 노추,CS,35,460,90,LKK,6X59 OZ,Dry,6
03376C,PREMIUM SOY SAUCE,프리미엄 양조 간장,CS,36,460,90,LKK,6X59 OZ,Dry,6
03377C,PANDA OYSTER SAUCE (18OZ),판다 오이스터 소스 (18OZ),CS,36,1000,90,LKK,12X18 OZ,Dry,12
03378C,SEASONED SOY SAUCE FOR SEAFOOD,해물 시즈닝 간장,CS,43,640,90,LKK,12X14 OZ,Dry,12
03379C,SAUCE FOR MABO TOFU,마파 두부 소스(간편식),CS,61,460,90,LKK,3X12X2.5 OZ,Dry,36
03380C,SAUCE FOR SICHUAN STYLE MABO TOFU,사천식 마파 두부 소스(간편식),CS,61,460,90,LKK,3X12X2.5 OZ,Dry,36
03383T,SRIRACHA CHILI SAUCE (28 OZ),스리라차 칠리 소스 (28 OZ),CS,47,690,90,HUYFONG,12X28 OZ,Dry,12
03384T,SRIRACHA CHILI SAUCE (17 OZ),스리라차 칠리 소스 (17 OZ),CS,44,690,90,HUYFONG,12X17 OZ,Dry,12
03385C,SAMBAL OELEK (S),삼발 오렉 (S),CS,41,690,90,HUYFONG,24X8 OZ,Dry,24
03386C,SRIRACHA CHILI SAUCE (9 OZ),스리라차 칠리 소스 (9 OZ),CS,43,690,90,HUYFONG,24X9 OZ,Dry,24
03387C,SRIRACHA CHILI SAUCE (8.5#),스리라차 칠리 소스 (8.5#),CS,49,690,90,HUYFONG,3X8.5 LB,Dry,3
03388C,SAMBAL OELEK (M),삼발 오렉 (M),CS,40,690,90,HUYFONG,12X18 OZ,Dry,12
03389C,SAMBAL OELEK (L),삼발 오렉 (L),CS,49,690,90,HUYFONG,3X8.5 LB,Dry,3
03390D,HOT CHILI SAUCE,핫 칠리 소스,CS,94,460,90,LAOGANMA,24X9.88 OZ,Dry,24
03394D,CHILI OIL WITH  FERMENTED SOYBEANS,칠리 오일 위드 펄멘티드 소이빈,CS,96,460,90,LAOGANMA,24X9.88 OZ,Dry,24
03395D,SPICY CHILI CRISP,스파이시 칠리 크리스프,CS,96,460,90,LAOGANMA,24X7.41 OZ,Dry,24
03396C,SRIRACHA CHILI SAUCE,스리라차 칠리소스,CS,0,716,90,HUYFONG,12X9 OZ,Dry,12
03396D,FRIED CHILI IN OIL,후라이드 칠리 인 오일,CS,96,460,90,LAOGANMA,24X7.41 OZ,Dry,24
03397C,SESAME CHILI HOT OIL (6 OZ),세서미 칠리 핫오일 (6 OZ),CS,56,640,90,EMPEROR,20X6 OZ,Dry,20
03398C,RED CHILI HOT OIL (12 OZ),매운 고추씨 기름 (12 OZ),CS,43,640,90,ASSI,12X12 OZ,Dry,12
03399K,BLACK BEAN PASTE (KOREA_40#),춘장 (한국산_40#),CS,56,460,90,LION,40 LB,Dry,1
03404K,HOT PEPPER PASTE (2.2#),매운 고추장 (2.2#),CS,123,460,90,CHUNGJUNGONE,12X2.2 LB,Dry,12
03405K,HOT PEPPER PASTE (1.1#),태양초 순창 고추장 (1.1#),CS,57,460,90,JONGGAVISION,20X1.1 LB,Dry,20
03406K,HOT PEPPER PASTE (2.2#),태양초 순창 고추장 (2.2#),CS,44,460,90,JONGGAVISION,8X2.2 LB,Dry,8
03416K,HOT PEPPER PASTE (LESS HOT_1.1#),순창 덜 매운 고추장 (1.1#),CS,124,460,90,CHUNGJUNGONE,20X1.1 LB,Dry,20
03418K,BULDAK HOT CHICKEN FLAVOR SAUCE,불닭 소스,CS,91,280,90,SAMYANG,24X7.05 OZ,Dry,24
03419K,BULDAK HOT CHICKEN FLAVOR SAUCE(EXTREME SPICY),핵 불닭 소스,CS,92,280,90,SAMYANG,24X7.05 OZ,Dry,24
03422K,BROWN RICE HOT PEPPER PASTE (2.2#),현미 태양초 찰 고추장 (2.2#),CS,108,460,90,CHUNGJUNGONE,12X2.2 LB,Dry,12
03423K,BROWN RICE HOT PEPPER PASTE (6.6#),현미 태양초 찰 고추장 (6.6#),CS,83,460,90,CHUNGJUNGONE,4X6.6 LB,Dry,4
03427K,HOT PEPPER PASTE (LESS HOT_2.2#),순창 덜 매운 고추장 (2.2#),CS,125,460,90,CHUNGJUNGONE,12X2.2 LB,Dry,12
03428K,NO MSG HOT PEPPER PASTE (6.6#),NO MSG 햇 고추장 (6.6#),CS,83,460,90,YISSINE,6X6.6 LB,Dry,6
03430K,HOT PEPPER PASTE FOR BIBIMBAP,비빔 고추장,CS,50,460,90,ASSI,20X10.58 OZ,Dry,20
03431K,HOT PEPPER PASTE GOCHUJANG (2.2#),태양초 찰고추장 (2.2#),CS,0,500,90,ASSI,12X2.2 LB,Dry,12
03432K,HOT PEPPER PASTE (1.1#_JAR),찹쌀 고추장 (1.1#_JAR),CS,61,460,90,ASSI,15X1.1 LB,Dry,15
03433K,HOT PEPPER PASTE (KOREA_37#_CAN),순창 항아리 태양초 찰 고추장 (37#_CAN),CS,54,460,90,ASSI,37 LB,Dry,1
03434K,HOT PEPPER PASTE (6.6#),순창 항아리 태양초 찰 고추장 (6.6#),CS,55,460,90,ASSI,4X6.6 LB,Dry,4
03439K,HOT PEPPER PASTE W/VINEGAR (10.58 OZ_BTL),초 고추장 (10.58 OZ_BTL),CS,33,460,90,ASSI,20X10.58 OZ,Dry,20
03440K,ROASTED HOT PEPPER PASTE (10.58 OZ_BTL),볶음 고추장 (10.58 OZ_BTL),CS,50,460,90,ASSI,20X10.58 OZ,Dry,20
03443K,HOT PEPPER PASTE (6.6#),태양초 순창 고추장 (6.6#),CS,48,460,90,JONGGAVISION,4X6.6 LB,Dry,4
03444K,PLUM HOT PEPPER PASTE (4.4#),청양초 매실 고추장 (4.4#),CS,72,460,90,JONGGAVISION,6X4.4 LB,Dry,6
03450K,HOT PEPPER PASTE (2.2#),순창 항아리 태양초 고추장 (2.2#),CS,41,460,90,ASSI,8X2.2 LB,Dry,8
03453K,SOYBEAN PASTE (2.2#),진품 한식 된장(2.2#),CS,0,500,90,ASSI,12X2.2 LB,Dry,12
03454K,SOY BEAN PASTE (5.06#),진품 한식 된장 (5.06#),CS,0,500,90,ASSI,6X5.06 LB,Dry,6
03455K,SOYBEAN PASTE (6.6#),순창 항아리 재래식 진품 된장 (6.6#),CS,44,460,90,ASSI,6X6.6 LB,Dry,6
03458K,SOYBEAN PASTE (1.1#),전통 순창 된장 (1.1#),CS,47,460,90,JONGGAVISION,20X1.1 LB,Dry,20
03460K,SOYBEAN PASTE (2.2#),전통 순창 된장 (2.2#),CS,56,460,90,JONGGAVISION,12X2.2 LB,Dry,12
03461K,SOYBEAN PASTE (KOREA_37#_CAN),순창 항아리 재래식 진품 된장 (37#_CAN),CS,35,460,90,ASSI,37 LB,Dry,1
03463K,SOYBEAN PASTE (1.1#),맛된장 (유리병_1.1#)),CS,0,500,90,ASSI,15X1.1 LB,Dry,15
03464K,SEASONED SOYBEAN PASTE SSAMJANG (1.1#),맛쌈장 (유리병_1.1#),CS,0,500,90,ASSI,15X1.1 LB,Dry,15
03469K,SOYBEAN PASTE (6.6#),전통 순창 된장 (6.6#),CS,40,460,90,JONGGAVISION,4X6.6 LB,Dry,4
03470K,BLACK BEAN SAUCE (JJAJANG_1.1#_JAR),볶음 짜장 (1.1#_JAR),CS,49,460,90,ASSI,15X1.1 LB,Dry,15
03471K,BLACK BEAN SAUCE (JJAJANG_2.2#_JAR),볶음용 짜장 (2.2#_JAR),CS,56,460,90,ASSI,12X2.2 LB,Dry,12
03472K,BLACK BEAN PASTE JJAJANG (4.4#),진품 볶음 짜장 (유리병_4.4#),CS,0,500,90,ASSI,6X4.4 LB,Dry,6
03474K,SOYBEAN DIPPING PASTE FOR KOREAN BBQ (1.1#),고기 전용 쌈장 (1.1#),CS,59,460,90,JONGGAVISION,20X1.1 LB,Dry,20
03477K,INSTANT BLACK BEAN SAUCE (JJAJANG),3분짜장,CS,60,640,90,OTOKI,24X5.64 OZ,Dry,24
03479K,SSAMJANG SEASONED SOYBEAN PASTE (2.2#),양념 쌈장 (2.2#),CS,52,460,90,ASSI,12X2.2 LB,Dry,12
03481K,BLACK BEAN SAUCE (JJAJANG_2.2#),중화 짜장 (2.2#),CS,43,460,90,ASSI,12X2.2 LB,Dry,12
03499K,GOCHUJANG IN TUBE,고추장 튜브,CS,59,460,90,ASSI,15X10.58 OZ,Dry,15
03500K,SSAMJANG IN TUBE,쌈장 튜브,CS,50,460,90,ASSI,15X10.58 OZ,Dry,15
03501K,CARBO HOT CHICKEN FLAVOR SAUCE,까르보 불닭 소스,CS,102,280,90,SAMYANG,24X7.05 OZ,Dry,24
03503K,K-CHICKEN DIPPING SAUCE (SWEET CHILI),양념치킨소스 스윗칠리맛,CS,38,280,90,ASSI,16X10.93 OZ,Dry,16
03504K,K-CHICKEN DIPPING SAUCE (SPICY SMOKED),양념치킨소스 숯불양념맛,CS,46,280,90,ASSI,16X11.46 OZ,Dry,16
03505V,SRIRACHA HOT CHILI SAUCE (17OZ),스리라차 핫 칠리소스,CS,33,640,90,3MIEN,12X17 OZ,Dry,12
03506V,SRIRACHA HOT CHILI SAUCE (28OZ),스리라차 핫 칠리소스,CS,52,640,90,3MIEN,12X28 OZ,Dry,12
03507V,SAMBAL OELEK (L),삼발 올렉 (L),CS,0,640,90,3MIEN,4X139 OZ,Dry,4
03508V,CHILI GARLIC SAUCE (S),칠리 갈릭 소스 (S),CS,0,640,90,3MIEN,12X8.81 OZ,Dry,12
03515V,HOT CHILI SAUCE (8.54OZ),핫 칠리 소스,CS,29,690,90,CHOLIMEX,24X8.54 OZ,Dry,24
03516V,SRIRACHA HOT CHILI SAUCE (18.3OZ),스리라차 핫 칠리 소스 (18.3OZ),CS,38,650,90,CHOLIMEX,12X18.3 OZ,Dry,12
03524K,K-BBQ DIPPING SAUCE (ORIGINAL),야채절임소스 오리지널 맛,CS,46,280,90,ASSI,16X11.99 OZ,Dry,16
03525K,K-BBQ DIPPING SAUCE (SPICY),야채절임소스 매운맛,CS,46,280,90,ASSI,16X11.99 OZ,Dry,16
03526K,K-BBQ DIPPING SAUCE (MALA),야채절임소스 마라맛,CS,51,280,90,ASSI,16X11.99 OZ,Dry,16
03530K,DOENJANG SOYBEAN PASTE (6.6#),순창 항아리 재래식 된장 (6.6#),CS,41,460,90,ASSI,4X6.6 LB,Dry,6
03532K,SSAMJANG SEASONED SOYBEAN PASTE (2.2#),순창 항아리 양념 쌈장 (2.2#),CS,45,460,90,ASSI,8X2.2 LB,Dry,8
03535K,ROASTED GOCHUJANG,볶음고추장,CS,52,460,90,ASSI,15X10.58 OZ,Dry,15
03536K,CHOGOCHUJANG,초고추장,CS,44,460,90,ASSI,15X10.58 OZ,Dry,15
03537K,BIBIM GOCHUJANG,비빔장,CS,57,460,90,ASSI,16X12.34 OZ,Dry,16
03538K,TOPOKKI SAUCE (ORIGINAL),국물 떡볶이 소스,CS,81,280,90,ASSI,20X11.99 OZ,Dry,20
03540K,BULDAK HOT CHICKEN FLAVOR SAUCE,불닭 소스,CS,91,285,90,SAMYANG,2X12X7.05 OZ,Dry,24
03541K,BULDAK HOT CHICKEN FLAVOR SAUCE(EXTREME SPICY),핵 불닭 소스,CS,100,285,90,SAMYANG,2X12X7.05 OZ,Dry,24
03542K,CARBO HOT CHICKEN FLAVOR SAUCE,까르보 불닭 소스,CS,101,285,90,SAMYANG,2X12X7.05 OZ,Dry,24
03547K,BULDAK HOT CHICKEN FLAVOR SAUCE,불닭 소스,CS,97,280,90,SAMYANG,24X7.05 OZ,Dry,24
03548K,BULDAK HOT CHICKEN FLAVOR SAUCE(EXTREME SPICY),핵 불닭 소스,CS,97,280,90,SAMYANG,24X7.05 OZ,Dry,24
03549K,CARBO HOT CHICKEN FLAVOR SAUCE,까르보 불닭 소스,CS,108,280,90,SAMYANG,24X7.05 OZ,Dry,24
03550K,BULDAK SRIRACHA SAUCE,불닭 스리라차 소스,CS,102,285,90,SAMYANG,24X7.05 OZ,Dry,24
03551K,BULDAK HOT SAUCE (50P_ ORIGINAL),불닭 핫소스 (50P_오리지널),CS,41,285,90,SAMYANG,4X50X0.21 OZ,Dry,4
03552K,CARBO BULDAK HOT SAUCE (50P),까르보 불닭 핫소스 (50P),CS,31,285,90,SAMYANG,4X50X0.21 OZ,Dry,4
03576J,GOLDEN CURRY (EXTRA HOT_ L),골든 카레 (아주매운맛_ L),BX,40,640,90,S&B,6X10X7.8 OZ,Dry,10
03580J,GOLDEN CURRY (HOT_ L),골든 카레 (매운맛_ L),BX,40,640,90,S&B,6X10X7.8 OZ,Dry,10
03581J,GOLDEN CURRY (HOT_ S),골든 카레 (매운맛_ S),BX,33,640,90,S&B,2X12X3.2 OZ,Dry,12
03582J,GOLDEN CURRY (M.HOT_ L),골든 카레 (중간 매운맛_ L),BX,40,640,90,S&B,6X10X7.8 OZ,Dry,10
03583J,GOLDEN CURRY (M.HOT_ S),골든 카레 (중간 매운맛_ S),BX,34,640,90,S&B,2X12X3.2 OZ,Dry,12
03584J,GOLDEN CURRY (MILD_ L),골든 카레 (순한맛_ L),BX,39,640,90,S&B,6X10X7.8 OZ,Dry,10
03585J,GOLDEN CURRY (MILD_ S),골든 카레 (순한맛_ S),BX,33,640,90,S&B,2X12X3.2 OZ,Dry,12
03587J,VERMONT CURRY (HOT_L_35610),버몬트 카레 (매운맛_L),BX,51,280,90,HOUSE,6X10X8.8 OZ,Dry,10
03589J,VERMONT CURRY (MILD_L_35450),버몬트 카레 (순한맛_L),BX,54,280,90,HOUSE,6X10X8.8 OZ,Dry,10
03590J,VERMONT CURRY (M.HOT_L_35580),버몬트 카레 (약간매운맛_L),BX,58,280,90,HOUSE,6X10X8.8 OZ,Dry,10
03592T,THIN SOY SAUCE (100% VEGAN),씬 소이소스  (100% 비건 ),CS,22,460,90,DSB,12X21.8 OZ,Dry,12
03593T,SWEET SOY SAUCE (100% VEGAN),스웟 소이소스  (100% 비건 ),CS,28,460,90,DSB,12X21.3 OZ,Dry,12
03594T,BLACK SOY SAUCE (100% VEGAN),블랙 소이소스  (100% 비건 ),CS,27,460,90,DSB,12X21.3 OZ,Dry,12
03630K,CURRY POWDER (HOT_L),카레 매운맛 (L),CS,123,640,90,OTOKI,10X2.2 LB,Dry,10
03631K,INSTANT CURRY (HOT),3분카레 (매운맛),CS,65,640,90,OTOKI,24X6.7 OZ,Dry,24
03632K,INSTANT CURRY (MILD),3분카레 (순한맛),CS,59,640,90,OTOKI,24X6.7 OZ,Dry,24
03633K,INSTANT CURRY (M.HOT),3분카레 (약간매운맛),CS,65,640,90,OTOKI,24X6.7 OZ,Dry,24
03634K,CURRY POWDER (M.HOT_L),카레 약간 매운맛 (L),CS,111,640,90,OTOKI,10X2.2 LB,Dry,10
03635K,CURRY POWDER (HOT_S),카레 매운맛 (S),BX,36,640,90,OTOKI,4X10X3.52 OZ,Dry,10
03636K,CURRY POWDER (M.HOT_S),카레 약간 매운맛 (S),BX,37,640,90,OTOKI,4X10X3.52 OZ,Dry,10
03637K,CURRY POWDER (MILD_S),카레 순한맛 (S),BX,38,640,90,OTOKI,4X10X3.52 OZ,Dry,10
03640K,CURRY POWDER (MILD_L),카레 순한맛 (L),CS,136,640,90,OTOKI,10X2.2 LB,Dry,10
03680K,YONDU,연두,CS,65,460,90,SEMPIO,12X9.3 OZ,Dry,12
03681K,YONDU LIGHT,연두 순,CS,68,460,90,SEMPIO,12X9.3 OZ,Dry,12
03682K,YONDU HOT,연두 청양초,CS,65,460,90,SEMPIO,12X9.3 OZ,Dry,12
03701V,FISH SAUCE 40N,피쉬 소스 40N,CS,98,1000,90,REDBOAT,12X17 OZ,Dry,12
03702V,FISH SAUCE 31N,피쉬소스 31N,CS,74,1065,90,REDBOAT,12X17 OZ,Dry,12
03705T,FISH SAUCE (10 OZ_S),피쉬 소스 (10 OZ_S),CS,23,650,90,TIPAROS,24X10 OZ,Dry,24
03706T,FISH SAUCE (23 OZ_M),피쉬 소스 (23 OZ_M),CS,23,650,90,TIPAROS,12X23 OZ,Dry,12
03707T,FISH SAUCE (50 OZ_L),피쉬 소스 (50 OZ_L),CS,21,650,90,TIPAROS,6X50 OZ,Dry,6
03708T,OYSTER SAUCE (11.8 OZ_S),오이스터 소스 (11.8 OZ_S),CS,25,650,90,MAEKRUA,12X11.8 OZ,Dry,12
03709T,OYSTER SAUCE (23.6 OZ_M),오이스터 소스 (23.6 OZ_M),CS,38,650,90,MAEKRUA,12X23.6 OZ,Dry,12
03801K,TUNA EXTRACT SAUCE,참치액,CS,114,640,90,DONGWON,20X16.9 OZ,Dry,20
03802K,PREMIUM TUNA EXTRACT SAUCE,프리미엄 참치액,CS,143,636,30,DONGWON,20X16.9 OZ,Dry,20
03803K,TUNA EXTRACT SAUCE,참치액 진,CS,87,640,90,DONGWON,16X16.9 OZ,Dry,16
03998C,HONEY SRIRACHA SAUCE,허니 스리라차 소스,CS,41,460,90,LKK,12X20 OZ,Dry,12
03999C,CHILI GARLIC SAUCE,칠리 갈릭 소스,CS,45,1015,90,LKK,12X13 OZ,Dry,12
04048C,HOT AND SPICY SOUP BASE (MALATANG),핫 앤 스파이시 육수 (마라탕),CS,39,518,90,LKK,12X7 OZ,Dry,12
04049C,CHICKEN BOUILLON POWDER,치킨 파우더,CS,89,580,90,LKK,24X8 OZ,Dry,24
04050C,PREMIUM BOUILLON CHICKEN POWDER (NO MSG),프리미엄 치킨 파우더 (NO MSG),CS,112,580,90,LKK,24X8 OZ,Dry,24
04051C,PANDA OYSTER SAUCE (GREEN_NO MSG ADDED_18 OZ),팬다 오이스터 소스 (그린_MSG 무첨가_18 OZ),CS,45,1010,90,LKK,12X18 OZ,Dry,12
04052J,KIMCHI SAUCE (S),김치 노 모또 (S),BX,38,640,90,MOMOYA,4X12X6.7 OZ,Dry,12
04053J,KIMCHI SAUCE (M),김치 노 모또 (M),BX,35,640,90,MOMOYA,4X6X15.8 OZ,Dry,6
04054J,KIMCHI SAUCE (L),김치 노 모또 (L),CS,85,280,90,MOMOYA,12X21.8 OZ,Dry,12
04070C,PREMIUM OYSTER SAUCE,프리미엄 오이스터 소스,CS,76,1095,90,LKK,12X18 OZ,Dry,12
04117J,RICE SEASONING (VEGE/SALMON),고한니 마제테 (봄나물/연어),BX,10.2,280,90,TANAKA,8X10X1.26 OZ,Dry,10
04118J,RICE SEASONING (VEGE/SESAME),고한니 마제테 (봄나물/깨),BX,12.9,280,90,TANAKA,8X10X1.26 OZ,Dry,10
04119J,RICE SEASONING (VEGE/PLUM/SHISO),고한니 마제테 (봄나물/매실차조기),BX,12.3,280,90,TANAKA,8X10X1.26 OZ,Dry,10
04123J,UDON SOUP (L),우동스프 (L),BX,48,460,90,HIGASHIMARU,4X10X5.6 OZ,Dry,10
04124J,UDON SOUP (L),우동스프 (L),BX,22,460,90,HIGASHIMARU,4X10X5.07 OZ,Dry,10
04128K,BUCKWHEAT NOODLE SAUCE (L),메밀국수 소스 (L),CS,26,640,90,ASSI,15X16.9 OZ,Dry,15
04131K,DUMPLING SAUCE,만두 소스,CS,27,330,90,ASSI,12X10 OZ,Dry,12
04136K,BEEF BROTH FOR NAENGMYEON (RADISH KIMCHI),동치미 냉면 육수,CS,14.7,460,90,ASSI,30X11.6 OZ,Dry,30
04137K,BEEF BROTH FOR NAENGMYEON (OJANGDONG),오장동 냉면 육수,CS,17,460,90,ASSI,30X11.6 OZ,Dry,30
04138K,BEEF BROTH FOR NAENGMYEON (ARROWROOT),칡냉면 육수,CS,17,460,90,ASSI,30X11.6 OZ,Dry,30
04141K,BEEF BROTH FOR NAENGMYEON (BEEF BONE),사골 냉면 육수,CS,16,460,90,ASSI,30X11.6 OZ,Dry,30
04149J,SOBA SAUCE,소바 쯔유,CS,28,460,90,ASSI,12X16.9 OZ,Dry,12
04151J,SOUP STOCK (BONITO HONDASHI_ 2.2 LB),혼다시 (2.2 LB),CS,236,640,90,AJINOMOTO,12X2.2 LB,Dry,12
04152J,SOUP STOCK (BONITO HONDASHI_2.11 OZ),혼다시 (BTL 2.11OZ),BX,38,460,90,AJINOMOTO,6X10X2.11 OZ,Dry,10
04157J,MSG AJINOMOTO (10062),아지노모토 (BAG 1#),CS,173,690,90,AJINOMOTO,48X1 LB,Dry,48
04158J,SOUP STOCK (BONITO HONDASHI_ 1.32#),혼다시 (1.32#),CS,164,640,90,AJINOMOTO,10X1.32 LB,Dry,10
04159J,SOUP STOCK (BONITO HONDASHI_ 4.23 OZ),혼다시 (4.23 OZ),CS,136,640,90,AJINOMOTO,30X4.23 OZ,Dry,30
04173J,DRIED & SHAVED BONITO (ITO 4P),가츠오 부시 (이또 4P),BX,58,280,90,NINBEN,2X30X0.56 OZ,Dry,30
04174J,DRIED & SHAVED BONITO (ITO 4P),가츠오 부시 (이또 4P),BX,76,285,90,NINBEN,2X30X0.6 OZ,Dry,30
04190J,DRIED & SHAVED BONITO,케주리 가츠오,BX,31,280,90,MARUTOMO,4X10X1.76 OZ,Dry,10
04194J,DRIED & SHAVED BONITO (KATSUO KEZURI),케주리 가츠오,CS,39,250,60,MARUTOMO,10X1.58 OZ,Dry,1
04202J,DRIED & SHAVED BONITO (PLUM),하나 가츠오 (우메),BX,30,280,90,KANEI,4X10X1.14 OZ,Dry,10
04207J,DRIED & SHAVED BONITO (PLUM),하나 가츠오 (우메),BX,56,285,90,KANEI,2X20X1.4 OZ,Dry,20
04238K,MUSHROOM CREAM SOUP (S),양송이 스프 (S),BX,37,460,90,OTOKI,4X10X2.82 OZ,Dry,10
04239K,CREAM SOUP (S),크림 스프 (S),BX,30,460,90,OTOKI,4X10X2.82 OZ,Dry,10
04256K,RICE PORRIDGE W/ABALONE (PKG),양반 전복죽 (PKG),CS,112,190,60,DONGWON,20X14.82 OZ,Dry,20
04257K,RICE PORRIDGE W/WHITE CLAM (PKG),양반 백합죽 (PKG),CS,111,190,60,DONGWON,20X14.82 OZ,Dry,20
04258K,SWEET RED BEAN PORRIDGE W/CHESTNUT (PKG),양반 밤단팥죽 (PKG),CS,105,190,60,DONGWON,20X14.82 OZ,Dry,20
04259K,PUMKPIN PORRIDGE (PKG),양반 단호박죽 (PKG),CS,112,190,60,DONGWON,20X14.82 OZ,Dry,20
04260K,RICE PORRIDGE W/TUNA,양반 참치죽,CS,69,280,90,DONGWON,24X10.05 OZ,Dry,24
04261K,RICE PORRIDGE W/ABALONE,양반 전복죽,CS,74,280,90,DONGWON,24X10.05 OZ,Dry,24
04266K,RICE PORRIDGE W/VEGETABLE,양반 야채죽,CS,64,280,90,DONGWON,24X10.05 OZ,Dry,24
04267K,SWEET RED BEAN PORRIDGE W/CHESTNUT,양반 밤단팥죽,CS,69,460,90,DONGWON,24X10.05 OZ,Dry,24
04268K,HONEY PUMKPIN PORRIDGE,양반 꿀호박죽,CS,79,460,90,DONGWON,24X10.05 OZ,Dry,24
04269K,PINE NUT PORRIDGE,양반 가평잣죽,CS,78,460,90,DONGWON,24X10.05 OZ,Dry,24
04281J,INSTANT MISO SOUP (TOFU_5P),미소 스프 (토후_5P),CS,51,280,90,KABUTO,2X12X3.17 OZ,Dry,24
04282J,INSTANT MISO SOUP (SEAWEED_5P),미소 스프 (와카메_5P),CS,51,280,90,KABUTO,2X12X3.35 OZ,Dry,24
04283J,INSTANT MISO SOUP (FRIED BEAN CURD_5P),미소 스프 (아부라아게_5P),CS,33,280,90,KABUTO,2X12X3.33 OZ,Dry,24
04284J,INSTANT MISO SOUP (GREEN ONION_5P),미소 스프 (나가네기_5P),CS,36,280,90,KABUTO,2X12X3.26 OZ,Dry,24
04300K,TABLET BROTH (ORIGINAL),간편한알 진한육수,CS,150,280,90,ASSI,20X3.52 OZ,Dry,20
04301K,TABLET BROTH (SPICY),간편한알 칼칼육수,CS,153,280,90,ASSI,20X3.52 OZ,Dry,20
04302K,BEEF SOUP STOCK (2.2#),쇠고기 다시 골드 (2.2#),CS,58,460,90,ASSI,10X2.2 LB,Dry,10
04304K,BEEF SOUP STOCK (1.1#),쇠고기 다시 골드 (1.1#),CS,76,460,90,ASSI,20X1.1 LB,Dry,20
04305K,ANCHOVY SOUP STOCK (2.2#),멸치 다시 골드 (2.2#),CS,77,640,90,ASSI,10X2.2 LB,Dry,10
04306K,CLAM SOUP STOCK (10.5 OZ),조개 다시 골드 (10.5 OZ),CS,84,640,90,ASSI,30X10.5 OZ,Dry,30
04307K,ANCHOVY SOUP STOCK (1.1#),멸치 다시 골드 (1.1#),CS,83,640,90,ASSI,20X1.1 LB,Dry,20
04310K,MONOSODIUM GLUTAMATE (MIWON),감칠맛 미원,CS,203,1000,90,CHUNGJUNGONE,40X1.1  LB,Dry,40
04359D,CRAB SOUP BASE (COT BUN RIEU),게맛 월남국수 육수재료 (COT BUN RIEU),CS,168,1050,90,QUOCVIET,24X10 OZ,Dry,24
04360D,VEGETARIAN SOUP BASE (COT SUP CHAY),베지테리언 육수재료 (COT SUP CHAY),CS,168,1050,90,QUOCVIET,24X10 OZ,Dry,24
04361D,PORK FLAVOR SOUP BASE (COT SUP HEO),돼지고기맛 육수재료 (COT SUP HEO),CS,169,1050,90,QUOCVIET,24X10 OZ,Dry,24
04362D,CHICKEN FLAVOR SOUP BASE (COT SUP GA),닭고기맛 육수재료 (COT SUP GA),CS,169,1050,90,QUOCVIET,24X10 OZ,Dry,24
04363D,TOM YUM FLAVOR SOUP BASE (COT LAU THAI),탐염 육수재료 (COP LAU THAI),CS,157,1050,90,QUOCVIET,24X10 OZ,Dry,24
04364D,CHICKEN FLAVOR SOUP BASE (COT PHO GA),닭고기맛 월남국수 육수재료 (COT PHO GA),CS,171,1050,90,QUOCVIET,24X10 OZ,Dry,24
04365D,HUE STYLE BEEF FLAVOR SOUP BASE (BUN BO HUE),쇠고기맛 월남국수 육수재료 (COT BUN BO HUE),CS,167,1050,90,QUOCVIET,24X10 OZ,Dry,24
04366D,PORK FLAVOR SOUP BASE (COT HU TIEU),돼지고기맛 월남국수 육수재료 (COT HU TIEU),CS,165,1050,90,QUOCVIET,24X10 OZ,Dry,24
04368D,BEEF FLAVOR SOUP BASE (COT PHO BO),쇠고기맛 월남국수 육수재료 (COT PHO BO),CS,173,1050,90,QUOCVIET,24X10 OZ,Dry,24
04369D,VEGETARIAN STEW BASE (COT BO KHO CHAY),월남 야채 스튜 양념 (COT BO KHO CHAY),CS,161,1050,90,QUOCVIET,24X10 OZ,Dry,24
04374K,SOUP BASE FOR TOFU (BEEF FLAVOR),순두부찌개 양념스프 (고기),CS,69,460,90,YISSINE,30X1.6 OZ,Dry,30
04375K,SOUP BASE FOR TOFU (SEAFOOD),순두부찌개 양념스프 (해물),CS,70,460,90,YISSINE,30X1.6 OZ,Dry,30
04376D,BEEF FLAVORED PHO SOUP BASE (COT PHO BO),쇠고기맛 월남국수 육수재료,CS,202,1050,90,QUOCVIET,10X3 LB,Dry,10
04377D,CHICKEN FLAVORED PHO SOUP BASE (COT PHO GA),닭고기맛 월남국수 육수재료,CS,222,1050,90,QUOCVIET,10X3 LB,Dry,10
04378D,HUE BEEF FLAVORED SOUP BASE (COT BUN BO HUE),쇠고기맛 육수재료,CS,190,1050,90,QUOCVIET,10X3 LB,Dry,10
04379D,CRAB SOUP BASE (COT BUN RIEU),게맛 육수재료,CS,191,1050,90,QUOCVIET,10X3 LB,Dry,10
04380D,PORK FLAVORED HU TIEU SOUP BASE,돼지고기맛 육수재료,CS,176,1050,90,QUOCVIET,10X3 LB,Dry,10
04381D,BEEF STEW SOUP BASE (COT BO KHO),비프스튜 육수재료,CS,202,1050,90,QUOCVIET,10X3 LB,Dry,10
04382D,PORK FLAVORED SOUP BASE (COT SUP HEO),돼지고기맛 육수재료,CS,175,1050,90,QUOCVIET,10X3 LB,Dry,10
04383D,VEGETERIAN PHO SOUP BASE (COT PHO CHAY),야채 월남국수 육수재료,CS,177,1050,90,QUOCVIET,10X3 LB,Dry,10
04390K,SPICY VEGETABLE SOUP,즉석 육개장,CS,45,460,90,OTOKI,12X1.48 OZ,Dry,12
04426P,TAMARIND SEASONING MIX (SINIGANG SA SAMPALOK),타마린드 씨즌잉  믹스 (시니강 사 삼팔록),BX,28,640,90,MAMASITAS,3X24X1.76 OZ,Dry,24
04427P,ORIENTAL GRAVY MIX (PALABOK),오리엔탈 그레이비 믹스 (팔라복),BX,34,640,90,MAMASITAS,3X24X2 OZ,Dry,24
04428P,SAVORY SAUCE MIX (ADOBO),세이버리 소스 믹스 (아도보),BX,31,640,90,MAMASITAS,3X24X1.76 OZ,Dry,24
04429P,RICE NOODLE STIR-FRY MIX (PANSIT BIHON),볶음 쌀국수 믹스 (팬씻 비혼),BX,23,640,90,MAMASITAS,3X24X1.4 OZ,Dry,24
04430P,MEAT STEW MIX (MENUDO/AFRITADA),고기 스튜 믹스 (메뉴도/아프리타다),BX,31,640,90,MAMASITAS,3X24X1.06 OZ,Dry,24
04431P,MARINATING MIX (TOCINO),고기 양념 믹스 (토치노),BX,31,640,90,MAMASITAS,3X24X2.6 OZ,Dry,24
04432P,GINGER SOUP BASE MIX (TINOLA),생강 수프 베이스 믹스 (티놀라),BX,22,640,90,MAMASITAS,3X24X0.88 OZ,Dry,24
04433P,PEANUT SAUCE MIX (KARE-KARE),땅콩 소스 믹스 (카레-카레),BX,37,640,90,MAMASITAS,3X24X2 OZ,Dry,24
04452P,SPRING ROLLS SEASONING MIX(LUMPIANG SHANGHAI),스프링롤  씨즌잉  믹스 (룸피앙 상하이),BX,28,640,90,MAMASITAS,3X24X1.4 OZ,Dry,24
04551K,BEEF BONE FLAVORED SOUP,사골곰탕,CS,24,280,90,ASSI,14X21.16 OZ,Dry,14
04552K,KOREAN PUREED SOYBEAN STEW,콩비지찌개,CS,55,280,90,ASSI,14X21.16 OZ,Dry,14
04553K,SEAWEED SOUP WITH ABALONE,전복 미역국,CS,57,280,90,ASSI,14X21.16 OZ,Dry,14
04554K,KOREAN LOACH SOUP,추어탕,CS,91,280,90,ASSI,14X21.16 OZ,Dry,14
04555K,SOYBEAN PASTE SOUP WITH MUSHROOM,버섯된장국,CS,58,280,90,ASSI,14X21.16 OZ,Dry,14
04556K,SEAWEED SOUP WITH PERILLA,들깨 미역국,CS,36,280,90,ASSI,14X21.16 OZ,Dry,14
04557K,SOYBEAN PASTE SOUP WITH SHEPHERD¡¯S PURSE,냉이된장국,CS,40,280,90,ASSI,14X21.16 OZ,Dry,14
05000J,SESAME OIL (11 OZ),참기름 (11 OZ),CS,66,640,90,KADOYA,12X11 OZ,Dry,12
05010K,RED PEPPER CRUSHED (KIMCHI_5#),김치용 고춧가루 (5#),CS,143,460,90,SIGOL,8X5 LB,Ref,8
05015K,RED PEPPER POWDER (EXTRA HOT),청양 고춧가루,CS,332,460,90,OPOWON,20X1.1 LB,Dry,20
05019D,RED PEPPER POWDER (FINE_5#),고추장용 고춧가루 (5#),CS,140,460,90,ASSI,8X5 LB,Ref,8
05027D,RED PEPPER POWDER (KIMCHI_5#),김치용 고춧가루 (5#),CS,132,460,90,ASSI,8X5 LB,Ref,8
05028K,RED PEPPER POWDER (KIMCHI_5#),김치용 고춧가루 (5#),CS,171,460,90,YISSINE,8X5 LB,Ref,8
05029D,RED PEPPER POWDER (KIMCHI_5#),영양 김치용 고춧가루 (5#),CS,144,460,90,ASSI,8X5 LB,Ref,8
05030D,RED PEPPER POWDER (KIMCHI_1#),영양 김치용 고춧가루 (1#),CS,154,460,90,ASSI,40X1 LB,Ref,40
05033D,RED PEPPER POWDER (KIMCHI_1#),김치용 고춧가루 (1#),CS,132,460,90,ASSI,40X1 LB,Ref,40
05034D,RED PEPPER POWDER (FINE_1#),고추장용 고춧가루 (1#),CS,148,460,90,ASSI,40X1 LB,Dry,40
05035D,RED PEPPER POWDER (KIMCHI_2#),김치용 고춧가루 (2#),CS,164,460,90,ASSI,20X2 LB,Ref,20
05036D,RED PEPPER POWDER (FINE_2#),고추장용 고춧가루 (2#),CS,141,460,90,ASSI,20X2 LB,Dry,20
05037D,RED PEPPER POWDER (KIMCHI_3#),김치용 고춧가루 (3#),CS,138,460,90,ASSI,12X3 LB,Dry,12
05038D,RED PEPPER POWDER (KIMCHI_7 OZ),김치용 고춧가루 (7 OZ),CS,45,460,90,ASSI,12X7 OZ,Dry,12
05039D,RED PEPPER POWDER (FINE_6.7 OZ),조미용 고춧가루 (6.7 OZ),CS,45,460,90,ASSI,12X6.7 OZ,Dry,12
05043D,GINGER POWDER,생강가루,CS,69,460,90,ASSI,12X8.0 OZ,Dry,12
05046D,CINNAMON STICKS (8 OZ_PKG),통계피 (8 OZ_PKG),BX,115,460,90,ASSI,2X25X8 OZ,Dry,25
05048D,CINNAMON STICKS (5 OZ_BTL),통계피 (5 OZ_BTL),CS,50,460,90,ASSI,12X5 OZ,Dry,12
05050D,GARLIC POWDER,마늘가루,CS,123,460,90,ASSI,12X9.2 OZ,Dry,12
05055K,"RED PEPPER POWDER (KIMCHI, 2.2#)",김치용 고춧가루,CS,281,460,90,IMGANE,10X2.2 LB,Dry,22
05060K,PERILLA OIL,들기름,CS,148,280,90,OTOKI,12X320 ML,Dry,12
05065K,SESAME OIL (6 OZ_BTL),참기름 (6 OZ_BTL),CS,57,640,90,YISSINE,20X6 OZ,Dry,20
05066K,SESAME OIL (12 OZ_BTL),참기름 (12 OZ_BTL),CS,59,640,90,YISSINE,12X12 OZ,Dry,12
05067K,SESAME OIL (L_BTL),참기름 (L_BTL),CS,80,640,90,ASSI,12X16.9 OZ,Dry,12
05068K,SESAME OIL (S_BTL),참기름 (S_BTL),CS,79,460,90,ASSI,24X7.05 OZ,Dry,24
05069K,PERILLA OIL (320ML),들기름 (320ML),CS,127,280,90,HAEPYO,12X10.8 OZ,Dry,12
05076K,SESAME OIL (38.18#_CAN_TAIWAN),참기름 (38.18#_CAN_대만),CS,168,640,90,ASSI,38.18 LB,Dry,1
05077K,SESAME OIL (L_52 OZ_CAN),참기름 (L_52 OZ_CAN),CS,167,640,90,ASSI,10X52 OZ,Dry,10
05081J,SESAME OIL (CAN_56 OZ),참기름 (캔_56 OZ),CS,193,640,90,KADOYA,10X56 OZ,Dry,10
05082J,SESAME OIL (22.1 OZ),참기름 (22.1 OZ),CS,130,640,90,KADOYA,12X22.1 OZ,Dry,12
05084J,SESAME OIL (5.5 OZ),참기름 (5.5 OZ),CS,74,640,90,KADOYA,24X5.5 OZ,Dry,24
05085J,HOT SESAME OIL (AJI OIL_5.5 OZ),매운 참기름 (5.5 OZ),CS,77,640,90,KADOYA,24X5.5 OZ,Dry,24
05092D,CANOLA OLIVE OIL,카놀라 올리브 오일,CS,64,518,90,EVERGREEN,8X64 OZ,Dry,8
05093D,VEGETABLE OIL,식용유,CS,69,510,90,ASSI,8X64 OZ,Dry,8
05094D,PEANUT OIL,땅콩 기름,CS,93,510,90,GOLDENCHOICE,8X64 OZ,Dry,8
05096D,PEANUT OIL,땅콩 기름,CS,64,330,90,EMPEROR,12X25.3 OZ,Dry,12
05097D,CORN OIL,옥수수 기름,CS,92,330,90,EVERGREEN,8X88 OZ,Dry,8
05106D,SALAD OIL (USA),식용유,CS,56,510,90,SUNFLOWER,35 LB,Dry,1
05118K,MUSTARD POWDER,겨자분,BX,89,640,90,SOLPYO,2X25X7 OZ,Dry,25
05121J,PREMIUM WASABI POWDER (10.5 OZ),프리미엄 와사비 가루 (10.5 OZ),CS,57,640,90,HANA,12X10.5 OZ,Dry,12
05122J,PREMIUM WASABI POWDER (2.2#_RESTAURANT),프리미엄 와사비 가루 (2.2#_업소용),CS,92,640,90,HANA,10X2.2 LB,Dry,10
05132J,WASABI POWDER (CAN_2 OZ),와사비가루 (캔_2 OZ),BX,30,640,90,KANEKU,8X12X2 OZ,Dry,12
05145K,TOPOKKI SAUCE (TUBE),떡볶이 소스 (튜브),CS,47,460,90,YISSINE,20X10.58 OZ,Dry,20
05148K,SESAME OIL (L_BTL),참기름 (L_BTL),CS,79,650,90,ASSI,12X14.6 OZ,Dry,12
05149K,SESAME OIL (S_BTL),참기름 (S_BTL),CS,71,460,90,ASSI,24X5.48 OZ,Dry,24
05150D,CANOLA EXTRA VIRGIN OLIVE OIL,카놀라 엑스트라 버진 올리브유,CS,50,690,90,ASSI,6X67.6 OZ,Dry,6
05151D,VEGETABLE OIL,식용유,CS,50,518,90,EVERGREEN,8X64 OZ,Dry,8
05152D,PEANUT OIL,땅콩 기름,CS,89,510,90,EVERGREEN,8X64 OZ,Dry,8
05153D,CORN OIL,옥수수 기름,CS,47,510,90,EVERGREEN,8X64 OZ,Dry,8
05154D,SOYBEAN SALAD OIL (USA),식용유,CS,35,510,90,CMC,35 LB,Dry,1
05174J,WASABI TUBE (L_ 22018),와사비 튜브 (점보),BX,33,280,90,S&B,4X10X3.1 OZ,Dry,10
05175J,WASABI TUBE (S),와사비 튜브 (S),BX,9.1,640,90,KABUTO,10X10X1.59 OZ,Dry,10
05190J,RICE SEASONING (KATSUO & MIRIN),후리가케 (가츠오_미린),BX,24,450,90,URASHIMA,3X10X1.6 OZ,Dry,3
05194K,KOREAN BBQ MARINADE&SAUCE FOR BEEF (M),배 불고기 양념 (M),CS,38,640,90,ASSI,12X17.6 OZ,Dry,12
05195K,KOREAN BBQ MARINADE&SAUCE FOR RIBS (M),배 갈비 양념 (M),CS,33,460,90,ASSI,12X17.6 OZ,Dry,12
05196K,MUSTARD OIL,유성 겨자,CS,66,460,90,ASSI,24X5 OZ,Dry,24
05197K,KOREAN BBQ MARINADE&SAUCE FOR BEEF (L),불고기 양념 (L),CS,51,460,90,YISSINE,12X31.7 OZ,Dry,12
05198K,KOREAN BBQ MARINADE&SAUCE FOR RIBS (L),갈비 양념 (L),CS,54,460,90,YISSINE,12X31.7 OZ,Dry,12
05201K,KIMCHI SAUCE,김치 양념,CS,95,280,90,ASSI,20X15.1 OZ,Dry,20
05205K,KOREAN BBQ SPICY MARINADE&SAUCE FOR PORK (L),배 고추장 돼지불고기 양념 (L),CS,51,640,90,ASSI,12X1.85 LB,Dry,12
05209K,TOPOKKI SAUCE,떡볶이 양념,CS,37,280,90,YISSINE,30X5.2 OZ,Dry,30
05211K,KOREAN BBQ MARINADE&SAUCE FOR RIBS (L),배 갈비 양념 (L),CS,47,640,90,ASSI,12X1.85 LB,Dry,12
05217K,KOREAN BBQ MARINADE&SAUCE FOR BEEF (L),배 불고기 양념 (L),CS,50,640,90,ASSI,12X1.85 LB,Dry,12
05222K,KOREAN BBQ MARINADE&SAUCE FOR PORK (L),배 돼지불고기 양념 (L),CS,51,640,90,ASSI,12X1.85 LB,Dry,12
05226J,RICE SEASONING (KATSUO & MIRIN),후리가케 (가츠오_미린),EA,2.5,280,90,URASHIMA,30X1.69 OZ,Dry,1
05264D,HOT MUSTARD PASTE,핫 머스타드 페이스트,CS,20,330,90,EMPEROR,12X8 OZ,Dry,12
05268J,PEPPER SEASONING (7 FLAVOR),시치미 토가라시,BX,14,1000,90,S&B,16X10X0.52 OZ,Dry,10
05292K,PLUM EXTRACT (500ML),매실 원액 (500ML),CS,107,640,90,BERRYNARA,12X16.9 OZ,Dry,12
05296K,CONCENTRATED VINEGAR (1.8L),강초 (1.8L),CS,45,1000,90,ASSI,9X1.8 L,Dry,9
05297K,CONCENTRATED VINEGAR (970ML),강초 (970ML),CS,36,1000,90,ASSI,12X32.8 OZ,Dry,12
05300P,SPICED COCONUT VINEGAR,매운 코코넛 식초,CS,71,520,90,PINAKURAT,30X8.5 OZ,Dry,30
05305K,VINEGAR - BROWN RICE,현미 식초,CS,0,1055,90,ASSI,9X60.8 OZ,Dry,9
05306K,BROWN RICE VINEGAR (900ML),현미 식초 (900ML),CS,22,1000,90,ASSI,12X30.4 OZ,Dry,12
05307K,NATURALLY BREWED VINEGAR (1.8L),양조 식초(1.8L),CS,20,1000,90,ASSI,9X1.8 L,Dry,9
05308K,NATURALLY BREWED VINEGAR (900ML),양조 식초(900ML),CS,0,1055,90,ASSI,12X30.4 OZ,Dry,12
05309K,APPLE VINEGAR (900ML),사과 식초 (900ML),CS,21,1000,90,ASSI,12X30.4 OZ,Dry,12
05311P,CANE VINEGAR,사탕수수 식초,CS,26,640,90,SILVERSWAN,12X1 L,Dry,12
05315K,PLUM EXTRACT (500ML),청매실 원액 (500ML),CS,83,640,90,ASSI,12X16.9 OZ,Dry,12
05322P,VINEGAR,식초,CS,27,640,90,SILVERSWAN,12X1 L,Dry,12
05329P,VINEGAR,식초,CS,20,280,90,DATUPUTI,12X1 L,Dry,12
05330P,SPICED VINEGAR,매운 식초,CS,30,280,90,DATUPUTI,12X33.81 OZ,Dry,12
05334P,SPICED COCO NECTAR VINEGAR (ORIGINAL),매운 코코넛 식초 (오리지널),CS,55,640,90,RIKOYS,30X8.4 OZ,Dry,30
05335C,CHINKIANG VINEGAR,진강 식초,CS,20,1000,90,EMPEROR,12X16.9 OZ,Dry,12
05336P,SPICED COCO NECTAR VINEGAR (SWEET & SPICY),매운 코코넛 식초 (스윗 & 스파이시),CS,56,640,90,RIKOYS,30X8.4 OZ,Dry,30
05338D,GERMAN CONCENTRATED VINEGAR,독일 강초,CS,22,1000,90,SURIG,12X13 OZ,Dry,12
05343K,POMEGRANATE VINEGAR,마시는 홍초 (석류),CS,97,460,90,CHUNGJUNGONE,12X30.4 OZ,Dry,12
05380K,SEA SALT (FINE_2#),고운 바다 소금 (2#),CS,22,1000,90,ASSI,20X2 LB,Dry,20
05381K,SEA SALT (FINE_4#),고운 바다 소금 (4#),CS,20,1000,90,ASSI,10X4 LB,Dry,10
05382K,SEA SALT (COARSE_4#),굵은 바다 소금 (4#),CS,21,1000,90,ASSI,10X4 LB,Dry,10
05383K,SEA SALT (COARSE_2#),굵은 바다 소금 (2#),CS,23,1000,90,ASSI,20X2 LB,Dry,20
05384K,SEA SALT (COARSE_10#),굵은 바다 소금 (10#),CS,22,1000,90,ASSI,4X10 LB,Dry,4
05387K,PARCHED SALT,죽염,BX,0,1760,90,DAEIL,4X20X8.8 OZ,Dry,20
05388D,ROASTED SESAME SEEDS CRUSHED (7.5 OZ_BTL),깨소금 (7.5 OZ_BTL),CS,40,460,90,ASSI,12X7.5 OZ,Dry,12
05389D,ROASTED SESAME SEEDS (7.5 OZ_BTL),볶음 통깨 (7.5 OZ_BTL),CS,49,690,90,ASSI,12X7.5 OZ,Dry,12
05390D,ROASTED SESAME SEEDS (16 OZ_BTL),볶음 통깨 (16 OZ_BTL),CS,78,510,90,ASSI,12X16 OZ,Dry,12
05396D,ROASTED SESAME SEEDS CRUSHED (16 OZ_BTL),깨소금 (16 OZ_BTL),CS,76,460,90,ASSI,12X16 OZ,Dry,12
05399K,SEA SALT (FINE_10#),고운 바다 소금 (10#),CS,22,1000,90,ASSI,4X10 LB,Dry,4
05401K,GLASSWORT SALT,함초자염,CS,111,1720,90,NATURESWISDOM,20X14.1 OZ,Dry,20
05403C,SEA SALT (COARSE_3#),굵은 바다 소금 (3#),CS,17,1000,90,YISSINE,16X3 LB,Dry,16
05405C,SEA SALT (COARSE_6#),굵은 바다 소금 (6#),CS,21,1000,90,YISSINE,8X6 LB,Dry,8
05410K,SEA SALT (COARSE_20#),굵은 바다 소금 (20#),CS,12.1,1000,90,ASSI,20 LB,Dry,1
05411K,SEA SALT (FINE_20#),고운 바다 소금 (20#),CS,9.4,1000,90,ASSI,20 LB,Dry,1
05412D,ROASTED BLACK SESAME SEEDS (7.5 OZ_BTL),볶음 검정깨 (7.5 OZ_BTL),CS,48,690,90,ASSI,12X7.5 OZ,Dry,12
05413D,ROASTED WHITE SESAME SEEDS (7.5 OZ_BTL),볶음 흰깨 (7.5 OZ_BTL),CS,56,690,90,ASSI,12X7.5 OZ,Dry,12
05427K,COARSE SEA SALT (6#),신안섬 천일염 (6#),CS,76,1720,90,JONGGAVISION,7X6 LB,Dry,7
05429K,FINE SEA SALT (3#),꽃소금 (3#),CS,40,1720,90,JONGGAVISION,14X3 LB,Dry,14
05430K,FINE SEA SALT (5#),꽃소금 (5#),CS,36,1720,90,JONGGAVISION,8X5 LB,Dry,8
05435K,KOREAN BULGOGI SAUCE,소불고기 양념,CS,26,640,90,BAPSANG,24X3.52 OZ,Dry,24
05436K,KOREAN SPICY BULGOGI SAUCE,매운 돼지불고기 양념,CS,29,640,90,BAPSANG,24X3.52 OZ,Dry,24
05437K,KOREAN JAPCHAE SAUCE,잡채 양념,CS,30,640,90,BAPSANG,24X3.52 OZ,Dry,24
05438K,KOREAN TTEOKBOKKI SAUCE,떡볶이양념,CS,26,640,90,BAPSANG,24X3.52 OZ,Dry,24
05439K,ALL PURPOSE STIR-FRY SOY SAUCE,볶음만능양념,CS,26,640,90,BAPSANG,24X3.52 OZ,Dry,24
05440K,ALL PURPOSE HOT SAUCE,매운 만능 양념,CS,25,640,90,BAPSANG,24X3.52 OZ,Dry,24
05441K,SHIITAKE MUSHROOM POWDER,표고버섯 가루,CS,91,640,90,ASSI,24X2.46 OZ,Dry,24
05442K,ANCHOVY POWDER,멸치 가루,CS,89,640,90,ASSI,24X5.29 OZ,Dry,24
05443K,KELP POWDER,다시마 가루,CS,75,640,90,ASSI,24X4.58 OZ,Dry,24
05445J,RICE SEASONING (VEGE/SALMON),고한니 마제테 (봄나물/연어),BX,8.3,280,90,TANAKA,8X10X1.09OZ,Dry,10
05446J,RICE SEASONING (VEGE/SESAME),고한니 마제테 (봄나물/깨),BX,13.5,280,90,TANAKA,8X10X1.09 OZ,Dry,10
05447J,RICE SEASONING (VEGE/PLUM/SHISO),고한니 마제테 (봄나물/매실차조기),BX,13.3,280,90,TANAKA,8X10X1.09 OZ,Dry,10
05449K,SHIITAKE MUSHROOM POWDER,표고버섯 가루,CS,57,640,90,ASSI,12X2.46 OZ,Dry,12
05450K,ANCHOVY POWDER,멸치 가루,CS,50,640,90,ASSI,12X5.29 OZ,Dry,12
05451K,KELP POWDER,다시마 가루,CS,43,640,90,ASSI,12X4.58 OZ,Dry,12
05502U,WATER CHESTNUT (SMALL DICE),워터 체스넛 (SMALL DICE),CS,38,1000,180,EMPEROR,6X6.6 LB,Dry,6
05555K,KOREAN BULGOGI SAUCE FOR BEEF,"소불고기 양념	",CS,41,650,90,DONGWON,15X16.9 OZ,Dry,15
05556K,KOREAN GALBI SAUCE FOR BEEF,소갈비 양념,CS,41,650,90,DONGWON,15X16.9 OZ,Dry,15
05557K,KOREAN BULGOGI SAUCE FOR PORK,돼지불고기 양념,CS,41,650,90,DONGWON,15X16.9 OZ,Dry,15
05558K,KOREAN GALBI SAUCE FOR PORK,돼지갈비 양념,CS,41,650,90,DONGWON,15X16.9 OZ,Dry,15
05559K,KOREAN SPICY SAUCE FOR BRAISED CHICKEN,닭볶음탕 양념,CS,0,360,90,DONGWON,15X17.6 OZ,Dry,15
05560K,TOPOKKI SAUCE (SWEET & SPICY),매콤달콤 떡볶이 양념,CS,0,360,90,DONGWON,10X4.59 OZ,Dry,10
05561K,TOPOKKI SAUCE (SPICY CHICKEN ROSE),불닭로제맛 떡볶이 양념,CS,0,270,90,DONGWON,10X4.59 OZ,Dry,10
05562K,TOPOKKI SAUCE (MALA),마라 떡볶이 양념,CS,0,360,90,DONGWON,10X4.59 OZ,Dry,10
06002K,DRIED SWEET POTATO STEMS,건 고구마 줄기,CS,103,280,90,YONGIN,16X3.5 OZ,Dry,16
06006K,DRIED SWEET POTATO STEMS (CHINA_ 22#),고구마순 (22#),CS,145,460,90,ASSI,22 LB,Dry,1
06007K,DRIED SWEET POTATO STEMS (8 OZ),고구마순 (8 OZ),CS,87,460,90,ASSI,15X8 OZ,Dry,15
06008K,DRIED EDIBLE GREEN LEAF,울릉도 취나물,CS,112,280,90,YONGIN,16X3.5 OZ,Dry,16
06009K,DRIED TARO STEM,건 토란 줄기,CS,105,280,90,YONGIN,16X3.5 OZ,Dry,16
06010K,DRIED SQUASH SLICE,건 호박고지,CS,79,280,90,YONGIN,16X3.5 OZ,Dry,16
06011K,DRIED RADISH SLICE,무 말랭이,CS,86,280,90,YONGIN,16X7 OZ,Dry,16
06013K,DRIED RADISH LEAVES,무 시래기,CS,76,280,90,YONGIN,16X3.5 OZ,Dry,16
06014K,BLACK MUSHROOM,목이 버섯,CS,39,460,90,YONGIN,16X2.1 OZ,Dry,16
06018C,DRIED RED PEPPERS (WHOLE L),통고추 말림 (L),CS,0,500,90,ASSI,24X4 OZ,Dry,24
06020K,DRIED RED PEPPERS (WHOLE),통고추 말림 (사천),CS,0,500,90,ASSI,24X4 OZ,Dry,24
06021K,DRIED RED PEPPER (SHREDDED_S),태양초 실고추 (S),BX,41,460,90,ASSI,3X25X1 OZ,Dry,25
06022C,DRIED RED PEPPER (WHOLE_XL),통고추 말림 (XL),CS,171,460,90,ASSI,6X5 LB,Dry,6
06023K,CORNISH HEN PREPARATION,삼계탕재료,CS,194,280,90,ASSI,24X10 OZ,Dry,24
06024K,PINE NUTS (8 OZ_PKG),고소한 잣 (8 OZ_PKG),BX,380,280,90,ASSI,2X25X8 OZ,Dry,25
06026D,PINE NUTS (9 OZ_BTL),고소한 잣 (9 OZ_BTL),CS,249,280,90,ASSI,12X9 OZ,Dry,12
06034K,DRIED BELLFLOWER (16 OZ),통 도라지 (16 OZ),CS,316,460,90,ASSI,20X16 OZ,Dry,20
06036K,DRIED BELLFLOWER (8 OZ),통 도라지 (8 OZ),CS,168,460,90,ASSI,20X8 OZ,Dry,20
06037K,DRIED SLICED BELLFLOWER (12 OZ),찢은 도라지 (12 OZ),CS,235,460,90,ASSI,20X12 OZ,Dry,20
06038K,DRIED SLICED BELLFLOWER (CHINA_20#),찢은 도라지 (20#),CS,278,460,90,ASSI,20 LB,Dry,1
06048K,DRIED SLICED SHIITAKE MUSHROOM (3 OZ),썰은 표고 버섯 (3 OZ),CS,102,640,90,ASSI,20X3 OZ,Dry,20
06050K,DRIED SHIITAKE MUSHROOM (3 OZ),표고 버섯 (3 OZ),CS,184,640,90,ASSI,30X3 OZ,Dry,30
06054K,DRIED SLICED SHIITAKE MUSHROOM (7.05 OZ),썰은 표고 버섯 (7.05 OZ),CS,213,640,90,ASSI,20X7.05 OZ,Dry,20
06056C,DRIED SLICED SHIITAKE MUSHROOM (5#),썰은 표고 버섯 (5#),EA,95,640,90,ASSI,5X5 LB,Dry,1
06061K,DRIED SHIITAKE MUSHROOM (8 OZ),표고 버섯 (8 OZ),CS,234,640,90,ASSI,20X8 OZ,Dry,20
06062C,DRIED SHIITAKE MUSHROOM (1#),표고 버섯 (1#),CS,355,640,90,ASSI,20X1 LB,Dry,20
06063K,DRIED SHIITAKE MUSHROOM (5#),표고 버섯 (5#),EA,104,640,90,ASSI,5X5 LB,Dry,1
06078K,DRIED BLACK MUSHROOM (2 OZ),목이 버섯 (2 OZ),BX,61,460,90,ASSI,2X35X2 OZ,Dry,35
06079K,DRIED BLACK MUSHROOM  (4 OZ),목이 버섯 (4 OZ),CS,100,460,90,ASSI,30X4 OZ,Dry,30
06080K,CORNISH HEN PREPARATION,삼계탕 재료,CS,111,640,90,SUBIN,50X2.4 OZ,Dry,50
06081K,CORNISHEN PREPARATION,엄나무 백숙용 재료,CS,93,640,90,SUBIN,30X5.2 OZ,Dry,30
06083K,DRIED KOREAN HERBALS,엄나무 황기 백숙재료 (티백),BX,0,320,60,DAYEHAN,2X25X0.7 OZ,Dry,25
06086D,RED CHILI FLAKES,고추 플레이크,CS,100,460,90,EMPEROR,6X5 LB,Dry,6
06091K,DRIED FERNBRACKEN (BAEKDUDAEGAN),백두대간 연한 고사리,CS,246,460,90,ASSI,24X8 OZ,Dry,24
06096D,DRIED FERNBRACKEN (CHINA_22#),고사리 (22#),CS,385,460,90,ASSI,22 LB,Dry,1
06097D,DRIED FERNBRACKEN (4 OZ),고사리 (4 OZ),CS,80,460,90,ASSI,25X4 OZ,Dry,25
06099D,DRIED FERNBRACKEN (8 OZ),고사리 (8 OZ),CS,152,460,90,ASSI,15X8 OZ,Dry,15
06100K,BOILED RADISH LEAVES,무 시래기,CS,55,460,90,ASSI,12X1 LB,Dry,12
06113K,DRIED RADISH SLICE (CHINA_22#),무 말랭이 (22#),CS,132,460,90,ASSI,22 LB,Ref,1
06114K,DRIED RADISH SLICE (1#),무 말랭이 (1#),CS,63,460,90,ASSI,10X1 LB,Ref,10
06115K,DRIED RADISH SLICE (6 OZ),무 말랭이 (6 OZ),CS,72,460,90,ASSI,24X6 OZ,Ref,24
06117K,EDIBLE GREEN LEAVES (4 OZ),취나물 (4 OZ),CS,42,460,90,ASSI,12X4 OZ,Dry,12
06121K,BANCHAN KIMCHI (CAN),반찬 양반 맛김치 (캔),CS,97,1000,90,DONGWON,48X5.6 OZ,Dry,48
06124K,BANCHAN STIR-FRIED KIMCHI (CAN),반찬 양반 볶음김치 (캔),CS,97,460,90,DONGWON,48X5.64 OZ,Dry,48
06133K,BANCHAN LEAF MUSTARD KIMCHI (CAN),반찬 양반 캔 갓김치,CS,89,276,30,DONGWON,48X5.64 OZ,Dry,48
06134K,BANCHAN RADISH KIMCHI (CAN),양반 총각김치,CS,0,276,30,DONGWON,48X5.64 OZ,Dry,48
06190K,BANCHAN SESAME LEAVES IN SOY SAUCE (CAN),반찬 우리엄마 깻잎 통조림,CS,83,1000,90,SEMPIO,30X2.4 OZ,Dry,30
06194C,ORGANIC ROASTED CHESTNUTS,유기농 까먹는 꿀밤,CS,105,280,90,ASSI,40X7 OZ,Dry,40
06199C,CAN CHESTNUT (SWEETENED),밤 통조림,CS,95,1000,90,ASSI,24X13.05 OZ,Dry,24
06200K,RED BEAN PASTE (CAN_L),팥 통조림 (L),CS,76,1000,90,JINYANG,6X6.6 LB,Dry,6
06201C,ORGANIC PEELED ROASTED CHESTNUTS,유기농 깐군밤,CS,57,280,90,ASSI,40X3.5 OZ,Dry,40
06472K,RED BEAN PASTE (CAN_S),팥 통조림 (S),CS,70,1000,90,JINYANG,24X16.75 OZ,Dry,24
06473C,RED BEAN PASTE (OGURAAN),오구라안 (팥빙수용),CS,63,1000,90,KABUTO,24X16.75 OZ,Dry,24
06474J,RED BEAN PASTE (CAN),오구라안 (캔팥),CS,117,1000,90,MORINAGA,24X15.16 OZ,Dry,24
06478C,RED BEAN PASTE (KOSHIAN),고시안 (호빵_단팥죽용),CS,59,1000,90,KABUTO,24X16.75 OZ,Dry,24
06489J,TOFU (EX-FIRM_YELLOW),아주 단단한 두부,CS,20,330,90,MORINU,12X12.3 OZ,Dry,12
06495J,TOFU (SOFT_RED),순두부,CS,19,330,90,MORINU,12X12.0 OZ,Dry,12
06496J,TOFU (FIRM_BLUE),단단한 두부,CS,19,330,90,MORINU,12X12.3 OZ,Dry,12
06510J,TOFU (EX-FIRM_YELLOW),아주 단단한 두부,CS,20,330,90,MORINU,12X10.8 OZ,Dry,12
06511J,TOFU (SOFT_RED),순두부,CS,20,330,90,MORINU,12X10.8 OZ,Dry,12
06512J,TOFU (FIRM_BLUE),단단한 두부,CS,19,330,90,MORINU,12X10.8 OZ,Dry,12
06594T,COCONUT WATER (17.6 OZ),코코넛 워터 (17.6 OZ),CS,32,640,90,CHAOKOH,24X17.6 OZ,Dry,24
06600D,RAW PEANUT W/SKIN,생 땅콩 (껍질있는),CS,60,330,90,ROSHNI,10X56 OZ,Dry,10
06622T,ORGANIC COCONUT MILK (14 OZ),올개닉 코코넛 밀크 (14 OZ),CS,47,1000,90,AROYD,24X14 OZ,Dry,24
06623T,LONGANS IN SYRUP,롱간 인 시럽,CS,52,1000,90,PIGEONBRAND,24X20 OZ,Dry,24
06624T,RAMBUTAN IN SYRUP,람부탄 인 시럽,CS,69,1000,90,PIGEONBRAND,24X20 OZ,Dry,24
06625T,GREEN JACKFRUIT IN BRINE,그린 잭후룻 인 브라인,CS,33,1000,90,PIGEONBRAND,24X20 OZ,Dry,24
06626T,YELLOW JACKFRUIT IN SYRUP,옐로우 잭후룻 인 시럽,CS,42,1000,90,PIGEONBRAND,24X20 OZ,Dry,24
06627T,LYCHEES IN SYRUP,리치 인 시럽,CS,57,1000,90,PIGEONBRAND,24X20 OZ,Dry,24
06628T,BAMBOO SHOOT SLICE (20 OZ),썬 죽순 (20 OZ),CS,30,640,90,PIGEONBRAND,24X20 OZ,Dry,24
06633T,SWEET CHILI SAUCE FOR CHICKEN  (XL),치킨 스윗 칠리 소스 (XL),CS,36,640,90,MAEPLOY,3X8.8 LB,Dry,3
06634C,SALTED DUCK EGG,오리알 (소금절임),CS,85,280,90,CAIYUNXUAN,24X12.7 OZ,Dry,24
06635C,PRESERVED DUCK EGG,오리알 (검정),CS,77,280,90,CAIYUNXUAN,24X12.7 OZ,Dry,24
06637C,LYCHEES IN SYRUP ,리치 인 시럽,CS,56,1000,90,EMPEROR,24X20 OZ,Dry,24
06640T,COCONUT MILK,코코넛 밀크,CS,24,640,90,EVERGREEN,24X13.5 OZ,Dry,24
06641T,COCONUT MILK GOLD,코코넛 밀크 골드,CS,32,640,90,EVERGREEN,24X13.5 OZ,Dry,24
06648T,YOUNG COCONUT JUICE W/PULP (L),영 코코넛 주스 W/과육 (L),CS,22,640,90,CHAOKOH,24X17.5 OZ,Dry,24
06649T,YOUNG COCONUT JUICE W/PULP (S),영 코코넛 주스 W/과육 (S),CS,20,640,90,CHAOKOH,24X11.8 OZ,Dry,24
06652T,COCONUT JUICE W/ PULP (L),코코넛 주스 W/ 과육 (L),CS,28,640,90,THREEELEPHANTS,24X17.5 OZ,Dry,24
06654T,COCONUT GEL IN SYRUP,코코넛 젤 인 시럽,CS,42,640,90,CHAOKOH,24X17.6 OZ,Dry,24
06658T,YOUNG COCONUT JUICE W/JELLY (L),영 코코넛 주스 W/젤리 (L),CS,21,640,90,CHAOKOH,24X17.5 OZ,Dry,24
06660T,SUGARCANE IN SYRUP,슈가케인 인 시럽,CS,30,650,90,CHAOKOH,12X48 OZ,Dry,12
06662T,LONGAN IN SYRUP,롱간 인 시럽,CS,62,640,90,CHAOKOH,24X20 OZ,Dry,24
06663T,LYCHEE IN HEAVY SYRUP,리치 인 헤비 시럽,CS,76,640,90,CHAOKOH,24X20 OZ,Dry,24
06664T,RAMBUTAN IN SYRUP,람부탄 인 시럽,CS,66,640,90,CHAOKOH,24X20 OZ,Dry,24
06666T,JACKFRUIT IN SYRUP,잭후룻 인 시럽,CS,52,640,90,CHAOKOH,24X20 OZ,Dry,24
06667T,YOUNG CORN (30UP_15 OZ),영콘 통조림 (30UP_15 OZ),CS,31,640,90,CHAOKOH,24X15 OZ,Dry,24
06668T,YOUNG CORN (CUT_15 OZ),영콘 통조림 (CUT_15 OZ),CS,23,640,90,CHAOKOH,24X15 OZ,Dry,24
06669T,JACKFRUIT IN BRINE,잭후룻 인 브라인,CS,36,640,90,CHAOKOH,24X20 OZ,Dry,24
06670T,BAMBOO SHOOT SLICE (20 OZ),썬 죽순 (20 OZ),CS,38,640,90,CHAOKOH,24X20 OZ,Dry,24
06671T,BAMBOO SHOOT STRIP (20 OZ),채썬 죽순 (20 OZ),CS,46,640,90,CHAOKOH,24X20 OZ,Dry,24
06672T,BAMBOO SHOOT HALF (20 OZ),반절 죽순 (20 OZ),CS,37,640,90,CHAOKOH,24X20 OZ,Dry,24
06673T,SPRING ROLL SAUCE,스프링롤 소스,CS,34,640,90,MAEPLOY,12X29 OZ,Dry,12
06674T,QUAIL EGGS IN BRINE (CAN),메추리알 통조림 (CAN),CS,59,640,90,CHAOKOH,24X15 OZ,Dry,24
06675T,CHICKEN SWEET CHILI SAUCE (L),치킨 스윗 칠리 소스 (L),CS,33,640,90,MAEPLOY,12X32 OZ,Dry,12
06676T,COCONUT MILK (13.5 OZ),코코넛 밀크 (13.5 OZ),CS,43,1000,90,CHAOKOH,24X13.5 OZ,Dry,24
06678T,COCONUT CREAM,코코넛 크림,CS,50,1000,90,CHAOKOH,24X13.5 OZ,Dry,24
06680T,CHICKEN SWEET CHILI SAUCE (S),치킨 스윗 칠리 소스 (S),CS,34,640,90,MAEPLOY,24X12 OZ,Dry,24
06703T,FRIED ONION (L),후라이드 어니언 (L),CS,83,640,90,COCK,12X8 OZ,Dry,12
06704T,FRIED GARLIC (L),후라이드 갈릭 (L),CS,60,640,90,COCK,12X8 OZ,Dry,12
06707V,FRIED SHALLOT,후라이드 샬롯,CS,120,280,90,VIETWAY,24X14 OZ,Dry,24
06709T,FRIED GARLIC (S),후라이드 갈릭 (S),CS,97,640,90,COCK,48X3.5 OZ,Dry,48
06714T,TAPIOCA STARCH,타피오카 가루,CS,48,640,90,COCK,60X14 OZ,Dry,60
06715T,TAPIOCA PEARL (L),타피오카 펄 (L),CS,69,640,90,COCK,50X14 OZ,Dry,50
06716T,TAPIOCA PEARL (S),타피오카 펄 (S),CS,55,640,90,COCK,50X14 OZ,Dry,50
06718V,FRIED GARLIC,후라이드 갈릭,CS,93,460,90,VIETWAY,24X14 OZ,Dry,24
06722T,PICKLED SOUR MUSTARD (JAR_4#),싸워 머스터드 (JAR_4#),CS,30,640,90,THREEELEPHANTS,6X4 LB,Dry,6
06723T,TOM YUM PASTE,탐염 페이스트,CS,78,640,90,COCK,24X16 OZ,Dry,24
06729T,PICKLED SOUR MUSTARD (PKG_10.5 OZ),싸워 머스터드 (PKG_10.5 OZ),CS,33,640,90,THREEELEPHANTS,36X10.5 OZ,Dry,36
06738T,PICKLED GREEN CHILI IN VINEGAR (BTL),그린 칠리 인 비니거,CS,49,640,90,COCK,24X16 OZ,Dry,24
06739T,PICKLED RED CHILI IN VINEGAR (BTL),레드 칠리 인 비니거,CS,62,640,90,COCK,24X16 OZ,Dry,24
06750T,FRIED SHALLOT,후라이드 샬롯,CS,82,510,90,EMPEROR,5X2.2 LB,Dry,5
06754T,ATTAP FRUIT IN SYRUP,아탑 후룻 인 시럽,CS,57,640,90,CHAOKOH,24X23 OZ,Dry,24
06755T,RED CURRY PASTE,레드 커리 페이스트,CS,77,1060,90,MAESRI,48X4 OZ,Dry,48
06763V,TAPIOCA STARCH,타피오카가루,CS,40,460,90,VIETWAY,50X14.1 OZ,Dry,50
06766T,RICE FLOUR,쌀가루,CS,24,640,90,THREEELEPHANTS,24X16 OZ,Dry,24
06767T,GLUTINOUS RICE FLOUR,찹쌀가루,CS,24,640,90,THREEELEPHANTS,24X16 OZ,Dry,24
06768T,TAPIOCA STARCH,타피오카가루,CS,19,640,90,THREEELEPHANTS,24X16 OZ,Dry,24
06774T,SWEET CHILI SAUCE (L_GB),스윗 칠리 소스 (L_GB),CS,40,640,90,PANTAI,12X31.4 OZ,Dry,12
06775T,SWEET CHILI SAUCE (HOT&SPICY_L_GB),스윗 칠리 소스 (매운맛_L_GB),CS,54,640,90,PANTAI,12X31 OZ,Dry,12
06776T,SPRING ROLL SAUCE,스프링 롤 소스,CS,50,640,90,PANTAI,12X32.5 OZ,Dry,12
06777T,PLUM SAUCE (L),플럼 소스 (L),CS,49,640,90,PANTAI,12X32.5 OZ,Dry,12
06779T,PAD THAI SAUCE (L),파타이 소스 (L),CS,47,640,90,PANTAI,12X35 OZ,Dry,12
06780T,SWEET & SOUR SAUCE,스윗 앤 싸워 소스,CS,46,640,90,PANTAI,12X29 OZ,Dry,12
06785T,SWEET SOY SAUCE (L_GB),스윗 소이 소스 (L_GB),CS,41,640,90,PANTAI,12X35 OZ,Dry,12
06786T,OYSTER SAUCE (L),오이스터 소스 (L),CS,45,640,90,PANTAI,12X30.5 OZ,Dry,12
06787T,PAD THAI SAUCE (S),파타이 소스 (S),CS,23,640,90,PANTAI,12X9 OZ,Dry,12
06788T,SWEET SOY SAUCE (S_GB),스윗 소이 소스 (S_GB),CS,22,640,90,PANTAI,12X9 OZ,Dry,12
06789T,THAI TEA MIX,타이 티 믹스,CS,121,640,90,PANTAI,30X16 OZ,Dry,30
06791T,FISH SAUCE,피쉬 소스,CS,24,640,90,SHRIMP,12X24 OZ,Dry,12
06797T,SOYBEAN PASTE (JAR),소이빈 페이스트 (JAR),CS,30,640,90,PANTAI,12X17.6 OZ,Dry,12
06798T,CHILI PASTE W/SOYA BEAN OIL (MEDIUM HOT),칠리 페이스트 W/콩기름 (중간매운맛),CS,68,640,90,PANTAI,12X17.6 OZ,Dry,12
06802T,RED CURRY PASTE (M),레드 커리 페이스트 (M),CS,57,640,90,MAEPLOY,24X14 OZ,Dry,24
06803T,YELLOW CURRY PASTE (M),옐로우 커리 페이스트 (M),CS,55,640,90,MAEPLOY,24X14 OZ,Dry,24
06804T,GREEN CURRY PASTE (M),그린 커리 페이스트 (M),CS,55,640,90,MAEPLOY,24X14 OZ,Dry,24
06830T,OYSTER SAUCE (S),오이스터 소스 (S),CS,24,640,90,PANTAI,12X7.5 OZ,Dry,12
06834T,SWEET CHILI SAUCE (SUGAR FREE_GB),스윗 칠리 소스 (무설탕_GB),CS,26,640,90,PANTAI,12X7.5 OZ,Dry,12
06837T,BAMBOO SHOOT TIP (PKG_16 OZ),새순 죽순 (PKG_16 OZ),CS,75,640,90,THREEELEPHANTS,36X16 OZ,Dry,36
06838T,BAMBOO SHOOT STRIP (PKG_16 OZ),채썬 죽순 (PKG_16 OZ),CS,68,640,90,THREEELEPHANTS,36X16 OZ,Dry,36
06839T,BAMBOO SHOOT SLICE (PKG_16 OZ),썬 죽순 (PKG_16 OZ),CS,58,640,90,THREEELEPHANTS,36X16 OZ,Dry,36
06840T,PICKLED SOUR BAMBOO SHOOT SLICE (JAR_4#),싸워 썬 죽순 (JAR_4#),CS,28,640,90,THREEELEPHANTS,6X4 LB,Dry,6
06867T,COCONUT CREAM,코코넛 크림,CS,51,1000,90,SAVOY,24X14 OZ,Dry,24
06868T,COCONUT MILK,코코넛 밀크,CS,43,1000,90,CHEFSCHOICE,24X13.5 OZ,Dry,24
06885T,SWEETENED CHILI SAUCE FOR SPRING ROLL (L),스프링 롤 스위튼드 칠리 소스 (L),CS,52,640,90,PANTAI,12X32.5 OZ,Dry,12
06891T,COCONUT MILK,코코넛 밀크,CS,40,1000,90,AROYD,24X14 OZ,Dry,24
06893T,COCONUT MILK (DESSERT),코코넛 밀크 (디저트),CS,35,1000,90,AROYD,24X14 OZ,Dry,24
06894T,LYCHEE IN SYRUP,리치 인 시럽,CS,68,1000,90,AROYD,24X20 OZ,Dry,24
06895T,LONGAN IN SYRUP,롱간 인 시럽,CS,76,1000,90,AROYD,24X20 OZ,Dry,24
06900T,YOUNG CORN (15 OZ),영콘 통조림 (15 OZ),CS,51,1000,90,AROYD,24X15 OZ,Dry,24
06901T,YOUNG CORN (CUT_15 OZ),영콘 통조림 (CUT_15 OZ),CS,33,1000,90,AROYD,24X15 OZ,Dry,24
06907T,COCONUT MILK (UHT_ 1L),코코넛 밀크 (UHT_ 1L),CS,44,430,90,AROYD,12X33.8 OZ,Dry,12
06908T,COCONUT CREAM,코코넛 크림,CS,51,1000,90,AROYD,24X19 OZ,Dry,24
06921J,PASSION FRUIT JUICE,패션 후르츠 쥬스,CS,24,330,90,HAWAIIANSUN,24X11.5 OZ,Dry,24
06922J,PINEAPPLE & ORANGE JUICE,파인애플 & 오렌지 쥬스,CS,24,330,90,HAWAIIANSUN,24X11.5 OZ,Dry,24
06923J,GUAVA NECTAR JUICE,구아바 넥타 쥬스,CS,24,330,90,HAWAIIANSUN,24X11.5 OZ,Dry,24
06924J,PASS O GUAVA NECTAR JUICE,패션 후르츠 오렌지 구아바 넥타 쥬스,CS,24,330,90,HAWAIIANSUN,24X11.5 OZ,Dry,24
06929P,MARTYS CRACKLIN (PLAIN SALTED),마티스 크래클린 (플레인 소금맛),CS,47,280,90,OISHI,30X3.17 OZ,Dry,30
06930P,MARTYS CRACKLIN (SALT & VINEGAR),마티스 크래클린 (소금 & 식초맛),CS,49,280,90,OISHI,30X3.17 OZ,Dry,30
06931P,FISHDA FISH KROPECK SNACK,피쉬 칩 스낵,CS,43,280,90,OISHI,20X2.82 OZ,Dry,20
06932P,KIREI YUMMY FLAKES (SHRIMP),키레이 야미 플레이크 (새우맛),CS,46,280,90,OISHI,30X1.59 OZ,Dry,30
06935P,PRAWN CRACKERS (SWEET & EXTRA HOT),새우 크래커 (스윗 & 아주매운맛),CS,54,280,90,OISHI,30X3.17 OZ,Dry,30
06936P,RIBBED CRACKLINGS (SALT & VINEGAR),립드 크랙클링 (소금 & 식초맛),CS,50,280,90,OISHI,30X3.17 OZ,Dry,30
06937K,CRUNCHY PEPERO (L),크런치 빼빼로 (L),CS,39,280,90,LOTTE,9X4.94 OZ,Dry,9
06938K,PEPERO (CRUNCHY_ S),빼빼로 (크런치_ S),CS,41,280,90,LOTTE,40X1.38 OZ,Dry,40
07008K,ANCHOVY & KELP SOUP BASE (8TB),멸치_ 다시마 국물티백 (8TB),CS,45,280,90,HAEMIWON,10X5.3 OZ,Dry,10
07009K,ANCHOVY_ KELP & KATSUO SOUP BASE (8TB),멸치_ 다시마_ 가쓰오 국물티백 (8TB),CS,54,280,90,HAEMIWON,10X5.3 OZ,Dry,10
07040K,SEASONED SLICED SQUID (SMOKED_ HOT 5#),홍진미 (훈제_매운맛 5#),CS,226,460,90,MATSARANG,3X5 LB,Ref,3
07054K,SEASONED SLICED SQUID (SMOKED_HOT),홍진미 (훈제_매운맛),CS,97,460,90,MATSARANG,24X4 OZ,Ref,24
07055K,PREPARED SHREDDED SQUID (SAKIIKA_PLAIN),사끼이까 (플레인),CS,96,460,90,HANA,24X4 OZ,Ref,24
07056K,PREPARED SHREDDED SQUID (SAKIIKA_HOT),사끼이까 (매운맛),CS,96,460,90,HANA,24X4 OZ,Ref,24
07057K,PREPARED SHREDDED SQUID(SMOKED SAKIIKA_PLAIN,사끼이까 (훈제_플레인),CS,89,460,90,HANA,24X4 OZ,Ref,24
07058K,PREPARED SHREDDED SQUID (SMOKED SAKIIKA_HOT),사끼이까 (훈제_매운맛),CS,96,460,90,HANA,24X4 OZ,Ref,24
07072K,ROASTED & SEASONED LAVER (5X5SHT),[전장 김] 대천 재래김 (5X5SHT),CS,52,220,60,YISSINE,10X5X0.7 OZ,Dry,10
07073K,ROASTED & SEASONED LAVER (12P),[도시락 김] 대천 재래김 (12P),CS,51,220,60,YISSINE,12X12X0.17 OZ,Dry,12
07085K,DRIED SEAWEED (SANMOYOUNG_L),산모용 돌각미역 (L),CS,104,640,90,ASSI,15X6 OZ,Dry,15
07086K,DRIED SEAWEED (SANMOYOUNG_S),산모용 돌각미역 (S),CS,115,640,90,ASSI,30X3 OZ,Dry,30
07089C,DRIED SEAWEED (MIYEOK NARA),미역나라,CS,71,640,90,YISSINE,20X5 OZ,Dry,20
07091K,DRIED SEAWEED (PUREUNBADA_L),푸른바다 실미역 (L),CS,95,640,90,ASSI,12X7 OZ,Dry,12
07092K,DRIED SEAWEED (PUREUNBADA_S),푸른바다 실미역 (S),CS,115,640,90,ASSI,30X3 OZ,Dry,30
07095K,ROASTED & SEASONED FISH SNACK,꾸이맨,CS,73,280,90,KYONGJIN,6X10X1.05 OZ,Dry,60
07097K,ROASTED & SEASONED LAVER (10X5SHT),[전장 김] 올리브유 녹차김 박스 (10X5SHT),CS,131,220,60,ASSI,12X10X0.7 OZ,Dry,12
07100K,DRIED SEAWEED (GOGEUMDO),고금도 푸른미역,CS,64,460,90,YISSINE,15X5.29 OZ,Dry,15
07102K,DRIED SEAWEED (S),부드러운 실미역 (S),CS,52,1000,90,ASSI,15X5 OZ,Dry,15
07104K,ROASTED & SEASONED LAVER (GIFT BOX),[도시락 김] 서천 재래김 (선물박스),CS,43,220,60,ASSI,4X9X3X0.14 OZ,Dry,4
07105K,DRIED KELP,푸른바다 다시마,CS,82,460,90,ASSI,2X25X2 OZ,Dry,50
07106K,DRIED KELP,간편하게 튀겨먹는 다시마,CS,92,460,90,ASSI,24X4 OZ,Dry,24
07107K,DRIED LAVER SHRED (5.29 OZ),돌자반 (5.29 OZ),CS,102,280,90,ASSI,10X5.29 OZ,Dry,10
07108K,DRIED KELP (KOREA_22#),다시마 (22#),CS,187,460,90,ASSI,22 LB,Dry,1
07110K,DRIED KELP,푸른 다시마,CS,131,460,90,ASSI,24X8 OZ,Dry,24
07113K,DRIED KELP (KOREA_CUT_22#),썬 다시마 (KOREA_22#),CS,0,500,90,ASSI,22 LB,Dry,1
07118K,DRIED SEAWEED  SHREDDED,청정 해역 돌자반,CS,0,230,60,ASSI,20X2.8 OZ,Dry,20
07124K,ROASTED & SEASONED LAVER (3P),[도시락 김] 서산 재래김 (도시락용_3P),CS,22,220,60,ASSI,24X3X0.15 OZ,Dry,24
07129K,ROASTED & SEASONED LAVER (8+2P),[도시락 김] 올리브유 녹차김 (8+2P),CS,40,220,60,KWANGCHEON,10X10X0.17 OZ,Dry,10
07133K,ROASTED & SEASONED LAVER SHRED,광천 올리브유 녹차 돌자반,CS,56,220,60,KWANGCHEON,20X2.47 OZ,Dry,20
07135K,ROASTED & SEASONED LAVER (16P),[도시락 김] 파래김 (16P),CS,52,220,60,KWANGCHEON,8X16X0.17 OZ,Dry,8
07147K,ROASTED & SEASONED LAVER (12P),[도시락 김] 광천 올리브유 녹차김 (12P),CS,43,220,60,KWANGCHEON,10X12X0.17 OZ,Dry,10
07148K,ROASTED & SEASONED LAVER (8+2P),[도시락 김] 바다 야채 파래김 (8+2P),CS,41,220,60,KWANGCHEON,10X10X0.17 OZ,Dry,10
07149K,ROASTED & SEASONED LAVER (3P),[도시락 김] 올리브유 녹차김 (3P),CS,29,220,60,KWANGCHEON,24X3X0.17 OZ,Dry,24
07151K,ROASTED & SEASONED LAVER (8+2P),[도시락 김] 광천 바다 야채김 (8+2P),CS,40,220,60,ASSI,10X10X0.17 OZ,Dry,10
07152K,ROASTED & SEASONED LAVER (8+2P),[도시락 김] 올리브유로 구운 녹차김 (8+2P),CS,39,220,60,ASSI,10X10X0.17 OZ,Dry,10
07154K,DRIED SEAWEED (L),부드러운 실미역 (L),CS,86,1000,90,ASSI,12X10 OZ,Dry,12
07155K,ROASTED LAVER FOR SUSHI (W/PATTERN),삼각 김밥김 (W/김밥틀),CS,81,280,90,MYEONGGA,18X0.35 OZ,Dry,18
07156K,ROASTED LAVER FOR SUSHI,삼각 김밥김,CS,63,280,90,MYEONGGA,20X0.35 OZ,Dry,20
07157K,ROASTED & SEASONED LAVER (3P),올리브유로 구운 녹차김 (도시락_3P),CS,23,220,60,ASSI,24X3X0.17 OZ,Dry,24
07162K,ROASTED & SEASONED LAVER (3X5SHT),[전장 김] 소문난 파래 광천김 (3X5SHT),CS,45,220,60,KWANGCHEON,12X3X0.88 OZ,Dry,12
07167K,ROASTED & SEASONED LAVER (3P),[도시락 김] 재래김 (3P),CS,32,220,60,ASSI,24X3X0.17 OZ,Dry,24
07170K,ROASTED & SEASONED LAVER (3X5SHT),[전장 김] 재래김 (3X5SHT),CS,53,220,60,ASSI,24X2.1 OZ,Dry,24
07171K,ROASTED & SEASONED LAVER (3X5SHT),[전장 김] 올리브유 녹차김 (3X5SHT),CS,64,220,60,ASSI,24X2.1 OZ,Dry,24
07173K,ROASTED & SEASONED LAVER (3P),[도시락 김] 광천 재래김 (3P),CS,0,260,60,YISSINE,24X3X0.14 OZ,Dry,24
07174K,ROASTED & SEASONED LAVER (6P),[도시락 김] 올리브유로 구운 녹차김 (6P),CS,35,220,60,ASSI,12X6X0.17 OZ,Dry,12
07180K,ROASTED & SEASONED LAVER (12P),[도시락 김] 재래김 (12P),CS,47,220,60,ASSI,10X12X0.17 OZ,Dry,10
07183K,ROASTED & SEASONED LAVER (5X5SHT),녹차 재래 맛김 (5X5SHT),CS,98,220,60,SOLMOI,20X5X0.88 OZ,Dry,20
07184K,ROASTED & SEASONED LAVER (12P),녹차 재래 맛김 (도시락용_12P),CS,18,220,60,SOLMOI,6X12X0.18 OZ,Dry,6
07185K,SEAWEED FLAKE FOR KIDS,우리아이 주먹밥 김자반 ,CS,44,285,90,DONGWON,30X1.06 OZ,Dry,30
07192K,ROASTED & SEASONED LAVER (12P),[도시락 김] 더 바삭한 양반김 (12P),CS,47,280,90,DONGWON,10X12X0.17 OZ,Dry,10
07194K,ROASTED & SEASONED LAVER SHRED(2X2.12 OZ),달인 김병만의 김자반(2X2.12 OZ),CS,29,335,90,KWANGCHEON,10X2X2.12 OZ,Dry,10
07196K,ROASTED & SEASONED LAVER (16P),[도시락 김] 프렌즈 광천 파래김 (16P),CS,47,220,60,KWANGCHEON,8X16X0.14 OZ,Dry,8
07198K,ROASTED & SEASONED LAVER SHRED,프렌즈 광천 김자반,CS,40,220,60,KWANGCHEON,10X2X1.41 OZ,Dry,10
07199K,ROASTED & SEASONED LAVER (AVOCADO OIL_16P),[도시락 김] 아보카도유 김(16P),CS,48,335,90,KWANGCHEON,8X16X0.14 OZ,Dry,8
07200K,ROASTED & SEASONED LAVER (12P),달인 김병만의 재래 광천김 (12P_test),CS,26,330,90,KWANGCHEON,10X12X0.14 OZ,Dry,10
07205K,ROASTED & SEASONED LAVER (16P),[도시락 김] 더 고소한 재래김 도시락 (16P),CS,36,280,90,HAEPYO,6X16X0.17 OZ,Dry,6
07206K,ROASTED & SEASONED LAVER (16P),[도시락 김] 더 고소한 파래김 도시락 (16P),CS,32,280,90,HAEPYO,6X16X0.17 OZ,Dry,6
07207K,ROASTED & SEASONED LAVER (9P),달인 김병만의 광천김 (도시락용_9P),CS,32,220,60,KWANGCHEON,10X9X0.14 OZ,Dry,10
07208K,ROASTED & SEASONED LAVER (3P),[전장 김] 달인 김병만의 재래 광천김 (3P),CS,44,220,60,KWANGCHEON,12X3X0.71 OZ,Dry,12
07209K,ROASTED & SEASONED LAVER (3X5SHT),[전장 김] 3대째 달인 파래 광천김 (3X5SHT),CS,0,260,60,KWANGCHEON,12X3X0.7 OZ,Dry,12
07220K,PRE-CUT DRIED SEAWEED,절단 말린미역,CS,0,1040,90,SOOHYUP,10X2.82 OZ,Dry,10
07221K,ROASTED & SEASONED LAVER-PARAE GIM (16P),[도시락 김] 바다 야채 파래김(16P),CS,49,335,90,ASSI,8X16X0.17 OZ,Dry,8
07222K,ROASTED & SEASONED LAVER-OLIVE GREEN TEA GIM (16P),[도시락 김] 올리브유 녹차 김(16P),CS,46,335,90,ASSI,8X16X0.17 OZ,Dry,8
07223K,DRIED CUT SEAWEED (S),고흥산 컷트 미역 (S),CS,53,1000,90,ASSI,20X2.8 OZ,Dry,20
07224K,DRIED KELP,곤부 (다시마),CS,166,460,90,HANA,24X10.58 OZ,Dry,24
07225J,DRIED WAKAME SEAWEED - CUT,와카메 컷,EA,0,1040,90,HANA,10X2 LB,Dry,1
07231K,CANNED COCKLE,순살 왕꼬막,CS,99,1000,90,YUDONG,24X9.8 OZ,Dry,24
07232K,CANNED COCKLE & WHELK,순살 왕꼬막 & 골뱅이,CS,114,1000,90,YUDONG,24X9.8 OZ,Dry,24
07233K,ROASTED & SEASONED LAVER (3X5SHT),[전장 김] 재래김 (3X5SHT),CS,46,220,60,ASSI,12X2.11 OZ,Dry,12
07234K,ROASTED & SEASONED LAVER (3X5SHT),[전장 김] 올리브유 녹차김 (3X5SHT),CS,51,220,60,ASSI,12X2.11 OZ,Dry,24
07235K,SEAWEED FLAKE STICK (ORIGINAL),스틱 김자반 (오리지널),CS,79,285,90,KIMDAEGAM,15X5.29 OZ,Dry,15
07236K,SEAWEED FLAKE STICK (ZERO SUGAR),스틱 김자반 (제로 슈가),CS,79,285,90,KIMDAEGAM,15X5.29 OZ,Dry,15
07273K,SEASONED LAVER (OLIVE OIL_ 9P),올리브김 (도시락_ 9봉),CS,39,280,90,DONGWON,12X9X0.18 OZ,Dry,12
07275K,DRIED KELP,자른 다시마,CS,47,280,90,DONGWON,15X2.8 OZ,Dry,15
07278C,DRIED SLICED LAVER (KIZAMI NORI_L),기자미 노리 (L),CS,87,640,90,KABUTO,6X6.77 OZ,Dry,6
07295D,SPICY SAUSAGE&VEGETABLE SOUP W/CHEESE,존슨 부대찌개,CS,151,330,90,EMARTPK,24X15.9 OZ,Dry,24
07296D,SPICY BEEF BRISKET&VEGETABLE SOUP,차돌 육개장,CS,151,330,90,EMARTPK,24X15.9 OZ,Dry,24
07297D,OX BONE SOUP W/ BEEF,소고기 설렁탕,CS,110,330,90,EMARTPK,24X15.9 OZ,Dry,24
07299D,SEASONED SOYBEAN PASTE W/ PORK&BEEF,강된장 양념,CS,119,330,90,EMARTPK,24X12.3 OZ,Dry,24
07300K,ROASTED & SEASONED LAVER (16+4P),[도시락 김] 올리브유로 구운 재래김 (16+4P),CS,61,220,60,ASSI,10X20X0.14 OZ,Dry,10
07301K,ROASTED & SEASONED LAVER (16+4P),[도시락 김] 올리브유로 구운 파래김 (16+4P),CS,60,220,60,ASSI,10X20X0.14 OZ,Dry,10
07302K,ROASTED & SEASONED LAVER (16P),[도시락 김] 돌판구이 초사리김(16P),CS,56,285,90,DONGWON,10X16X0.14 OZ,Dry,10
07303K,ROASTED &SEASONED LAVER (3X5SHT),[전장 김] 구운생김 곱창돌김 (3X5SHT),CS,48,285,90,DONGWON,10X3X0.53 OZ,Dry,10
07304K,ROASTED & SEASONED LAVER (SESAME OIL_10X5SHT),[전장 김] 참기름 김 (10X5SHT),CS,61,285,90,DONGWON,6X10X0.71 OZ,Dry,6
07305K,ROASTED & SEASONED LAVER (ECO_ 20P),광천 에코  파래김 (무트레이_ 20P),CS,74,220,60,KWANGCHEON,10X20X0.17 OZ,Dry,10
07306K,ROASTED & SEASONED LAVER (SESAME OIL_12P),[도시락 김] 참기름 김 (12P),CS,47,285,90,DONGWON,10X12X0.16 OZ,Dry,10
07307K,ROASTED & SEASONED LAVER (PERILLA OIL_12P),[도시락 김] 들기름 김 (12P),CS,47,285,90,DONGWON,10X12X0.16 OZ,Dry,10
07308K,ROASTED & SEASONED LAVER (OLIVE_12P),[도시락 김] 올리브 김 (12P),CS,48,285,90,DONGWON,10X12X0.16 OZ,Dry,10
07309K,FRIED CALAMARI SNACK,후라이드 오징어 튀김,CS,149,285,90,GOMPYO,24X2.82 OZ,Dry,24
07310K,ROASTED SQUID (SOFT),맥반석 오징어,CS,101,280,90,JUNGHWA,30X1.76 OZ,Dry,30
07311K,ROASTED SQUID (ELECTRICAL),진미 오징어 (전기구이),CS,114,280,90,JUNGHWA,30X1.76 OZ,Dry,30
07312K,ROASTED SQUID (STRIP SPICY),핫진미 오징어,CS,101,280,90,JUNGHWA,30X1.06 OZ,Dry,30
07313K,ROASTED SQUID (SPICY),불고기 통 오징어 (매운맛),CS,114,280,90,JUNGHWA,30X1.76 OZ,Dry,30
07314K,ROASTED SQUID LEG (SMOKED),숫불 오징어 다리 구이,CS,99,280,90,JUNGHWA,30X1.76 OZ,Dry,30
07315K,ROASTED SQUID (SOFT),맥반석 오징어,CS,71,285,90,JUNGHWA,30X0.88 OZ,Dry,30
07316K,ROASTED SQUID (ELECTRICAL),진미 오징어 (전기구이),CS,106,285,90,JUNGHWA,30X1.94 OZ,Dry,30
07317K,ROASTED SQUID (STRIP SPICY),핫진미 오징어,CS,68,285,90,JUNGHWA,30X1.23 OZ,Dry,30
07318K,ROASTED SQUID (SPICY),불고기 통 오징어 (매운맛),CS,94,285,90,JUNGHWA,30X1.94 OZ,Dry,30
07319K,ROASTED SQUID LEG (SMOKED),숫불 오징어 다리 구이,CS,90,285,90,JUNGHWA,30X1.58 OZ,Dry,30
07320K,ROASTED SQUID (SPICY),핫 오징어,CS,80,285,90,JUNGHWA,30X1.23 OZ,Dry,30
07321K,TRUFFLE CRISPY SQUID SNACK,트러플 크리스피 오징어,CS,116,285,90,FRIED SEA,24X1.5 OZ,Dry,24
07322K,CAJUN CRISPY SQUID SNACK,케이준 크리스피 오징어,CS,113,285,90,FRIED SEA,24X1.5 OZ,Dry,24
07339J,SUSHI LAVER (SUSHI NORI_GREEN_40SHT),스시김 (스시 노리_그린_40장),CS,363,640,90,ASSI,50X3.52 OZ,Dry,50
07341J,SUSHI LAVER (SUSHI NORI_GOLD_100SHT),스시김 (스시 노리_골드_100장),CS,385,640,90,ASSI,20X8.81 OZ,Dry,20
07342J,SUSHI LAVER (SUSHI NORI_GREEN_100SHT),스시김 (스시 노리_그린_100장),CS,350,640,90,ASSI,20X8.81 OZ,Dry,20
07344J,SUSHI LAVER (SUSHI NORI_GOLD_40SHT),스시김 (스시 노리_골드_40장),CS,389,640,90,ASSI,50X3.52 OZ,Dry,50
07345J,ROASTED LAVER (GOLD_8SHT),[전장 김] 구운김 (골드_8장),CS,0,680,90,HANA,40X0.56 OZ,Dry,40
07346J,ROASTED LAVER (YAKI NORI_BLUE_8SHT),스시 노리 (블루_8장),CS,85,280,90,HANA,40X0.56 OZ,Dry,40
07347J,ROASTED LAVER (YAKI NORI_GREEN_8SHT),스시 노리 (그린_8장),CS,82,280,90,HANA,40X0.56 OZ,Dry,40
07350K,"ROASTED LAVER (YAKI SUSHI NORI, 100SHT)",두 번 구운 김밥김 (100장),CS,309,280,90,YISSINE,20X8.46 OZ,Dry,20
07352J,ORGANIC SUSHI NORI (HALF CUT ROASTED LAVER 200SHT),유기농 구운김(반장_스시노리 200장),CS,139,510,90,ASSI,10X9.88 OZ,Dry,10
07353J,ORGANIC SUSHI NORI (PREMEUM ROASTED LAVER 100SHT),유기농 구운김(전장_스시노리 100장),CS,167,510,90,ASSI,10X9.88 OZ,Dry,10
07419C,SARDINES IN TOMATO SAUCE,사딘 인 토마토 (정어리),CS,54,640,90,OM,24X15 OZ,Dry,24
07434K,COOKED SILKWORM CHRYSALIS (CAN),번데기 (캔),CS,56,1000,90,SAMPO,48X4.5 OZ,Dry,48
07441D,LUNCHEON LOAF,저염 햄,CS,58,1050,90,ASSI,24X12 OZ,Dry,24
07445D,LUNCHEON MEAT,런천 미트,CS,86,1050,90,DONGWON,24X12 OZ,Dry,24
07463K,BOILED MACKEREL (CAN),고등어 통조림,CS,44,1000,90,YUDONG,24X14.1 OZ,Dry,24
07464K,BOILED MACKEREL PIKE (CAN),꽁치 통조림,CS,100,1000,90,DONGWON,24X14.1 OZ,Dry,24
07465K,BOILED MACKEREL (CAN),고등어 통조림,CS,71,1000,90,DONGWON,24X14.1 OZ,Dry,24
07466K,BOILED MACKEREL PIKE (CAN),꽁치 통조림,CS,43,1000,90,ASSI,24X14.1 OZ,Dry,24
07474K,BOILED MACKEREL PIKE,꽁치 통조림,CS,0,1040,90,YUDONG,24X14.1 OZ,Dry,24
07478K,BOILED MACKEREL PIKE (CAN),꽁치 통조림,CS,78,1015,90,ASSI,24X10.6 OZ,Dry,24
07479K,BAI TOP SHELL (CAN),자연산 골뱅이 (캔),CS,167,1000,90,DONGWON,24X14.1 OZ,Dry,24
07480K,BAI TOP SHELL (CAN_HOT),자연산 골뱅이 (캔_매운맛),CS,160,1000,90,DONGWON,24X14.1 OZ,Dry,24
07486K,TUNA CAN (S_ LIGHT+ HOT),살코기 참치 (라이트 + 고추참치),CS,101,1720,90,DONGWON,12X4X5.3 OZ,Dry,12
07487K,"TUNA CAN (S, 4 CHUNK+ 2HOT)",살코기 참치 4 + 고추 참치 2 (S_6 캔),CS,81,1745,90,DONGWON,6X6X4.8 OZ,Dry,6
07490K,DONGWON TUNA GIFT SET (S14),동원참치 선물 세트(S14호),CS,129,1745,90,DONGWON,6X14X3.17 OZ,Dry,6
07491K,DONGWON GIFT SET (SPECIAL 14_7PC),동원 선물 세트(스페셜 14호_7PC),CS,79,1745,90,DONGWON,6X7 PC,Dry,6
07590K,BAI TOP SHELL (L_CAN),자연산 골뱅이 (L_캔),CS,167,1000,90,YUDONG,24X14.1 OZ,Dry,24
07594K,BAI TOP SHELL (CAN),자연산 골뱅이 (캔),CS,144,1000,90,ASSI,24X14.1 OZ,Dry,24
07597K,TUNA CAN (S_ 4 CHUNK+4 DHA),살코기 참치 4 + DHA 참치 4 (S_ 8 캔),CS,147,2440,90,DONGWON,10X8X3.2 OZ,Dry,10
07598K,TUNA CAN (S_4CAN),살코기 참치 (S_4캔),CS,114,2440,90,DONGWON,12X4X5.3 OZ,Dry,12
07599K,TUNA CAN (L_3CAN),살코기 참치 (L_3캔),CS,124,2440,90,DONGWON,12X3X8.81 OZ,Dry,12
07600K,TUNA CAN (S),살코기 참치 (S),CS,109,2440,90,DONGWON,48X5.3 OZ,Dry,48
07601K,TUNA CAN (L),살코기 참치 (L),CS,128,2440,90,DONGWON,36X8.81 OZ,Dry,36
07602K,TUNA CAN (DHA_S),DHA 참치 (S),CS,109,2440,90,DONGWON,48X5.3 OZ,Dry,48
07605K,TUNA CAN (HOT_S),고추 참치 (S),CS,109,1720,90,DONGWON,48X5.3 OZ,Dry,48
07617K,TUNA CAN (KIMCHI_S),김치찌개 참치 (S),CS,103,1720,90,DONGWON,48X5.3 OZ,Dry,48
07618K,TUNA CAN (DOUBLE HOT PEPPER_S),매운 고추 참치 (S),CS,109,1720,90,DONGWON,48X5.3 OZ,Dry,48
07619K,TUNA CAN (S_ 6 CHUNKS+2 HOT+CONTAINER),살코기 참치 6 +고추 참치 2 +반찬통 (S_8),CS,105,1720,90,DONGWON,10X8X3.2 OZ,Dry,10
07622K,TUNA CAN (HOT_S_4CAN),고추 참치 (S_4캔),CS,113,1720,90,DONGWON,12X4X5.3 OZ,Dry,12
07623K,TUNA CAN (KIMCHI_S_4CAN),김치찌개 참치 (S_4캔),CS,109,1720,90,DONGWON,12X4X5.3 OZ,Dry,12
07628K,TUNA CAN (W/KIMCHI SAUCE_S_4CAN),김치 참치 (김치소스_ S_4캔),CS,136,1720,90,DONGWON,20X4X3.17 OZ,Dry,20
07629K,TUNA CAN (S),살코기 참치 (S),CS,120,2440,90,DONGWON,48X4.8 OZ,Dry,48
07630K,TUNA CAN (DHA_S),DHA 참치 (S),CS,122,2440,90,DONGWON,48X4.8 OZ,Dry,48
07631K,TUNA CAN (HOT_S),고추 참치 (S),CS,121,1745,90,DONGWON,48X4.8 OZ,Dry,48
07632K,TUNA CAN (DOUBLE HOT PEPPER_S),매운 고추 참치 (S),CS,122,1745,90,DONGWON,48X4.8 OZ,Dry,48
07633K,TUNA (VEGETABLES_S_4CAN),야채참치 (S_4캔),CS,114,1745,90,DONGWON,12X4X4.8 OZ,Dry,12
07634K,TUNA (DHA_S_4CAN), DHA 참치(S_4캔),CS,116,2475,90,DONGWON,12X4X4.8 OZ,Dry,12
07635K,TUNA (DOUBLE HOT PEPPER_S_4CAN),매운고추참치 (S_4캔),CS,114,1745,90,DONGWON,12X4X4.8 OZ,Dry,12
07636K,SESAME OIL TUNA CAN (S_4CAN),동원맛참 고소참기름 (S_4 참치캔),CS,96,1745,90,DONGWON,12X4X4.8 OZ,Dry,12
07637K,SPICY SESAME OIL TUNA CAN (S_4CAN),동원맛참 매콤참기름 (S_4 참치캔),CS,96,1745,90,DONGWON,12X4X4.8 OZ,Dry,12
07638K,TUNA CAN (FIERY HOT_S),불참치 (S),CS,96,1745,90,DONGWON,48X4.8 OZ,Dry,48
07639K,TUNA CAN (KOREAN BBQ_S),갈비참치 (S),CS,96,1745,90,DONGWON,48X4.8 OZ,Dry,48
07823T,FISH SAUCE (33.8OZ),멸치 액젓 (33.8OZ),CS,16,640,90,ASSI,12X33.08 OZ,Dry,12
07824K,FISH SAUCE (1.18 GAL),멸치 액젓 (1.18 GAL),CS,27,640,90,ASSI,3X1.18 GAL,Dry,3
07826T,FISH SAUCE,피쉬 소스,CS,27,640,90,THREEELEPHANTS,12X23.67 OZ,Dry,12
07834K,ANCHOVY GOLD FISH SAUCE (900ML),멸치액젓 (900ML),CS,0,690,90,YISSINE,12X30.4 OZ,Dry,12
07839K,LANCEFISH SAUCE (S),까나리 액젓 (S),CS,51,460,90,ASSI,12X30.4 OZ,Dry,12
07845K,FISH SAUCE (ANCHOVY),남해안 멸치 액젓,CS,54,640,90,ASSI,12X30.4 OZ,Dry,12
07846K,FISH SAUCE (SAND LANCE),서해안 까나리 액젓,CS,57,640,90,ASSI,12X30.4 OZ,Dry,12
08001D,ICHIBAN RAMEN (ORIGINAL US24),이찌방 라면 (오리지날 US24),CS,17,330,90,SAPPORO,24X3.5 OZ,Dry,24
08002K,NAENGMYEON (2S_ BEEF),웰빙 사골 냉면 (2S),CS,47,460,90,YISSINE,10X36.03 OZ,Dry,10
08003K,NAENGMYEON (2S_ RADISH KIMCHI),웰빙 동치미 냉면 (2S),CS,45,460,90,YISSINE,10X36.03 OZ,Dry,10
08011K,DRIED NAENGMYEON (5S_BUCKWHEAT),순메밀 냉면 (5S),CS,79,460,90,ASSI,2X10X24 OZ,Dry,2
08014K,NAENGMYEON (W/O SOUP BASE),스프없는 순메밀 냉면,CS,70,640,90,ASSI,2X10X1.5 LB,Dry,2
08015K,SEAFOOD RAMEN (KING CUP),일품 해물 라면 (킹컵),CS,26,280,90,PALDO,16X3.88 OZ,Dry,16
08016K,HWA RAMEN (KING CUP),화 라면 (킹컵),CS,26,280,90,PALDO,16X3.88 OZ,Dry,16
08017K,NAENGMYEON (W/ SPICY SAUCE),비빔 냉면,CS,68,460,90,ASSI,2X10X1.35 LB,Dry,2
08021K,JAPCHAE NOODLES (L),잡채당면 (L),CS,79,640,90,ASSI,8X4 LB,Dry,8
08022K,SWEET POTATO NOODLES (SPECIAL_ 2#),특 당면 (2#),CS,55,640,90,YISSINE,12X2 LB,Dry,12
08024K,SWEET POTATO NOODLES (JANGTEO),장터 골드 당면,CS,82,640,90,ASSI,44X12 OZ,Dry,44
08025K,CUT SWEET POTATO NOODLES (S),자른 장터당면 (S),CS,52,640,90,ASSI,24X12 OZ,Dry,24
08026K,SWEET POTATO NOODLES (JAPCHAE_ 33#),잡채 당면 (33#),CS,66,640,90,ASSI,33 LB,Dry,1
08027K,SWEET POTATO NOODLES (JAPCHAE_1.5#),잡채 당면 (1.5#),CS,58,640,90,ASSI,15X1.5 LB,Dry,15
08034K,KIMCHI RAMEN (5P),김치 라면 (5P),CS,51,280,90,SAMYANG,8X5X4.23 OZ,Dry,8
08038K,SAMYANG RAMEN (CUP_ 6P),삼양 라면 컵 (6P),CS,8.9,280,90,SAMYANG,6X2.29 OZ,Dry,6
08041K,SAVORY VEGETABLE RAMEN (5P),맛있는 라면 (5P),CS,55,280,90,SAMYANG,8X5X4.06 OZ,Dry,8
08044D,ORIGINAL RAMEN (5P),오리지날 라면 (5P),CS,22,330,90,SAPPORO,6X5X3.5 OZ,Dry,6
08045D,MISO RAMEN (5P),미소 라면 (5P),CS,25,330,90,SAPPORO,6X5X3.55 OZ,Dry,6
08046K,KIMCHI RAMEN,김치라면,CS,11.5,280,90,SAMYANG,20X4.23 OZ,Dry,20
08048K,SEAFOOD PARTY RAMEN (5P),해물파티(5P),CS,27,280,90,SAMYANG,8X5X4.4 OZ,Dry,8
08050K,SAMYANG RAMEN ORIGINAL (5P),삼양 라면 오리지널 (5P),CS,44,280,90,SAMYANG,8X5X4.23 OZ,Dry,8
08051K,SUTAH RAMEN (5P_HOT&SPICY BEEF FLAVOR),수타면 (5P),CS,49,280,90,SAMYANG,8X5X4.23 OZ,Dry,8
08052K,JJAJANG RAMEN (5P),짜장라면 (5P),CS,45,280,90,SAMYANG,8X5X4.94 OZ,Dry,8
08055D,SHIO RAMEN (5P),시오 라면 (5P),CS,25,330,90,SAPPORO,6X5X3.6 OZ,Dry,6
08057K,SAMYANG RAMEN ORIGINAL,삼양 라면 오리지널,CS,22,280,90,SAMYANG,20X4.23 OZ,Dry,20
08058K,HOT BEEF FLAVOR RAMEN (5P),쇠고기면 (5P),CS,24,280,90,SAMYANG,8X5X4.23 OZ,Dry,8
08059K,UDON (5P),우동 (5P),CS,12.1,280,90,SAMYANG,4X5X4.23 OZ,Dry,4
08062J,TOMOSHIRAGA SOMEN (3#),토모시라가 소면 (3#),CS,49,640,90,ASSI,12X3 LB,Dry,12
08064J,UDON NOODLES (HOSHI MARU_3#),호시마루 우동 (3#),CS,73,280,90,HANA,12X3 LB,Dry,12
08066K,CHUNCHEON STYLE BUCKWHEAT COLD NOODLES (2S),춘천 막국수 (2S),CS,56,460,90,ASSI,12X17.7 OZ,Dry,12
08068K,JJOL-MYEON W/ SAUCE,비빔 생쫄면,CS,41,460,90,ASSI,12X14.81 OZ,Dry,12
08070K,ORIENTAL STYLE NOODLES,소면,CS,0,600,90,ASSI,12X2 LB,Dry,12
08071K,KALGUKSU NOODLES (5P_CLAM FLAVOR),바지락 칼국수 (5P),CS,24,280,90,SAMYANG,8X5X3.53 OZ,Dry,8
08076K,EXTREME BULDAK ZZALDDUK SNACK,핵 불닭 짤떡 스낵,CS,0,280,90,SAMYANG,24X2.82 OZ,Dry,24
08080K,INSTANT UDON (SEAFOOD_ 2P),해물맛 우동 (2P),CS,47,280,90,ASSI,16X15.3 OZ,Dry,16
08081K,HOT & SPICY UDON NOODLE (2P),육개장 우동 (2P),CS,45,280,90,ASSI,16X15.3 OZ,Dry,16
08082K,INSTANT UDON (KATSUO_ 2P),가쓰오 우동 (2P),CS,47,280,90,ASSI,16X16.71 OZ,Dry,16
08084K,NOODLES (W/O Soup),라면 사리(W/O SOUP BASE),CS,16,285,90,UNBRANDED,60X3.53 OZ,Dry,60
08085T,ORIENTAL STYLE NOODLES,오리엔탈 스타일 누들,CS,70,280,90,WAIWAI,6X30X2.1 OZ,Dry,180
08087T,SHRIMP TOM YUM NOODLES (CUP),쉬림프 탐염 누들 (CUP),CS,14,370,90,MAMA,12X2.47 OZ,Dry,12
08088T,CHICKEN NOODLES (CUP),치킨 누들 (CUP),CS,13.5,370,90,MAMA,12X2.47 OZ,Dry,12
08089T,PORK NOODLES (CUP),포크 누들 (CUP),CS,13.8,370,90,MAMA,12X2.47 OZ,Dry,12
08090K,KATSUO UDON NOODLE BOWL,가쓰오 우동,CS,52,280,90,ASSI,4X6X8.3 OZ,Dry,4
08091K,SEAFOOD UDON NOODLE BOWL,해물맛 우동,CS,50,280,90,ASSI,4X6X7.7 OZ,Dry,4
08092K,HOT & SPICY UDON NOODLE BOWL,육개장 우동,CS,49,280,90,ASSI,4X6X7.58 OZ,Dry,4
08093K,INSTANT SPICY SEAFOOD NOODLE BOWL,수타식 짬뽕 (BOWL),CS,57,280,90,ASSI,4X6X7.9 OZ,Dry,4
08094K,INSTANT JJAJANG NOODLE BOWL,수타식 짜장 (BOWL),CS,53,280,90,ASSI,4X6X8.2 OZ,Dry,4
08095T,SHRIMP TOM YUM NOODLES,쉬림프 탐염 누들,CS,72,370,90,MAMA,6X20X3.17 OZ,Dry,120
08096T,CHICKEN NOODLES,치킨 누들,CS,72,370,90,MAMA,6X20X3.17 OZ,Dry,120
08097T,PORK NOODLES,포크 누들,CS,71,370,90,MAMA,6X20X3.17 OZ,Dry,120
08098T,CREAMY TOM YUM NOODLES,크리미 탐염 누들,CS,71,370,90,MAMA,6X20X3.17 OZ,Dry,120
08100K,KIMCHI RICE NOODLE SOUP BOWL,김치맛 쌀국수,CS,42,640,90,ASSI,4X8X3.17 OZ,Dry,4
08101K,PHO (VIETNAMESE RICE NOODLE SOUP BOWL),월남국수,CS,41,640,90,ASSI,4X6X3.5 OZ,Dry,4
08106K,ANCHOVY FLAVOR  RICE NOODLE SOUP BOWL,멸치맛 쌀국수,CS,42,640,90,ASSI,4X8X3.17 OZ,Dry,4
08107K,BEEF FLAVOR RICE NOODLE SOUP BOWL,사골맛 쌀국수,CS,43,640,90,ASSI,4X8X3.1 OZ,Dry,4
08108K,HOT & SPICY RICE NOODLE SOUP BOWL,육개장맛 쌀국수,CS,48,640,90,ASSI,4X8X3.1 OZ,Dry,4
08109K,DRIED NOODLES (MAK_5#),장터 막국수 (5#),CS,39,640,90,ASSI,6X5 LB,Dry,6
08110K,MAK-GUKSOO NOODLES (4#),장터 막국수 (4#),CS,43,640,90,ASSI,9X4 LB,Dry,9
08111K,JJA-JANG NOODLES (4#),장터 짜장국수 (4#),CS,44,640,90,ASSI,9X4 LB,Dry,9
08112K,UDON NOODLES (4#),장터 우동국수 (4#),CS,44,640,90,ASSI,9X4 LB,Dry,9
08113K,MAK-GUKSOO NOODLES (2#),장터 막국수 (2#),CS,46,640,90,ASSI,18X2 LB,Dry,18
08114K,JJA-JANG NOODLES (2#),장터 짜장국수 (2#),CS,50,640,90,ASSI,18X2 LB,Dry,18
08115K,UDON NOODLES (2#),장터 우동국수 (2#),CS,44,640,90,ASSI,18X2 LB,Dry,18
08117K,KAL-GUKSOO NOODLES (2#),장터 칼국수 (2#),CS,45,640,90,ASSI,18X2 LB,Dry,18
08118K,KAL-GUKSOO NOODLES (4#),장터 칼국수 (4#),CS,43,640,90,ASSI,9X4 LB,Dry,9
08119K,SEOUL STYLE DRIED NOODLES (MAKGUKSU),막국수,CS,0,600,90,SEOUL,9X4 LB,Dry,9
08142J,ICHIBAN RAMEN (BEEF),이찌방 라면 (소고기),CS,17,330,90,SAPPORO,24X3.5 OZ,Dry,24
08143J,ICHIBAN RAMEN (CHICKEN),이찌방 라면 (닭고기),CS,17,330,90,SAPPORO,24X3.5 OZ,Dry,24
08144J,ICHIBAN RAMEN (SHRIMP),이찌방 라면 (새우),CS,17,330,90,SAPPORO,24X3.5 OZ,Dry,24
08145K,WIDE SWEET POTATO NOODLES,옛날 납작 당면,CS,80,640,90,OTOKI,20X14.1 OZ,Dry,20
08147K,SHIN RAMEN (10P),신 라면 (10P),CS,10.9,330,90,NONGSHIM,10X4.2 OZ,Dry,10
08148J,STIR FRY NOODLES W/SEASONING,야끼 소바 (챠우멘),CS,17,330,90,SAPPORO,24X3.6 OZ,Dry,24
08150K,ASIAN NOODLES (MAK_ORGANIC),유기농 막국수,CS,82,640,90,ORGANICRANCH,12X3 LB,Dry,12
08153K,ASIAN NOODLES (SOMEN_ORGANIC),유기농 소면,CS,79,640,90,ORGANICRANCH,12X3 LB,Dry,12
08155K,BULDAK RAMEN (5P),불닭 볶음면 (5P),CS,53,280,90,SAMYANG,8X5X4.9 OZ,Dry,8
08156K,ASIAN NOODLES (SOBA_ORGANIC),유기농 메밀 국수,CS,84,640,90,ORGANICRANCH,12X3 LB,Dry,12
08157K,BULDAK RAMEN (CUP_6P),불닭 볶음면 컵 (6P),CS,10.2,280,90,SAMYANG,6X2.47 OZ,Dry,6
08158K,BULDAK RAMEN (BIG BOWL),불닭 볶음면 큰컵,CS,36,280,90,SAMYANG,16X3.7 OZ,Dry,16
08160K,SHANDONG NOODLES (WIDE),산동라면 (WIDE),CS,0,600,90,EMPEROR,8X4.4 LB,Dry,8
08163K,SHANDONG NOODLES (MEDIUM),산동라면 (MEDIUM),CS,0,600,90,EMPEROR,8X4.4 LB,Dry,8
08165K,BULNAK HOT OCTOPUS RAMEN (4P),불낙 볶음면 (4P),CS,21,280,90,PALDO,4X4X4.58 OZ,Dry,4
08166K,SHANDONG NOODLES (THIN),산동라면 (THIN),CS,0,600,90,EMPEROR,8X4.4 LB,Dry,8
08171K,RABOKKI STIR-FRIED RAMEN (4P),라볶이 라면 (4P),CS,23,280,90,PALDO,4X4X5.11 OZ,Dry,4
08173K,MAT CHAMPONG NOODLES (4P),맛 짬뽕 (4P),CS,63,220,60,NONGSHIM,8X4X4.58 OZ,Dry,8
08178K,SOON KIMCHI RAMEN (CUP_6P),순 김치 컵라면 (6P),CS,8.3,280,90,NONGSHIM,6X2.64 OZ,Dry,6
08179K,CHEESE BULDAK RAMEN (5P),치즈 불닭 볶음면 (5P),CS,55,280,90,SAMYANG,8X5X4.94 OZ,Dry,8
08180K,SHIN RAMEN (4P),신 라면 (4P),CS,17,330,90,NONGSHIM,4X4X4.2 OZ,Dry,4
08185K,NAMJA RAMEN (5P),남자 라면 (5P),CS,25,280,90,PALDO,4X5X4.06 OZ,Dry,4
08189K,SHIN RAMEN BLACK (4P),신 라면 블랙 (4P),CS,53,330,90,NONGSHIM,6X4X4.58 OZ,Dry,6
08193K,SHIN RAMEN BLACK (CUP_6P),신 라면 블랙 컵 (6P),CS,14.7,330,90,NONGSHIM,6X3.5 OZ,Dry,6
08198K,ANSUNGTANGMYUN RAMEN (4P_ SPICY MISO),안성탕면 (4P),CS,31,330,90,NONGSHIM,6X4X4.4 OZ,Dry,6
08200K,KIMCHI RAMEN (4P),김치 라면 (4P),CS,31,330,90,NONGSHIM,6X4X4.2 OZ,Dry,6
08203K,MUPAMA RAMEN (4P),무파마탕면 (4P),CS,59,280,90,NONGSHIM,8X4X4.3 OZ,Dry,8
08206K,TEMPURA UDON  (CUP_6P),튀김우동 컵 (6P),CS,8,280,90,NONGSHIM,6X2.64 OZ,Dry,6
08207K,NEOGURI UDON (SPICY SEAFOOD),너구리,CS,20,330,90,NONGSHIM,16X4.2 OZ,Dry,16
08210K,CHAMPONG RAMEN,오징어 짬뽕,CS,30,220,60,NONGSHIM,20X4.37 OZ,Dry,20
08211K,CHAPAGETTI NOODLES,짜파게티,CS,22,330,90,NONGSHIM,16X4.5 OZ,Dry,16
08212K,SHIN RAMEN (BOWL 12P),신 사발면,CS,13.1,330,90,NONGSHIM,12X3.03 OZ,Dry,12
08213K,HOT & SPICY RAMEN (BOWL),육개장 사발면,CS,13,330,90,NONGSHIM,12X3.03 OZ,Dry,12
08215K,UDON RAMEN (BIG BOWL),튀김우동 큰사발,CS,27,330,90,NONGSHIM,12X4.02 OZ,Dry,12
08217K,SHIN RAMEN (BIG BOWL 12P),신 큰사발,CS,19,330,90,NONGSHIM,12X4.02 OZ,Dry,12
08219K,SHIN RAMEN (16P),신 라면,CS,20,330,90,NONGSHIM,16X4.2 OZ,Dry,16
08220K,SHIN RAMEN (CUP_6P),신 라면 컵 (6P),CS,7.6,220,60,NONGSHIM,6X2.64 OZ,Dry,6
08221K,FRESH UDON (BOWL_12P),생생우동 사발 (12P),CS,48,160,60,NONGSHIM,12X9.73 OZ,Dry,12
08223K,FRESH UDON,생생우동,CS,58,160,60,NONGSHIM,20X9.73 OZ,Dry,20
08224K,KIMCHI RAMEN (BOWL),김치 사발면,CS,14.1,330,90,NONGSHIM,12X3.03 OZ,Dry,12
08225K,SHRIMP RAMEN (CUP_6P),새우탕 컵 (6P),CS,8.2,280,90,NONGSHIM,6X2.3 OZ,Dry,6
08226K,BEEF RAMEN (BOWL),소고기 사발면,CS,14.9,330,90,NONGSHIM,12X3.03 OZ,Dry,12
08229K,SOON RAMEN (4P),순 라면 (4P),CS,46,270,60,NONGSHIM,8X4X3.95 OZ,Dry,8
08235K,NEOGURI UDON (4P_SPICY SEAFOOD),너구리 (4P),CS,31,330,90,NONGSHIM,6X4X4.2 OZ,Dry,6
08236K,CHAPAGETTI NOODLES (4P),짜파게티 (4P),CS,33,330,90,NONGSHIM,6X4X4.5 OZ,Dry,6
08242K,HOT SPICY RAMEN (CUP),육개장 라면 (컵),CS,8.3,280,90,OTOKI,6X2.18 OZ,Dry,6
08248K,JIN RAMEN (CUP_MILD),진 라면 컵 (순한맛),CS,5.4,280,90,OTOKI,6X2.29 OZ,Dry,6
08252K,"JIN RAMEN (SPICY, 18P)","진 라면 (매운맛, 18P)",CS,18,280,90,OTOKI,18X4.23 OZ,Dry,18
08253K,"JIN RAMEN (MILD, 18P)","진 라면 (순한맛, 18P)",CS,18,280,90,OTOKI,18X4.23 OZ,Dry,18
08256K,YEUL RAMEN (5P_HOT),열 라면 (5P),CS,49,280,90,OTOKI,8X5X4.23 OZ,Dry,8
08257K,JJAJANG NOODLES (5P_BLACK BEAN),북경 짜장 (5P),CS,49,280,90,OTOKI,8X5X4.76 OZ,Dry,8
08258K,CHAMPONG NOODLES (5P_SPICY SEAFOOD),북경 짬뽕 (5P),CS,49,280,90,OTOKI,8X5X4.23 OZ,Dry,8
08277K,BIBIM JJOL-MYEON,면발의 신 생쫄비빔면,CS,78,190,60,DONGWON,20X14.29 OZ,Dry,20
08278K,BUCKWHEAT NOODLES W/ SPICY SAUCE,면발의 신 쟁반 막국수,CS,78,190,60,DONGWON,20X14.29 OZ,Dry,20
08279K,"JIN RAMEN (MILD, 4P)","진 라면 (순한맛, 4P)",CS,35,280,90,OTOKI,8X4X4.23 OZ,Dry,8
08280K,"JIN RAMEN (SPICY, 4P)","진 라면 (매운맛, 4P)",CS,35,280,90,OTOKI,8X4X4.23 OZ,Dry,8
08285K,CHEESE FROMAGE RAMYUN (4P),치즈라면 (4P),CS,0,351,90,PALDO,8X4X3.91 OZ,Dry,8
08286K,SOON RAMEN (CUP_6P),순 라면 컵 (6P),CS,8.6,280,90,NONGSHIM,6X2.64 OZ,Dry,6
08288K,KIMCHI RAMEN (5P),김치라면 (5P),CS,52,280,90,OTOKI,8X5X4.23 OZ,Dry,8
08290K,CHICKEN RAMEN (BOWL_SPICY),닭개장 사발면 (매운맛),CS,16,330,90,NONGSHIM,12X3.03 OZ,Dry,12
08291K,SHRIMP RAMEN (BOWL_SPICY),새우 사발면 (매운맛),CS,15,330,90,NONGSHIM,12X3.03 OZ,Dry,12
08293K,CHICKEN RAMEN (BOWL_MILD),닭개장 사발면 (순한맛),CS,14.5,330,90,NONGSHIM,12X3.03 OZ,Dry,12
08294K,SHRIMP RAMEN (BOWL_MILD),새우 사발면 (순한맛),CS,15,330,90,NONGSHIM,12X3.03 OZ,Dry,12
08295K,LOBSTER RAMEN (BOWL),랍스터 사발면,CS,15,330,90,NONGSHIM,12X3.03 OZ,Dry,12
08301K,BUCKWHEAT NOODLE W/O SOUP BASE,메밀국수,CS,0,600,90,HANA,30X10.5 OZ,Dry,30
08302J,BUCKWHEAT NOODLES (ZARU SOBA_4#),자루 소바 (4#),CS,54,640,90,KABUTO,9X4 LB,Dry,9
08304K,SOBA NOODLES (L),봉평 메밀국수 (L),CS,45,640,90,ASSI,9X3.5 LB,Dry,9
08305J,BUCKWHEAT NOODLES (ZARU SOBA_28 OZ),자루 소바 (28 OZ),CS,50,640,90,KABUTO,18X28 OZ,Dry,18
08308K,SOBA NOODLES (S),봉평 메밀국수 (S),CS,39,640,90,ASSI,12X2 LB,Dry,12
08309K,K.ARMY STEW STYLE NOODLE SOUP,부대찌개 라면 (4P),CS,53,330,90,NONGSHIM,6X4X4.65 OZ,Dry,6
08313J,BUCKWHEAT NOODLES (YAMAIMO SOBA),야마이모(마) 소바,CS,51,640,90,HANA,18X28.2 OZ,Dry,18
08324K,JIN RAMEN CUP (SPICY),진 라면 컵 (매운맛),CS,7,280,90,OTOKI,6X2.29 OZ,Dry,6
08325K,JIN RAMEN CUP (MILD),진 라면 컵 (순한맛),CS,6.9,280,90,OTOKI,6X2.29 OZ,Dry,6
08341K,VEGAN SHIN RAMEN (CUP_6P),VEGAN 신 라면 컵 (6P),CS,7.9,330,90,NONGSHIM,6X2.64 OZ,Dry,6
08343K,ODONGTONG NOODLES (4P_SEAFOOD),오동통면 (4P),CS,48,280,90,OTOKI,8X4X4.23 OZ,Dry,8
08344K,SHIN RAMEN BLACK (4P),신 라면 블랙 (4P),CS,34,330,90,NONGSHIM,4X4X4.2 OZ,Dry,4
08345K,NEOGURI UDON (4P_SPICY SEAFOOD),너구리 (4P),CS,19,330,90,NONGSHIM,4X4X4.2 OZ,Dry,4
08346K,KIMCHI RAMEN (4P),김치 라면 (4P),CS,20,330,90,NONGSHIM,4X4X4.42 OZ,Dry,4
08347K,ANSUNGTANGMYUN RAMEN (4P_ SPICY MISO),안성탕면 (4P),CS,20,330,90,NONGSHIM,4X4X4.4 OZ,Dry,4
08348K,CHAPAGETTI NOODLES (4P),짜파게티 (4P),CS,20,330,90,NONGSHIM,4X4X4.5 OZ,Dry,4
08355K,JIN RAMEN (4P_ VEGGIE),진 라면 (4P_VEGGIE),CS,49,280,90,OTOKI,8X4X3.88 OZ,Dry,8
08358K,SHIN RAMEN (BIG BOWL 6P),신 큰사발,CS,13.2,351,90,NONGSHIM,6X4.02 OZ,Dry,6
08366K,NEOGURI (10P_ SPICY SEAFOOD),너구리 (10P),CS,12.7,351,90,NONGSHIM,10X4.2 OZ,Dry,10
08367K,CHAPAGETTI (10P),짜파게티 (10P),CS,13.7,351,90,NONGSHIM,10X4.5 OZ,Dry,10
08378K,JIN JJAMBBONG (4P),진 짬뽕 (4P),CS,57,280,90,OTOKI,8X4X4.59 OZ,Dry,8
08379K,SESAME RAMEN (5P),참깨라면 (5P),CS,65,280,90,OTOKI,8X5X4.06 OZ,Dry,8
08380K,SNACK RAMEN (5P),스낵라면 (5P),CS,50,280,90,OTOKI,8X5X3.81 OZ,Dry,8
08381V,RICE NOODLE SOUP BOWL BEEF FLAVOR (PHO BO),월남 쌀국수 (소고기맛_BOWL),CS,8.7,460,90,VIETWAY,8X2.59 OZ,Dry,8
08383K,UDON NOODLE SOUP (SEAWEED_ 3P),하이면 (SEAWEED),CS,38,190,60,SAMLIP,6X24.02 OZ,Dry,6
08384K,UDON NOODLE SOUP (KATSUO_ 3P),하이면 (KATSUO),CS,39,190,60,SAMLIP,6X24.34 OZ,Dry,6
08385K,UDON NOODLE SOUP (SPICY_ 3P),하이면 (SPICY),CS,38,190,60,SAMLIP,6X24.76 OZ,Dry,6
08386K,SQUID CHAMPONG RAMEN (4P),오징어 짬뽕 (4P),CS,0,351,90,NONGSHIM,8X4X4.37 OZ,Dry,8
08387K,SHIN RAMEN GOLD (4P),신 라면 골드 (4P),CS,35,351,90,NONGSHIM,4X4X4.58 OZ,Dry,4
08388K,SHIN RAMEN GREEN (4P),신 라면 그린 (4P),CS,35,351,90,NONGSHIM,4X4X4.4 OZ,Dry,4
08389K,TONKOTSU KUROMAYU (BIG BOWL),돈코츠 크로마유,CS,15,330,90,NONGSHIM,6X3.56 OZ,Dry,6
08390K,CHAPAGETTI NOODLES (BIG BOWL),짜파게티 큰사발,CS,26,280,90,NONGSHIM,12X4.02 OZ,Dry,12
08391K,NEOGURI UDON (BIG BOWL),너구리 큰사발,CS,26,280,90,NONGSHIM,12X4.02 OZ,Dry,12
08396K,SHIN RAMEN BLACK (10P),신 라면 블랙 (10P),CS,22,335,90,NONGSHIM,10X4.58 OZ,Dry,10
08397K,SHIN RAMEN RED (4P),신 라면 RED (4P),CS,59,335,90,NONGSHIM,8X4X4.4 OZ,Dry,8
08398K,WHITE JJAMPPONG,사천 백짬뽕,CS,52,335,90,NONGSHIM,8X4X3.31 OZ,Dry,8
08399K,SHIN RAMEN STIR FRY,신 라면 볶음면,CS,64,335,90,NONGSHIM,8X4X4.76 OZ,Dry,8
08400K,SHIN RAMEN TOOMBA (SPICY&CREAMY),신 라면 툼바,CS,31,335,90,NONGSHIM,4X4X4.83 OZ,Dry,4
08401K,SHIN RAMEN STIR-FRY (SQ BOWL),신 라면 볶음면 사각사발,CS,0,351,90,NONGSHIM,6X3.73 OZ,Dry,6
08402K,SHIN RAMEN RED (BIG BOWL),신 라면 레드 큰사발,CS,0,351,90,NONGSHIM,6X4.12 OZ,Dry,6
08403K,HOT & SOUR NOODLES (BIG BOWL),산라탕 큰사발,CS,0,351,90,NONGSHIM,6X3.56 OZ,Dry,6
08404K,SOON TOFU NOODLES (BIG BOWL),순두부 큰사발,CS,0,351,90,NONGSHIM,6X3.56 OZ,Dry,6
08405K,SQUID CHAMPONG RAMEN (BIG BOWL),오징어 짬뽕라면 (BIG BOWL),CS,29.34,275,90,NONGSHIM,12X3.56 OZ,Dry,12
08406K,NEOGURI UDON (4P_MILD SEAFOOD),너구리 (4P_순한맛),CS,47.74,275,90,NONGSHIM,8X4X4.23 OZ,Dry,8
08443K,BULDAK RAMEN (BIG BOWL),불닭 볶음면 큰컵,CS,15,285,90,SAMYANG,6X3.7 OZ,Dry,6
08444K,CARBONARA BULDAK RAMEN (BIG BOWL),까르보나라 불닭 볶음면 큰컵,CS,15,285,90,SAMYANG,6X3.7 OZ,Dry,6
08445K,MEP (BLACK PEPPER & BEEF FLAVOR),맵 (후추 & 고기맛),CS,45,285,90,SAMYANG,8X4X4.23 OZ,Dry,8
08446K,MEP (GARLIC & CLAM FLAVOR),맵 (마늘 & 조개맛),CS,45,285,90,SAMYANG,8X4X4.23 OZ,Dry,8
08447K,MEP (CILANTRO & CHICKEN FLAVOR),맵 (실란트로 & 치킨맛),CS,45,285,90,SAMYANG,8X4X4.23 OZ,Dry,8
08448K,TOMYUM BULDAK STEW TYPE RAMEN (5P),똠양 불닭 탕면 (5P),CS,48,285,90,SAMYANG,8X5X4.76 OZ,Dry,8
08449K,ROSE BULDAK W/ WIDE GLASS NOODLE(BIG BOWL),로제 불닭 납작 당면,CS,51,285,90,SAMYANG,12X5.98 OZ,Dry,12
08450K,SAMGYETANG RAMEN (BIG BOWL),삼계탕 라면 큰컵,CS,13.2,285,90,SAMYANG,6X3.7 OZ,Dry,6
08451K,BULGOGI RAMEN (BIG BOWL),불고기 라면 큰컵,CS,13.2,285,90,SAMYANG,6X4.23 OZ,Dry,6
08452K,TANGLE RAMEN (BULGOGI ALFREDO),탱글 라면 (불고기 파스타),CS,46,285,90,SAMYANG,8X4X3.81 OZ,Dry,8
08453K,GOMPAGHETTI,진국 곰파게티,CS,22,285,90,PALDO,4X4X3.88 OZ,Dry,4
08454K,LOBSTER RAMEN,랍스타 라면,CS,21,285,90,PALDO,4X4X4.23 OZ,Dry,4
08455K,SAMYANG RAMEN ORIGINAL (4P),삼양 라면 오리지널 (4P),CS,42,285,90,SAMYANG,8X4X4.23 OZ,Dry,8
08456K,LIGHT BULDAK RAMEN (5P),라이트 불닭 볶음면 (5P),CS,46,280,90,SAMYANG,8X5X3.88 OZ,Dry,8
08457K,TOMATO PASTA BULDAK RAMEN (5P),토마토 파스타 불닭 볶음면 (5P),CS,55,280,90,SAMYANG,8X5X4.94 OZ,Dry,8
08459K,KIMCHI  HOT CHICKEN RAMEN (BIG BOWL),김치 불닭 볶음면 (BIG BOWL),CS,40,280,90,SAMYANG,16X3.7 OZ,Dry,16
08460K,KIMCHI BULDAK RAMEN (5P),김치 불닭 볶음면 (5P),CS,55,280,90,SAMYANG,8X5X4.76 OZ,Dry,8
08462K,STEW TYPE BULDAK RAMEN (5P),불닭 볶음탕면 (5P),CS,55,280,90,SAMYANG,8X5X5.11 OZ,Dry,8
08464K,CURRY BULDAK RAMEN (5P),커리 불닭 볶음면 (5P),CS,55,285,90,SAMYANG,8X5X4.94 OZ,Dry,8
08465K,2X SPICY BULDAK RAMEN (5P),핵 불닭 볶음면 (5P),CS,55,280,90,SAMYANG,8X5X4.9 OZ,Dry,8
08468K,SAMYANG RAMEN ORIGINAL (BIG BOWL),삼양 라면 큰컵,CS,32,280,90,SAMYANG,16X4 OZ,Dry,16
08476K,STEW TYPE BULDAK RAMEN (BIG BOWL),불닭 볶음탕면 (BIG BOWL),CS,40,280,90,SAMYANG,16X4.23 OZ,Dry,16
08478K,BULDAK RAMEN 2X SPICY (CUP_ 6P),핵 불닭 볶음면 컵 (6P),CS,10.3,280,90,SAMYANG,6X2.46 OZ,Dry,6
08479K,CARBO BULDAK RAMEN (5P),까르보 불닭 볶음면 (5P),CS,55,280,90,SAMYANG,8X5X4.58 OZ,Dry,8
08480K,CARBO BULDAK RAMEN (BIG BOWL),까르보 불닭 볶음면 (BIG BOWL),CS,41,280,90,SAMYANG,16X3.74 OZ,Dry,16
08481K,CREAM CARBO BULDAK RAMEN (5P),크림 까르보 불닭 볶음면 (5P),CS,55,280,90,SAMYANG,8X5X4.94 OZ,Dry,8
08482K,QUATTRO CHEESE BULDAK RAMEN (5P),콰트로 치즈 불닭 볶음면 (5P),CS,55,280,90,SAMYANG,8X5X5.11 OZ,Dry,8
08483K,HABANERO LIME BULDAK RAMEN (5P),하바네로 라임 불닭 볶음면 (5P),CS,56,280,90,SAMYANG,8X5X4.76 OZ,Dry,8
08484K,CARBO BULDAK RAMEN (CUP_6P),까르보 불닭 볶음면 컵 (6P),CS,10.1,280,90,SAMYANG,6X2.82 OZ,Dry,6
08485K,CHEESE BULDAK RAMEN (CUP_6P),치즈 불닭 볶음면 컵 (6P),CS,10.3,280,90,SAMYANG,6X2.46 OZ,Dry,6
08486K,QUATTRO CHEESE BULDAK RAMEN (BIG BOWL),콰트로 치즈 불닭 볶음면 큰컵,CS,40,280,90,SAMYANG,16X3.88 OZ,Dry,16
08487K,2X SPICY BULDAK RAMEN (BIG BOWL),핵 불닭 볶음면 큰컵,CS,40,280,90,SAMYANG,16X3.7 OZ,Dry,16
08488K,CHEESE BULDAK RAMEN (BIG BOWL),치즈 불닭 볶음면 큰컵 (BIG BOWL),CS,40,285,90,SAMYANG,16X3.7 OZ,Dry,16
08491K,SAMYANG RAMEN (5P_ HOT),삼양 라면 (5P_ 매운맛),CS,29,280,90,SAMYANG,8X5X4.23 OZ,Dry,8
08492K,JJAJANG BULDAK RAMEN (5P),짜장 불닭볶음면 (5P),CS,56,280,90,SAMYANG,8X5X4.94 OZ,Dry,8
08496K,SWICY BULDAK RAMEN (BIG BOWL),스와이시 불닭 볶음면 큰컵,CS,15,285,90,SAMYANG,6X3.7 OZ,Dry,6
08497K,TACO BULDAK RAMEN (BIG BOWL),타코 불닭 볶음면 큰컵,CS,15,285,90,SAMYANG,6X3.7 OZ,Dry,6
08499K,BULDAK TOPOKKI (BIG BOWL),불닭 떡볶이 큰컵,CS,68,280,90,SAMYANG,16X6.35 OZ,Dry,16
08500K,CARBONARA BULDAK TOPOKKI (BIG BOWL),까르보나라 불닭 떡볶이 큰컵,CS,66,280,90,SAMYANG,16X6.31 OZ,Dry,16
08501P,PANCIT CANTON (16 OZ),팬씻 캔톤 (16 OZ),CS,145,280,90,EXCELLENT,30X16 OZ,Dry,30
08502P,PANCIT BIHON (16 OZ),팬씻 비혼 (16 OZ),CS,139,280,90,EXCELLENT,25X16 OZ,Dry,25
08505P,PANCIT CANTON (8 OZ),팬씻 캔톤 (8 OZ),CS,149,280,90,EXCELLENT,60X8 OZ,Dry,60
08506P,PANCIT BIHON (8 OZ),팬씻 비혼 (8 OZ),CS,122,280,90,EXCELLENT,50X8 OZ,Dry,50
08508K,CORN BULDAK RAMEN (5P),옥수수 불닭 볶음면 (5P),CS,58,280,90,SAMYANG,8X5X4.59 OZ,Dry,8
08509K,JJAJANG  HOT CHICKEN RAMEN (BIG BOWL),짜장 불닭 볶음면 (BIG BOWL),CS,40,280,90,SAMYANG,16X3.7 OZ,Dry,16
08519K,HABANERO LIME BULDAK RAMEN (BIG BOWL),하바네로 라임 불닭 볶음면 (큰컵),CS,0,351,90,SAMYANG,16X3.88 OZ,Dry,16
08522K,SPICY & SWEET TOPOKKI (CUP),떡볶이의 신 매콤달콤 떡볶이 (CUP),CS,40,220,60,DONGWON,16X4.23 OZ,Dry,16
08525K,SPICY & SWEET TOPOKKI,떡볶이의 신 매콤달콤 떡볶이,CS,53,220,60,DONGWON,16X8.47 OZ,Dry,16
08526K,CHEESE TOPOKKI,떡볶이의 신 고소치즈 떡볶이,CS,53,220,60,DONGWON,16X8.47 OZ,Dry,16
08527K,HOT & SPICY TOPOKKI,떡볶이의 신 더 매운 떡볶이,CS,58,220,60,DONGWON,16X8.47 OZ,Dry,16
08528K,CHEESE TOPOKKI (CUP),떡볶이의 신 고소치즈 떡볶이 (CUP),CS,39,220,60,DONGWON,16X4.23 OZ,Dry,16
08529K,HOT & SPICY TOPOKKI (CUP),떡볶이의 신 더 매운 떡볶이 (CUP),CS,40,220,60,DONGWON,16X4.23 OZ,Dry,16
08530V,RICE PAPER (16CM),라이스 페이퍼 (16CM),CS,38,640,90,VIETWAY,24X12 OZ,Dry,24
08531V,RICE PAPER (22CM),라이스 페이퍼 (22CM),CS,35,640,90,VIETWAY,24X12 OZ,Dry,24
08532V,RICE PAPER (22CM_SQUARE),라이스 페이퍼 (22CM_정사각형),CS,38,640,90,VIETWAY,24X12 OZ,Dry,24
08533V,RICE PAPER (31CM),라이스 페이퍼 (31CM),CS,38,640,90,VIETWAY,24X12 OZ,Dry,24
08536K,MUNG BEAN SHEET,양장피,CS,47,640,90,ASSI,20X5.6 OZ,Dry,20
08541C,SPRING ROLL WRAPPER (22 CM),스프링롤 래퍼 (22CM),CS,87,640,90,EMPEROR,44X12 OZ,Dry,44
08542C,SPRING ROLL RICE PAPER (16 CM),스프링 롤 (16 CM),CS,0,600,90,EMPEROR,44X12 OZ,Dry,44
08543K,ROSE TOPOKKI,떡볶이의 신 로제 떡볶이,CS,49,220,60,DONGWON,10X14.11 OZ,Dry,10
08544K,ROSE TOPOKKI (CUP),떡볶이의 신 로제 떡볶이 (CUP),CS,41,220,60,DONGWON,16X5.64 OZ,Dry,16
08545K,RAPOKKI,즉석 라볶이,CS,46,220,60,DONGWON,10X11.53 OZ,Dry,10
08546K,JJAJANG RAPOKKI,짜장 라볶이,CS,45,220,60,DONGWON,10X11.53 OZ,Dry,10
08547K,SPICY NOODLE W/ WHELK,골뱅이 비빔면,CS,77,186,60,DONGWON,16X12.75 OZ,Dry,16
08548K,COCKLE W/ SOY SAUCE,꼬막간장비빔,CS,76,281,90,DONGWON,20X5.29 OZ,Dry,20
08549K,COCKLE W/ SPICY SAUCE,꼬막매콤비빔,CS,76,281,90,DONGWON,20X5.29 OZ,Dry,20
08550K,FRIED RICE CAKE W/ SAUCE,오리지널 떡강정,CS,40,221,60,DONGWON,10X10.62 OZ,Dry,10
08551K,FRIED RICE CAKE W/ GRAIN SYRUP,달콤조청 떡강정,CS,39,221,60,DONGWON,10X10.62 OZ,Dry,10
08552C,BEAN THREAD 100PER,빈 뜨레드 100PER (청포 당면),CS,165,280,90,LUNGKOW,60X14.08 OZ,Dry,60
08553C,BEAN THREAD (NET),빈 뜨레드 (청포 당면),CS,77,280,90,LUNGKOW,50X10.4 OZ,Dry,50
08561K,DRIED NOODLES (MAK_3#),막국수 (3#),CS,44,640,90,YISSINE,12X3 LB,Dry,12
08562K,DRIED NOODLES (JJAJANG_3#),짜장국수 (3#),CS,43,640,90,YISSINE,12X3 LB,Dry,12
08563K,DRIED NOODLES (UDON_3#),우동국수 (3#),CS,43,640,90,YISSINE,12X3 LB,Dry,12
08564K,DRIED NOODLES (KAL_3#),칼국수 (3#),CS,43,640,90,YISSINE,12X3 LB,Dry,12
08565K,DRIED NOODLES (SOMEN_3#),소면 (3#),CS,45,640,90,YISSINE,12X3 LB,Dry,12
08568T,RICE VERMICELLI,가는 쌀국수,CS,21,640,90,MAMA,12X7.94 OZ,Dry,12
08569T,WHOLE GRAIN RICE VERMICELLI,가는 현미 쌀국수,CS,22,640,90,MAMA,12X7.94 OZ,Dry,12
08577K,SPICY & SWEET RAPOKKI,라뽀끼,CS,16,280,90,ASSI,6X5.11 OZ,Dry,6
08578K,JJAJANG RAPOKKI,짜장 라뽀끼,CS,16,280,90,ASSI,6X5.11 OZ,Dry,6
08579K,KIMCHI RAPOKKI,김치 라뽀끼,CS,16,280,90,ASSI,6X5.11 OZ,Dry,6
08581T,RICE VERMICELLI (INDIVIDUAL BUNCH),가는 쌀국수 (낱개묶음),CS,51,640,90,WAIWAI,24X17.5 OZ,Dry,24
08582T,RICE VERMICELLI,가는 쌀국수,CS,52,640,90,WAIWAI,24X17.5 OZ,Dry,24
08583T,PAD THAI NOODLES W/SEASONING,파타이 누들 (W/씨즌잉),CS,66,640,90,COCK,24X10.58 OZ,Dry,24
08584T,RICE STICK (XL),라이스 스틱 (XL),CS,51,640,90,THREEELEPHANTS,30X16 OZ,Dry,30
08585T,RICE STICK (L),라이스 스틱 (L),CS,53,640,90,THREEELEPHANTS,30X16 OZ,Dry,30
08586T,RICE STICK (M),라이스 스틱 (M),CS,49,640,90,THREEELEPHANTS,30X16 OZ,Dry,30
08587T,RICE STICK (S),라이스 스틱 (S),CS,52,640,90,THREEELEPHANTS,30X16 OZ,Dry,30
08600T,RICE VERMICELLI,가는 쌀국수,CS,49,640,90,THREEELEPHANTS,30X16 OZ,Dry,30
08601K,BANCHAN SEAWEED CHIPS,반찬 김부각,CS,43,276,90,DONGWON,16X1.76 OZ,Dry,16
08602K,BANCHAN SEAWEED CHIPS (SHRIMP FLAVOR),반찬 새우 김부각,CS,41,276,90,DONGWON,16X1.76 OZ,Dry,16
08604V,RICE NOODLES (XL),라이스 누들 (XL),CS,52,640,90,VIETWAY,30X14 OZ,Dry,30
08605V,RICE NOODLES (L),라이스 누들 (L),CS,52,640,90,VIETWAY,30X14 OZ,Dry,30
08606V,RICE NOODLES (M),라이스 누들 (M),CS,52,640,90,VIETWAY,30X14 OZ,Dry,30
08607V,RICE NOODLES (S),라이스 누들 (S),CS,49,640,90,VIETWAY,30X14 OZ,Dry,30
08621K,SOYBEAN PASTE SOUP W/CLAM & CABBAGE,백합 우거지된장국,CS,72,280,90,DONGWON,20X16.23 OZ,Dry,20
08622K,TUNA & KIMCHI STEW,통참치 김치찌개,CS,66,280,90,DONGWON,20X16.23 OZ,Dry,20
08623K,VENUS CLAM & SEAWEED SOUP,백합 미역국,CS,56,280,90,DONGWON,20X16.23 OZ,Dry,20
08624K,BEEF BONE SOUP,진국 사골곰탕,CS,40,280,90,DONGWON,20X17.64 OZ,Dry,20
08625K,SPICY SOUP W/ WHEAT FLAKE,면발의신 얼큰수제비,CS,35,126,30,DONGWON,10X14.39 OZ,Dry,10
08626K,SEAFOOD SOUP W/ WHEAT FLAKE,면발의신 해물수제비,CS,39,126,30,DONGWON,10X13.26 OZ,Dry,10
08627K,KALGUKSU SOUP W/ PERILLA SEED,면발의신 들깨칼국수,CS,43,126,30,DONGWON,10X9.1 OZ,Dry,10
08628K,SEAFOOD KALGUKSU,면발의신 해물칼국수,CS,43,126,30,DONGWON,10X8.32 OZ,Dry,10
08629K,SPICY KALGUKSU,면발의신 얼큰칼국수,CS,43,126,30,DONGWON,10X9.45 OZ,Dry,10
08630K,DOONGJI COLD NOODLE IN BEEF BROTH (3P),둥지 물냉면 (3P),CS,41,280,90,NONGSHIM,6X3X5.57 OZ,Dry,6
08631K,DOONGJI SPICY COLD NOODLES (3P),둥지 비빔냉면 (3P),CS,40,280,90,NONGSHIM,6X3X5.6 OZ,Dry,6
08632K,GUKSU SOBA STYLE W/ TSUYU,소바국수,CS,63,280,90,NONGSHIM,8X4X4.48 OZ,Dry,8
08633K,GUKSU SOBA STYLE W/ GOCHUJANG SAUCE,비빔 소바국수,CS,63,280,90,NONGSHIM,8X4X4.93 OZ,Dry,8
08634K,BUCKWHEAT NOODLES W/ SOUP,면발의신 메밀국수,CS,41,221,60,DONGWON,10X13.82 OZ,Dry,10
08635K,NOODLES W/ SOYBEAN SOUP,면발의신 콩국수,CS,45,221,60,DONGWON,10X13.76 OZ,Dry,10
08636K,SEAFOOD RAMEN (KING CUP),일품 해물 라면 (킹컵),CS,12.1,285,90,PALDO,6X3.88 OZ,Dry,6
08637K,LOBSTER RAMEN (KING CUP),랍스터맛 라면 (킹컵),CS,10.2,285,90,PALDO,6X3.88 OZ,Dry,6
08638K,"GOMTANG MYON (KING CUP, 6P)","진국 설렁탕면 (킹컵, 6P)",CS,10.9,285,90,PALDO,6X3.7 OZ,Dry,6
08639K,BAE HONG DONG XXX-PICY,배홍동 쫄쫄면,CS,38,335,90,NONGSHIM,8X4X4.55 OZ,Dry,8
08642K,SOUP-STYLE TOPOKKI,떡볶이의 신 국물 떡볶이,CS,38,220,60,DONGWON,10X14.89 OZ,Dry,10
08643K,BEEF BONE SOUP (6P),진국 사골곰탕 (6P),CS,31,285,60,DONGWON,3X6X17.7 OZ,Dry,3
08644K,MALA BIBIMMEN,마라왕 비빔면,CS,52,285,90,PALDO,8X4X4.76 OZ,Dry,8
08645K,BIBIMMEN II,비빔면 II,CS,17,285,90,PALDO,4X4X4.59 OZ,Dry,4
08646K,YAKISOBA BULDAK RAMEN (5P),야끼소바 불닭 (5P),CS,55,285,90,SAMYANG,8X5X4.4 OZ,Dry,8
08647K,ROSE BULDAK RAMEN (5P),로제 불닭 (5P),CS,55,285,90,SAMYANG,8X5X4.93 OZ,Dry,8
08648K,GOMTANG MYON,사골곰탕면,CS,38,285,90,OTOKI,8X4X3.88 OZ,Dry,8
08649K,JIN RAMEN BIG BOWL (SPICY),진 라면 큰사발 (매운맛),CS,8.9,285,90,OTOKI,6X3.88 OZ,Dry,6
08650K,JIN RAMEN BIG BOWL (MILD),진 라면 큰사발 (순한맛),CS,9.1,285,90,OTOKI,6X3.88 OZ,Dry,6
08651K,TANGLE CHUNKY TOMATO PASTA,탱글 토마토 파스타,CS,50,285,90,SAMYANG,8X4X3.7 OZ,Dry,8
08652K,TANGLE CREAMY MUSHROOM PASTA,탱글 버섯 크림 파스타,CS,51,285,90,SAMYANG,8X4X3.7 OZ,Dry,8
08653K,TANGLE GARLIC OIL PASTA,탱글 마늘 기름 파스타,CS,51,285,90,SAMYANG,8X4X3.52 OZ,Dry,8
08654K,TANGLE BULGOGI ALFREDO PASTA,탱글 불고기 파스타,CS,52,285,90,SAMYANG,8X4X3.7 OZ,Dry,8
08656K,VOLCANO CHICKEN NOODLE (4P),볼케이노 치킨 볶음면 (4P),CS,22,285,90,PALDO,4X4X4.93 OZ,Dry,4
08657K,VOLCANO CHICKEN NOODLE KING CUP,볼케이노 치킨 볶음면 킹컵,CS,11.7,285,90,PALDO,6X3.88 OZ,Dry,6
08666K,SPICY AND SWEET  SOUP-STYLE TOPOKKI,떡볶이의 신 국물 떡볶이,CS,46,220,60,DONGWON,10X13.93 OZ,Dry,10
08670K,VOLCANO CARBONARA CHICKEN NOODLE (4P),볼케이노 까르보나라 치킨 볶음면 (4P),CS,21,285,90,PALDO,4X4X4.59 OZ,Dry,4
08671K,VOLCANO CARBONARA CHICKEN NOODLE KING CUP,볼케이노 까르보나라 치킨 볶음면 킹컵,CS,11.4,285,90,PALDO,6X3.7 OZ,Dry,6
08672K,POTATO CHIP ORIGINAL,감자칩 오리지널,CS,19,460,90,NOBRAND,14X3.88 OZ,Dry,14
08673K,PURPLE SWEET POTATO CHIP,자색고구마 칩,CS,24,460,90,NOBRAND,14X5.64 OZ,Dry,14
08674K,POTATO CHIP SOUR CREAM & ONION,감자칩 사워크림 & 어니언,CS,24,460,90,NOBRAND,14X5.64 OZ,Dry,14
08675K,TANGLE CHUNKY TOMATO PASTA (BOWL),탱글 토마토 파스타 (BOWL),CS,13.2,285,90,SAMYANG,6X3.7 OZ,Dry,6
08676K,TANGLE CREAMY MUSHROOM PASTA (BOWL),탱글 버섯 크림 파스타 (BOWL),CS,13.2,285,90,SAMYANG,6X3.7 OZ,Dry,6
08677K,TANGLE GARLIC OIL PASTA (BOWL),탱클 마늘 기름 파스타 (BOWL),CS,13.2,285,90,SAMYANG,6X3.53 OZ,Dry,6
08678K,TANGLE BULGOGI ALFREDO PASTA (BOWL),탱클 불고기 파스타 (BOWL),CS,13.2,285,90,SAMYANG,6X3.7 OZ,Dry,6
08681K,POTATO STICKS (EXTRA CHEESE FLAVOR),담백한 통감자 스틱 (더블 치즈맛),CS,25,280,90,NOBRAND,8X4.6 OZ,Dry,8
08682K,GARLIC FLAVORED SHRIMP CHIPS,바삭한 갈릭 새우칩,CS,25,280,90,NOBRAND,8X5.47 OZ,Dry,8
08684K,PEANUT BALL W/SQUID FLAVOR,꼬마 오징어 땅콩,CS,30,280,90,NOBRAND,10X9.52 OZ,Dry,10
08685K,SWEET TWIST SNACKS (APPLE TASTE),달콤한 꿀깨맛 꽈배기 (사과맛),CS,25,280,90,NOBRAND,8X7.05 OZ,Dry,8
08686K,HWA RAMEN (KING CUP),화 라면 (킹컵),CS,11.6,285,90,PALDO,6X3.88 OZ,Dry,6
08687K,NAMJA RAMEN (KING CUP),남자 라면 (킹컵),CS,11.7,285,90,PALDO,6X3.7 OZ,Dry,6
08688K,MEP (BLACK PEPPER & BEEF FLAVOR),맵 (후추 & 고기맛),CS,45,285,90,SAMYANG,8X4X3.88 OZ,Dry,8
08689K,MEP (GARLIC & CLAM FLAVOR),맵 (마늘 & 조개맛),CS,46,285,90,SAMYANG,8X4X3.88 OZ,Dry,8
08690T,PAD THAI NOODLE WITH SAUCE,팟타이 (WITH SAUCE),CS,31,460,90,THAIDELIGHT,12X11.6 OZ,Dry,12
08691T,HOKKIEN NOODLES W/ SESAME TERRIYAKI SAUCE,호키엔 국수 (W/ SESAME TERRIYAKI SAUCE),CS,28,460,90,THAIDELIGHT,12X11.6 OZ,Dry,12
08692T,HOKKIEN NOODLES WITH KUNG PAO SAUCE,호키엔 국수 (W/ KUNG PAO SAUCE),CS,25,460,90,THAIDELIGHT,12X11.6 OZ,Dry,12
08693T,COOKED JASMINE RICE W/ RED CURRY,쟈스민 즉석밥 (W/ RED CURRY SAUCE),CS,34,460,90,THAIDELIGHT,12X11.6 OZ,Dry,12
08694T,COOKED JASMINE RICE W/ GREEN CURRY,쟈스민 즉석밥 (W/ GREEN CURRY),CS,33,460,90,THAIDELIGHT,12X11.6 OZ,Dry,12
08695K,ORGANIC GLASS NOODLES,유기농 당면,CS,71,640,90,ASSI,6X10X4.23 OZ,Dry,6
08696K,ORGANIC UDON NOODLES,유기농 우동 국수,CS,76,640,90,ASSI,6X10X9.53 OZ,Dry,6
08697K,ORGANIC RAMEN NOODLES,유기농 라면 국수,CS,79,640,90,ASSI,6X10X9.53 OZ,Dry,6
08698K,ORGANIC SOBA NOODLES,유기농 소바 국수,CS,87,640,90,ASSI,6X10X9.53 OZ,Dry,6
08699K,ORGANIC SOMEN NOODLES,유기농 소면 국수,CS,75,640,90,ASSI,6X10X9.53 OZ,Dry,6
08700K,DOSIRAC RAMEN (BEEF),도시락 라면 (소고기맛),CS,12.3,280,90,PALDO,12X3.04 OZ,Dry,12
08701K,DOSIRAC RAMEN (CHICKEN),도시락  라면 (닭고기 맛),CS,0,351,90,PALDO,12X3.17 OZ,Dry,12
08702K,DOSIRAC RAMEN (SHRIMP),도시락 라면 (새우맛),CS,11.8,280,90,PALDO,12X3.04 OZ,Dry,12
08704K,HWA RAMEN (CUP),화 라면 (컵),CS,7.4,280,90,PALDO,6X2.29 OZ,Dry,6
08705K,SEAFOOD RAMEN (CUP),일품 해물 라면 (컵),CS,7.4,280,90,PALDO,6X2.29 OZ,Dry,6
08706K,HOT & SPICY RAMEN (BOWL),육개장 라면 (사발),CS,13.8,280,90,PALDO,12X3.03 OZ,Dry,12
08707K,KIMCHI RAMEN (BOWL),김치 라면 (사발),CS,14.2,280,90,PALDO,12X3.03 OZ,Dry,12
08708K,SHRIMP RAMEN (BOWL),새우탕 라면 (사발),CS,13.3,280,90,PALDO,12X3.03 OZ,Dry,12
08709K,GOMTANG NOODLES (CUP),진국설렁탕면 (컵),CS,7.4,280,90,PALDO,6X2.29 OZ,Dry,6
08710K,CHICKEN RAMEN (BOWL),닭개장 라면 (사발),CS,12.5,280,90,PALDO,12X3.03 OZ,Dry,12
08711K,BIG BOWL RAMEN (HOT&SPICY),왕뚜껑 라면,CS,29,280,90,PALDO,18X3.88 OZ,Dry,18
08712K,LOBSTER RAMEN (KING CUP),랍스터맛 라면 (킹컵),CS,26,280,90,PALDO,16X3.88 OZ,Dry,16
08713K,NAMJA RAMEN (KING CUP),남자 라면 (킹컵),CS,26,280,90,PALDO,16X3.7 OZ,Dry,16
08714K,JJAJANG RAMEN (KING CUP_BLACK BEAN),일품 짜장면 (킹컵),CS,28,280,90,PALDO,12X6.7 OZ,Dry,12
08715K,JJAMPPONG RAMEN (KING CUP),일품 짬뽕 라면 (킹컵),CS,23,280,90,PALDO,12X4.09 OZ,Dry,12
08716K,BUL JJAMPPONG NOODLES (4P),불 짬뽕 (4P),CS,52,280,90,PALDO,8X4X4.9 OZ,Dry,8
08717K,JJAJANG RAMEN (4P),짜장면 (4P),CS,53,280,90,PALDO,8X4X7.16 OZ,Dry,8
08720K,PORORO JJAJANG CUP,뽀로로 짜장컵,CS,7.4,280,90,PALDO,6X2.29 OZ,Dry,6
08722K,BIBIMMEN RAMEN (5P),비빔면 (5P),CS,18,280,90,PALDO,4X5X4.58 OZ,Dry,4
08724K,GOMTANG NOODLES (5P),진국 설렁탕면 (5P),CS,21,280,90,PALDO,4X5X3.59 OZ,Dry,4
08727K,SEAFOOD JJAJANG RAMEN (4P),삼선 짜장 (4P),CS,39,280,90,PALDO,8X4X4.23 OZ,Dry,8
08729K,JIN JJAJANG (4P),진 짜장 (4P),CS,57,280,90,OTOKI,8X4X4.76 OZ,Dry,8
08731K,ROASTED KIMCHI RAMEN (4P),볶음 김치 라면 (4P),CS,17,280,90,PALDO,4X4X5.29 OZ,Dry,4
08733K,SOY RAMEN (5P),장 라면 (5P),CS,23,280,90,PALDO,4X5X4.23 OZ,Dry,4
08734K,JJAJANG RAMEN (4P_BLACK BEAN),일품 짜장면 (4P),CS,21,280,90,PALDO,4X4X7.05 OZ,Dry,4
08735K,TEUMSAE RAMEN (5P_RICH HOT&SPICY),틈새 라면 (5P),CS,25,280,90,PALDO,4X5X4.23 OZ,Dry,4
08736K,SEAFOOD RAMEN (5P),일품 해물 라면 (5P),CS,22,280,90,PALDO,4X5X4.23 OZ,Dry,4
08737K,BEEF NOODLES (KING CUP),곰탕 라면 (킹컵),CS,26,280,90,PALDO,16X3.7 OZ,Dry,16
08738K,HWA RAMEN (5P),화 라면 (5P),CS,22,280,90,PALDO,4X5X4.23 OZ,Dry,4
08740K,KOKOMEN RAMEN (5P),꼬꼬면 (5P),CS,25,280,90,PALDO,4X5X4.23 OZ,Dry,4
08741K,KOKOMEN RAMEN (CUP),꼬꼬면 (컵),CS,7.4,280,90,PALDO,6X2.29 OZ,Dry,6
08742K,KOKOMEN RAMEN (KING CUP),꼬꼬면 라면 (킹컵) ,CS,0,351,90,PALDO,6X3.70 OZ,Dry,6
08771K,BIBIM TTEOKBOKKI,비빔 떡볶이,CS,50,280,90,PALDO,16X6.63 OZ,Dry,16
08772K,TEUMSAE TTEOBOKKI,틈새 떡볶이,CS,50,280,90,PALDO,16X5.85 OZ,Dry,16
08780T,QUAIL EGGS IN WATER (CAN),메추리알 통조림 (CAN),CS,60,1000,90,AROYD,24X15 OZ,Dry,24
08789T,TEMPURA SEAWEED SNACK W/SESAME (SPICY),뎀뿌라 김 스낵 W/참깨 (스파이시),CS,20,280,90,TAOKAENOI,12X1.37 OZ,Dry,12
08791T,COCONUT MILK DRINK W/JELLY (ORGINAL),코코넛 밀크 드링크 W/젤리 (오리지널),CS,32,640,90,EVERGREEN,24X9.8 OZ,Dry,24
08792T,COCONUT MILK DRINK W/JELLY (MANGO),코코넛 밀크 드링크 W/젤리 (망고),CS,32,640,90,EVERGREEN,24X9.8 OZ,Dry,24
08793T,COCONUT MILK DRINK W/JELLY (MELON),코코넛 밀크 드링크 W/젤리 (멜론),CS,29,640,90,EVERGREEN,24X9.8 OZ,Dry,24
08794T,COCONUT MILK DRINK W/JELLY (BANANA),코코넛 밀크 드링크 W/젤리 (바나나),CS,31,640,90,EVERGREEN,24X9.8 OZ,Dry,24
08798T,OYSTER SAUCE (22 OZ),오이스터 소스 (22 OZ),CS,23,640,90,GOLDENMOUNTAIN,12X22 OZ,Dry,12
08800K,KALGUKSU RAMEN (4P_ SPICY SEAFOOD),얼큰 장칼국수 (4P),CS,64,280,90,NONGSHIM,8X4X3.63 OZ,Dry,8
08801K,NEOGURI UDON (CUP_6P),너구리 컵 (6P),CS,7.9,280,90,NONGSHIM,6X2.64 OZ,Dry,6
08802K,SHIN RAMEN BLACK (CUP_6P),신 라면 블랙 컵 (6P),CS,9,280,90,NONGSHIM,6X2.64 OZ,Dry,6
08805K,PREMIUM GOMTANG RAMEN (4P),고급 진국 설렁탕면 (4P),CS,46,280,90,PALDO,8X4X4.41 OZ,Dry,8
08811P,POTATO FRIES (PLAIN SALTED),포테이토 후라이스 (소금맛),CS,44,280,90,OISHI,50X1.76 OZ,Dry,50
08812P,POTATO FRIES (TOMATO KETCHUP FLAV.),포테이토 후라이스 (토마토 케첩 맛),CS,48,280,90,OISHI,50X1.76 OZ,Dry,50
08813T,COCONUT MILK DRINK W/JELLY (COFFEE),코코넛 밀크 드링크 W/젤리 (커피),CS,22,640,90,EVERGREEN,24X9.8 OZ,Dry,24
08814T,COCONUT MILK DRINK W/JELLY (THAI TEA),코코넛 밀크 드링크 W/젤리 (타이티),CS,36,640,90,EVERGREEN,24X9.8 OZ,Dry,24
08816K,GUKSU W/ BEEF BONE EXTRACT,잔치국수,CS,63,330,90,NONGSHIM,8X4X3.24 OZ,Dry,8
08817K,ANGRY CHAPAGURI (4P),ANGRY 짜파구리 (4P),CS,67,280,90,NONGSHIM,8X4X4.93 OZ,Dry,8
08823K,STIR FRIED NEOGURI UDON (4P),볶음 너구리 (4P),CS,64,280,90,NONGSHIM,8X4X4.83 OZ,Dry,8
08824K,ANCHOVY KAL GUK SOO (5P),멸치 칼국수 (5P),CS,57,220,60,NONGSHIM,8X5X3.45 OZ,Dry,8
08827K,FRESH UDON (BOWL_ 5P),생생우동 사발 (5P),CS,22,160,60,NONGSHIM,5X9.73 OZ,Dry,5
08828K,SHIN RAMEN BLACK (16P),신 라면 블랙 (16P),CS,36,330,90,NONGSHIM,16X4.58 OZ,Dry,16
08830T,ORGANIC WHITE RICE NOODLE,유기농 쌀국수,CS,26,640,90,FOODLENOODLE,12X7.7 OZ,Dry,12
08831T,ORGANIC BROWN RICE NOODLE,유기농 현미 쌀국수,CS,26,640,90,FOODLENOODLE,12X7.7 OZ,Dry,12
08832T,ORGANIC RED JASMINE RICE NOODLE,유기농 레드 쌀국수,CS,29,640,90,FOODLENOODLE,12X7.7 OZ,Dry,12
08833T,ORGANIC RICEBERRY NOODLE,유기농 흑미 쌀국수,CS,29,640,90,FOODLENOODLE,12X7.7 OZ,Dry,12
08849K,SHIN ZZANG,못말리는 짱구,CS,24,190,60,CNATURALSTORY,12X8.64 OZ,Dry,12
08850K,TURTLE CHIPS (FLAMIN LIME FLAVOR),꼬북칩 (플래밍 매운 라임맛),CS,24,160,60,ORION,10X5.64 OZ,Dry,10
08862T,COCONUT MILK DRINK W/JELLY (WHITE PEACH),코코넛 밀크 드링크 W/젤리 (복숭아),CS,31,640,90,EVERGREEN,24X9.8 OZ,Dry,24
08863T,COCONUT MILK DRINK W/JELLY (PINEAPPLE),코코넛 밀크 드링크 W/젤리 (파인애플),CS,30,640,90,EVERGREEN,24X9.8 OZ,Dry,24
08864K,BIBIM GUKSU NOODLE,비빔국수,CS,0,351,90,PALDO,10X3.53 OZ,Dry,10
08865K,TURTLE CHIPS (CORN SOUP FLAVOR),꼬북칩 (콘스프맛),CS,30,160,60,ORION,10X5.65 OZ,Dry,10
08867T,TEMPURA SEAWEED SNACK (SMOKED BBQ),뎀뿌라 김 스낵 (스모크 바베큐),CS,24,280,90,TAOKAENOI,12X1.41 OZ,Dry,12
08874K,JEJU TANGERINE JUICE (500ML),탐라는 제주감귤 (500ML),CS,39,280,90,KWANGDONG,24X16.9 OZ,Dry,24
08875K,JEJU TANGERINE JUICE (1.5L),탐라는 제주감귤 (1.5L),CS,29,280,90,KWANGDONG,12X1.5 L,Dry,12
08876K,CORN SILK TEA (500ML),옥수수 수염차 (500ML),CS,31,280,90,KWANGDONG,20X16.9 OZ,Dry,20
08877K,CORN SILK TEA (1.5L),옥수수 수염차 (1.5L),CS,31,280,90,KWANGDONG,12X1.5 L,Dry,12
08878K,ORIENTAL RAISIN (500ML),헛개차 (500ML),CS,28,280,90,KWANGDONG,20X16.9 OZ,Dry,20
08879K,ORIENTAL RAISIN TEA (1.5L),헛개차 (1.5L),CS,28,280,90,KWANGDONG,12X1.5 L,Dry,12
08880K,BURDOCK TEA DRINK (500ML),우엉차 (500ML),CS,33,280,90,KWANGDONG,24X16.9 OZ,Dry,24
08882D,BUTTER COOKIES (DANISH STYLE),버터 쿠키 (덴마크 스타일),CS,36,370,90,FORRELLI,12X12 OZ,Dry,12
08883K,BON BON GRAPE (12 CAN),포도 봉봉 (12캔),CS,76,640,90,HAITAI,6X12X8.05 OZ,Dry,6
08884K,CRUSHED PEAR JUICE (12 CAN),갈아만든 배 (12캔),CS,69,640,90,HAITAI,6X12X8.05 OZ,Dry,6
08887K,KOREAN TRADITIONAL RICE DRINK (12CANS),큰집 식혜 (12캔),CS,73,640,90,HAITAI,6X12X8.05 OZ,Dry,6
08888K,PEPERO (L),빼빼로 (L),CS,41,280,90,LOTTE,9X6.35 OZ,Dry,9
08894K,KOREAN MINI YAKGWA COOKIE(HONEY),미니 꿀약과,CS,29,280,90,SAMLIP,20X7.05 OZ,Dry,20
08895K,BLACK RICE TEA,흑미차,CS,35,280,90,KWANGDONG,24X16.9 OZ,Dry,24
08896T,GRILLED SEAWEED ROLL (KIMCHI FLAVOR),구운 김 롤 스낵 (김치맛),CS,32,280,90,TAOKAENOI,12X0.95 OZ,Dry,12
08906K,POTATO RAMEN (5P),감자라면 (5P),CS,58,280,90,SAMYANG,8X5X4.23 OZ,Dry,8
08907K,THE TASTY RAMEN (CUP_6P),맛있는 라면 컵 (6P),CS,5.1,280,90,SAMYANG,6X2.29 OZ,Dry,6
08911K,TOPOKKI RICE CAKE W/ SAUCE (CUP),요뽀끼 컵,CS,53,280,90,YOUNGPOONG,30X4.9 OZ,Dry,30
08912K,TOPOKKI RICE CAKE W/ SAUCE,요뽀끼,CS,63,280,90,YOUNGPOONG,24X9.8 OZ,Dry,24
08913K,TOPOKKI RICE CAKE W/ BLACK BEAN SAUCE (CUP),요뽀끼 컵 (짜장),CS,56,280,90,YOUNGPOONG,30X4.2 OZ,Dry,30
08915K,BANANA FLAVORED SNACK (L),바나나킥 (L),CS,38,220,60,NONGSHIM,6X6.34 OZ,Dry,6
08916K,TAKO CHIPS (OCTOPUS FLAVOR_ L),자갈치 (L),CS,46,220,60,NONGSHIM,6X10.09 OZ,Dry,6
08917K,SHRIMP FLAVORED CHIPS (L),알새우칩 (L),CS,41,220,60,NONGSHIM,6X7.05 OZ,Dry,6
08918K,HONEY TWIST SNACK (L),꿀꽈배기 (L),CS,36,220,60,NONGSHIM,6X10.05 OZ,Dry,6
08927K,ONION RINGS SNACK (FAMILY PACK),양파링 (FAMILY PACK),CS,35,220,60,NONGSHIM,6X5.99 OZ,Dry,6
08928K,POTATO SNACK (FAMILY PACK),감자깡 (FAMILY PACK),CS,42,220,60,NONGSHIM,6X8.8 OZ,Dry,6
08954K,POPPING CORN CHIPS SNACK (ORIGINAL_ L),꼬깔콘 (오리지널_ L),CS,51,220,60,LOTTE,12X5.08 OZ,Dry,12
08955K,POPPING CORN CHIPS SNACK (GRILLED CORN_ L),꼬깔콘 (군 옥수수_ L),CS,51,220,60,LOTTE,12X5.08 OZ,Dry,12
08956K,POPPING CORN CHIPS SNACK (SWEET & SP,꼬깔콘 (스윗 & 스파이시_ L),CS,51,220,60,LOTTE,12X5.08 OZ,Dry,12
08957K,POPPING CORN CHIPS SNACK (ORIGINAL_ S),꼬깔콘 (오리저널_ S),CS,31,220,60,LOTTE,20X2.53 OZ,Dry,20
08958K,POPPING CORN CHIPS SNACK (GRILLED CORN_,꼬깔콘 (군 옥수수_ S),CS,41,220,60,LOTTE,20X2.53 OZ,Dry,20
08959K,POPPING CORN CHIPS SNACK (SWEET & SPICY,꼬깔콘 (스윗 & 스파이시_ S),CS,31,220,60,LOTTE,20X2.53 OZ,Dry,20
08960K,SHRIMP CRACKER (S),새우깡 (S),CS,30,220,60,NONGSHIM,20X2.64 OZ,Dry,20
08961K,SHRIMP CRACKER (HOT & SPICY),매운 새우깡,CS,31,220,60,NONGSHIM,20X2.64 OZ,Dry,20
08962K,BANANA FLAVORED SNACK (S),바나나킥 (S),CS,32,220,60,NONGSHIM,20X1.58 OZ,Dry,20
08963K,CHOCHUNG U-GUA (SYRUP RICE SNACK_ S),조청 유과 (S),CS,40,220,60,NONGSHIM,20X2.80 OZ,Dry,20
08964K,POTATO SNACK (S),감자깡 (S),CS,30,220,60,NONGSHIM,20X1.9 OZ,Dry,20
08965K,SWEET POTATO SNACK,고구마깡,CS,32,220,60,NONGSHIM,20X1.9 OZ,Dry,20
08966K,"TAKO CHIPS (OCTOPUS FLAVOR, S)",자갈치 (S),CS,37,220,60,NONGSHIM,20X2.1 OZ,Dry,20
08967K,CUTTLEFISH SNACK (S),오징어 집 (S),CS,40,220,60,NONGSHIM,20X1.94 OZ,Dry,20
08978K,SAC SAC ORANGE (GIFT),쌕쌕 오렌지 (선물용),CS,85,640,90,LOTTE,6X12X8 OZ,Dry,6
08979K,SAC SAC GRAPE (GIFT),쌕쌕 포도 (선물용),CS,85,640,90,LOTTE,6X12X8 OZ,Dry,6
08984K,DELICIOUS SEAWEED SNACK (HOT SPICY),김부각 (핫스파이스맛),CS,0,325,90,DOLDORI,24X1.05 OZ,Dry,24
08985K,DELICIOUS SEAWEED SNACK (WASABI),김부각 (와사비맛),CS,0,325,90,DOLDORI,24X1.05 OZ,Dry,24
08986K,DELICIOUS SEAWEED SNACK (HONEY BUTTER),김부각 (허니버터맛),CS,0,325,90,DOLDORI,24X1.05 OZ,Dry,24
08987K,DELICIOUS SEAWEED SNACK (CHEESE),김부각 (치즈맛),CS,0,325,90,DOLDORI,24X1.05 OZ,Dry,24
08988K,NEW CARAMEL MAPLE CORN SNACK,뉴 카라멜 메이플콘 스낵,CS,28,190,60,CNATURALSTORY,12X5.43 OZ,Dry,12
08998T,TAMARIND CONCENTRATE,타마린드 컨센츄레이트,CS,54,640,90,DOUBLESEAHORSE,24X14 OZ,Dry,24
08999K,SHIN RAMEN LIGHT (AIR DRIED),신 라면 건면,CS,70,280,90,NONGSHIM,8X4X3.42 OZ,Dry,8
09015K,SESAME STICK BISCUIT,참깨스틱,CS,41,285,90,CHEONGWOO,12X7.7 OZ,Dry,12
09019K,CARAMEL CORNS PEANUTS SNACK (S),카라멜콘 땅콩 (S),CS,19,190,60,CNATURALSTORY,16X2.54 OZ,Dry,16
09020K,POTEAU CHEESE CRACKER,뽀또 (치즈),CS,41,280,90,CNATURALSTORY,10X11.36 OZ,Dry,10
09021K,CHEESE SNACK,콘치,CS,23,190,60,CNATURALSTORY,18X2.33 OZ,Dry,18
09031K,CHOCO SNACK,콘초,CS,23,190,60,CNATURALSTORY,18X2.33 OZ,Dry,18
09044K,VICPIE,빅파이,CS,39,190,60,CNATURALSTORY,12X11.43 OZ,Dry,12
09047K,CHOCO HEIM SNACK (L),쵸코 하임 (L),CS,47,280,90,CNATURALSTORY,12X10.02 OZ,Dry,12
09049K,WHITE HEIM SNACK (L),화이트 하임 (L),CS,47,280,90,CNATURALSTORY,12X10.02 OZ,Dry,12
09065K,KOREAN HERB DRINK,쌍화탕,CS,80,640,90,SOLPYO,10X10X3.4 OZ,Dry,10
09091K,CORN CHIPS (S),콘칲 (S),CS,24,190,60,CNATURALSTORY,16X2.47 OZ,Dry,16
09111K,CUSTARD CAKE (L),카스타드 (L),CS,35,160,60,ORION,8X9.73 OZ,Dry,8
09121K,CUSTARD CAKE (STRAWBERRY FLAVOR_ L),커스타드 (딸기맛),CS,52,280,90,LOTTE,8X7.76 OZ,Dry,8
09140J,MOON LIGHT COOKIE (14P),문 라이트 쿠키 (14P),CS,67,190,60,MORINAGA,40X3.99 OZ,Dry,40
09149J,PARTY MIX 3 (ARARE MIX),파티믹스 3 (아라레믹스),CS,67,280,90,KABUTO,20X8.81 OZ,Dry,20
09150J,PARTY MIX 1 (MAME MIX),파티믹스 1 (마메믹스),CS,78,280,90,KABUTO,20X12 OZ,Dry,20
09151J,PARTY MIX 2 (KAKINOTANE),파티믹스 2 (카키노타네),CS,76,280,90,KABUTO,20X12 OZ,Dry,20
09156J,WASABI FLAVOR RICE SNACK (KAKINOTANE),와사비 카키노타네,CS,54,280,90,KABUTO,20X10.58 OZ,Dry,20
09157J,RICE SNACK-WASABI (KAKINOTANE),와사비 카키노타네,CS,32,280,90,UEGAKI,20X4.58 OZ,Dry,20
09158J,RICE SNACK (KAKINOTANE),카키노타네,CS,28,280,90,UEGAKI,20X4.58 OZ,Dry,20
09159J,RICE SNACK (KAKINOTANE_HOT),카키노타네 (매운맛),CS,29,280,90,UEGAKI,20X4.58 OZ,Dry,20
09211K,PPUSHUPPUSHU SNACK (HOT),뿌셔뿌셔 (떡볶이),CS,30,280,90,OTOKI,24X3.17 OZ,Dry,24
09212K,PPUSHUPPUSHU SNACK (BEEF),뿌셔뿌셔 (불고기),CS,26,280,90,OTOKI,24X3.17 OZ,Dry,24
09213K,PPUSHUPPUSHU SNACK (BBQ),뿌셔뿌셔 (바베큐),CS,26,280,90,OTOKI,24X3.17 OZ,Dry,24
09216K,15 GRAINS SNACK (ORIGINAL),15곡 스낵 (오리지널),CS,20,280,90,KABUTO,12X5.64 OZ,Dry,12
09235K,15 GRAINS SNACK (MILK FLAVOR),15곡 스낵 (우유맛),CS,16,310,90,KABUTO,12X6.35 OZ,Dry,12
09237K,15 GRAINS SNACK (GREEN TEA FLAVOR),15곡 스낵 (녹차맛),CS,16,310,90,KABUTO,12X6.35 OZ,Dry,12
09250J,POCKY CHOCOLATE,포키 초콜릿,BX,20,190,60,GLICO,12X10X2.47 OZ,Dry,10
09262K,KOREAN RICE SNACK,한입 인절미 과자,CS,0,325,90,ARIRANG,10X8.8 OZ,Dry,10
09263K,KOREAN ROASTED RICE (NURUNGJI) SNACK,한입 참 누룽지,CS,0,325,90,ARIRANG,10X8.1 OZ,Dry,10
09264W,FRUIT JELLY (LITCHI & MANGO FLAVOR),후르츠 젤리 (리치 & 망고맛),CS,23,280,90,ROYALFAMILY,12X10.6 OZ,Dry,12
09265W,FRUIT JELLY (GRAPE & PASSION FRUIT FLAVOR),후르츠 젤리 (포도 & 패션 후르츠맛),CS,23,280,90,ROYALFAMILY,12X10.6 OZ,Dry,12
09291J,JELLY (GUMMY_GRAPE),거미 100 (포도),CS,50,190,60,KASUGAI,2X12X3.77 OZ,Dry,24
09293J,JELLY (GUMMY_KIWI),거미 (키위),CS,39,250,90,KASUGAI,2X12X3.77 OZ,Dry,24
09295J,JELLY (GUMMY_STRAWBERRY),거미 (딸기),CS,52,250,90,KASUGAI,2X12X3.77 OZ,Dry,24
09296J,JELLY (GUMMY_LITCHI),거미 (리치),CS,53,250,90,KASUGAI,2X12X3.59 OZ,Dry,24
09297J,JELLY (GUMMY_MANGO),거미 (망고),CS,53,130,30,KASUGAI,2X12X3.59 OZ,Dry,24
09299J,JELLY (GUMMY_PEACH),거미 (복숭아),CS,54,250,90,KASUGAI,2X12X3.77 OZ,Dry,24
09302C,GUAVA CANDY,구아바 캔디,CS,76,330,90,HONGYUAN,30X12.33 OZ,Dry,30
09358K,ANYTIME CANDY (MINT),애니타임 (민트),CS,43,280,90,LOTTE,20X3.25 OZ,Dry,20
09361K,GINGER CANDY,생강 캔디,CS,45,640,90,KABUTO,30X3.53 OZ,Dry,30
09362K,GINGER CANDY (LEMON),생강 캔디 (레몬),CS,46,640,90,KABUTO,30X3.53 OZ,Dry,30
09381K,SHRIMP FLAVORED CHIPS (S),알새우칩 (S),CS,39,220,60,NONGSHIM,20X1.58 OZ,Dry,20
09383K,MARGARET COOKIE (L),마가렛트 (L),CS,43,280,90,LOTTE,8X12.42 OZ,Dry,8
09394J,BUBBLE GUM (ASSORTED_L),풍선 껌 (종합_L),BX,19,640,90,MARUKAWA,12X24X1.6 OZ,Dry,24
09399K,GREEN TEA CANDY,향긋한 녹차 캔디,CS,0,325,90,MAMMOS,20X3.52 OZ,Dry,20
09402K,BINCH BISCUIT (L),빈츠 비스킷 (L),CS,62,280,90,LOTTE,16X7.2 OZ,Dry,16
09404K,SHRIMP CRACKER (L),새우깡 (L),CS,40,220,60,NONGSHIM,6X14.1 OZ,Dry,6
09405K,ONION RINGS SNACK (L),양파링 (L),CS,46,220,60,NONGSHIM,20X3.17 OZ,Dry,20
09407K,POP CORN SNACK,사또밥,CS,14.3,280,90,SAMYANG,20X2.36 OZ,Dry,20
09409K,CHANGGU (HONEY DIPPED SNACK),짱구,CS,16,280,90,SAMYANG,24X4.05 OZ,Dry,24
09410K,ONION RINGS SNACK (S),양파링 (S),CS,43,280,90,NONGSHIM,20X1.76 OZ,Dry,20
09413K,STAR POPEYE,별 뽀빠이,CS,10.3,220,60,SAMYANG,30X2.29 OZ,Dry,30
09414K,PUFFED WHEAT SNACK (JOLLY PONG_ S),죠리퐁 (S),CS,19,190,60,CNATURALSTORY,16X2.61 OZ,Dry,16
09417K,CHOCHUNG U-GUA (SYRUP RICE SNACK_L),조청 유과 (L),CS,60,220,60,NONGSHIM,10X10.23 OZ,Dry,10
09421D,CRYSTALLIZED GINGER,편강,CS,61,280,90,ASSI,12X10 OZ,Dry,12
09426K,CORN CHIPS (L),콘칲 (L),CS,28,190,60,CNATURALSTORY,12X5.22 OZ,Dry,12
09428K,WANG CHANGGU (HONEY DIPPED SNACK),왕 짱구,CS,16,280,90,SAMYANG,10X9.7 OZ,Dry,10
09429K,PUFFED WHEAT SNACK (JOLLY PONG_ L),죠리퐁 (L),CS,30,190,60,CNATURALSTORY,12X5.82 OZ,Dry,12
09437K,CHOCO COOKIE PEPERO,초코 쿠키 빼빼로,CS,46,280,90,LOTTE,40X1.13 OZ,Dry,40
09439J,JAPANESE SOFT COOKIE (ASSORTED MANJU),아지노 메이사꾸 만주,CS,50,280,90,MARUKYO,12X8.8 OZ,Dry,12
09440K,COW MILK CHEWING CANDY (MILK_L),폭신폭신 말랑카우 츄잉 캔디 (밀크_L),CS,44,280,90,LOTTE,8X5.57 OZ,Dry,8
09441K,KOREAN SNACK (MATDONGSAN_L),맛동산 (L),CS,31,70,30,HAITAI,8X11.4 OZ,Dry,8
09445K,"O! KARTO (CREAM&CHEESE, S)","오!감자 (크림&치즈, S)",CS,29,220,60,ORION,24X1.76 OZ,Dry,24
09448K,PUFFED CEREAL COOKIES (FULL MOON),보름달 뻥,CS,38,280,90,ASSI,20X3.5 OZ,Dry,20
09450K,HOMERUN BALL (S),홈런볼 (S),CS,33,280,90,HAITAI,30X1.6 OZ,Dry,30
09451K,ACE CRACKER (L),에이스 크래커 (L),CS,38,280,90,HAITAI,10X12.5 OZ,Dry,10
09452K,FRENCH PIE (APPLE),후렌치 파이 (사과),CS,32,280,90,HAITAI,12X6.7 OZ,Dry,12
09456K,PEANUT BALL W/SQUID FLAVOR (L),오징어 땅콩 (L),CS,45,160,60,ORION,16X7.13 OZ,Dry,16
09462K,NUDE PEPERO (CHOCO STICK CRACKER),누드 빼빼로,CS,44,280,90,LOTTE,40X1.76 OZ,Dry,40
09463K,WHITE COOKIE PEPERO (S),화이트 쿠키 빼빼로 (S),CS,46,280,90,LOTTE,40X1.13 OZ,Dry,40
09464K,PEPERO (S),빼빼로 (S),CS,45,280,90,LOTTE,40X1.66 OZ,Dry,40
09476K,KANCHO CHOCO BISCUIT (S),칸쵸 (S),CS,29,280,90,LOTTE,32X1.48 OZ,Dry,32
09477K,ALMOND PEPERO (L),아몬드 빼빼로 (L),CS,39,280,90,LOTTE,9X4.51 OZ,Dry,9
09478K,ALMOND PEPERO (S),아몬드 빼빼로 (S),CS,46,280,90,LOTTE,40X1.13 OZ,Dry,40
09485K,"O! KARTO (CHILI, S)","오!감자 (칠리, S)",CS,30,220,60,ORION,24X1.76 OZ,Dry,24
09486K,PEANUT BALL W/SQUID FLAVOR (S),오징어 땅콩 (S),CS,22,160,60,ORION,16X3.45 OZ,Dry,16
09488K,HOMERUN BALL (L),홈런볼 (L),CS,38,280,90,HAITAI,12X5.1 OZ,Dry,12
09497K,BUTTER COCONUT BISCUIT (L),빠다 코코낫 (L),CS,46,280,90,LOTTE,12X10.58 OZ,Dry,12
09502C,HAMI MELON MOCHI (8P),메론맛 모찌 (8P),CS,50,280,90,ROYALFAMILY,24X7.62 OZ,Dry,24
09507K,CRAB SNACK,꽃게 스낵,CS,23,280,90,PALDO,20X1.76 OZ,Dry,20
09508K,SHRIMP SNACK,새우 스낵,CS,25,280,90,PALDO,20X2.64 OZ,Dry,20
09510C,RED BEAN MOCHI,팥 모찌,CS,41,280,90,ROYALFAMILY,24X7.4 OZ,Dry,24
09511C,PEANUT MOCHI,땅콩 모찌,CS,41,280,90,ROYALFAMILY,24X7.4 OZ,Dry,24
09512C,SESAME MOCHI,참깨 모찌,CS,37,280,90,ROYALFAMILY,24X7.4 OZ,Dry,24
09513C,TARO MOCHI,토란 모찌,CS,41,280,90,ROYALFAMILY,24X7.4 OZ,Dry,24
09516C,GREEN TEA MOCHI,녹차 모찌,CS,41,280,90,ROYALFAMILY,24X7.4 OZ,Dry,24
09517C,MIXED MOCHI,종합 모찌,CS,44,280,90,ROYALFAMILY,12X15.8 OZ,Dry,12
09524K,CHOCO BOY (2P),초코보이 (2P),CS,38,280,90,ORION,32X2X1.26 OZ,Dry,32
09528K,KANCHO CHOCO BISCUIT (L),칸쵸 (L),CS,47,280,90,LOTTE,12X5.93 OZ,Dry,12
09529K,KANCHO CHOCO BISCUIT (CUP),칸쵸 (컵),CS,33,280,90,LOTTE,15X3.35 OZ,Dry,15
09530K,SANDO BISCUIT (STRAWBERRY_L),산도 비스킷 (딸기_L),CS,27,280,90,CNATURALSTORY,8X11.39 OZ,Dry,8
09540D,SHRIMP CHIPS (S),쉬림프 칩 (S),CS,30,240,60,CALBEE,12X4 OZ,Dry,12
09541D,SHRIMP CHIPS (L),쉬림프 칩 (L),CS,56,190,60,CALBEE,12X8 OZ,Dry,12
09542D,SHRIMP CHIPS (HOT GARLIC),쉬림프 칩 (매운맛),CS,27,240,60,CALBEE,12X3.3 OZ,Dry,12
09548W,MILK CAKE,밀크 케익,CS,24,280,90,ROYALFAMILY,12X8.4 OZ,Dry,12
09549W,RED BEAN CAKE,팥 케익,CS,26,280,90,ROYALFAMILY,12X8.4 OZ,Dry,12
09552C,LYCHEE MOCHI (6P),리치맛 모찌 (6P),CS,45,280,90,ROYALFAMILY,24X7.41 OZ,Dry,24
09554C,MANGO MOCHI (6P),망고맛 모찌 (6P),CS,45,280,90,ROYALFAMILY,24X7.41 OZ,Dry,24
09555C,HAMI MELON MOCHI (6P),메론맛 모찌 (6P),CS,33,280,90,ROYALFAMILY,24X7.41 OZ,Dry,24
09558K,CHIC CHOC COOKIE (L),칙촉 (L),CS,45,190,60,LOTTE,12X6.34 OZ,Dry,12
09563K,MONCHER CAKE CACAO (L),몽쉘 카카오 케이크 (L),CS,36,220,60,LOTTE,8X13.54 OZ,Dry,8
09565K,MONCHER CAKE CREAM (L),몽쉘 크림 케이크 (L),CS,38,220,60,LOTTE,8X13.54 OZ,Dry,8
09575K,WHITE COOKIE PEPERO (L),화이트 쿠키 빼빼로 (L),CS,39,280,90,LOTTE,9X4.51 OZ,Dry,9
09582K,"O! TUBE (CHEDDAR CHEESE, L)","오!감자 (체다치즈, L)",CS,31,220,60,ORION,12X4.06 OZ,Dry,12
09584K,BUTTER WAFFLES (L),버터 와플 (L),CS,39,190,60,CNATURALSTORY,10X11.15 OZ,Dry,10
09585K,COUQUE DASSE COOKIE (COFFEE_L),쿠크다스 커피 (L),CS,44,280,90,CNATURALSTORY,12X10.19 OZ,Dry,12
09589K,POSTICK SNACK (POTATO),포스틱,CS,34,220,60,NONGSHIM,20X2.46 OZ,Dry,20
09601T,CRISPY SEAWEED SNACK (ORIGINAL),크리스피 김 스낵 (오리지널),CS,23,370,90,TAOKAENOI,12X1.12 OZ,Dry,12
09602T,CRISPY SEAWEED SNACK (HOT&SPICY),크리스피 김 스낵 (핫앤스파이시),CS,23,370,90,TAOKAENOI,12X1.12 OZ,Dry,12
09603T,CRISPY SEAWEED SNACK (TOM YUM GOONG),크리스피 김 스낵 (탐염궁),CS,22,370,90,TAOKAENOI,12X1.12 OZ,Dry,12
09604T,CRISPY SEAWEED SNACK (WASABI),크리스피 김 스낵 (와사비),CS,20,370,90,TAOKAENOI,12X1.12 OZ,Dry,12
09605T,CRISPY SEAWEED SNACK (SEAFOOD),크리스피 김 스낵 (씨푸드),CS,20,370,90,TAOKAENOI,12X1.12 OZ,Dry,12
09611T,GRILLED SEAWEED SNACK (KIMCHI),구운 김 스낵 (김치),CS,22,280,90,SUPERCRISP,12X0.84 OZ,Dry,12
09612T,GRILLED SEAWEED SNACK (HOT CHILI SQUID),구운 김 스낵 (핫 칠리 스퀴드),CS,21,280,90,SUPERCRISP,12X0.84 OZ,Dry,12
09617T,TEMPURA SEAWEED SNACK (ORIGNAL),뎀뿌라 김 스낵 (오리지널),CS,24,280,90,TAOKAENOI,12X1.41 OZ,Dry,12
09618T,TEMPURA SEAWEED SNACK (SPICY),뎀뿌라 김 스낵 (매운맛),CS,23,280,90,TAOKAENOI,12X1.41 OZ,Dry,12
09620T,CRISPY SEAWEED SNACK (SRIRACHA CHILI SAUCE),크리스피 김 스낵 (스리라차 칠리 소스),CS,23,370,90,TAOKAENOI,12X1.12 OZ,Dry,12
09621K,"O! TUBE (CHILI, L)","오!감자 (칠리, L)",CS,32,220,60,ORION,12X4.06 OZ,Dry,12
09630K,CARAMEL CORNS PEANUTS SNACK (L),카라멜콘 땅콩 (L),CS,25,190,60,CNATURALSTORY,12X5.29 OZ,Dry,12
09634K,CHOCO PIE (S),초코파이 (S),CS,32,280,90,LOTTE,16X5.92 OZ,Dry,16
09636K,VEGGIE CRACKER (L),야채 크래커,CS,43,285,90,LOTTE,12X8.78 OZ,Dry,12
09663K,CHOCO PIE (L),초코파이 (L),CS,29,280,90,LOTTE,8X11.85 OZ,Dry,8
09665K,POCA CHIP (ORIGINAL_L),포카칩 (오리지널_L),CS,40,160,60,ORION,12X4.59 OZ,Dry,12
09668K,CHOCO PIE,초코파이,CS,28,220,60,ORION,8X16.5 OZ,Dry,8
09673K,SWING CHIP (HOT PEPPER PASTE_L),스윙칩 (볶음 고추장맛_L),CS,38,160,60,ORION,12X4.37 OZ,Dry,12
09679T,GRILLED SEAWEED ROLL (CLASSIC),구운 김 롤 스낵 (클래식),CS,39,280,90,TAOKAENOI,12X0.95 OZ,Dry,12
09680T,GRILLED SEAWEED ROLL (SPICY SQUID),구운 김 롤 스낵 (매운 오징어),CS,34,280,90,TAOKAENOI,12X0.95 OZ,Dry,12
09681T,GRILLED SEAWEED ROLL (SPICY),구운 김 롤 스낵 (매운맛),CS,37,280,90,TAOKAENOI,12X0.95 OZ,Dry,12
09682T,GRILLED SEAWEED ROLL (BBQ SAUCE),구운 김 롤 스낵 (바베큐 소스),CS,40,280,90,TAOKAENOI,12X0.95 OZ,Dry,12
09686T,GRILLED SEAWEED ROLL (TOM YUM GOONG),구운 김 롤 스낵 (탐염궁),CS,34,280,90,TAOKAENOI,12X0.95 OZ,Dry,12
09700J,RICE CRACKERS (SHELLY SENBEI),눈꽃 쌀과자,CS,35,370,90,KABUTO,10X11.3 OZ,Dry,10
09701J,RICE CRACKERS (SENBEI),내친구 쌀과자,CS,39,370,90,KABUTO,10X10.6 OZ,Dry,10
09711K,KOREAN TRADITIONAL COOKIE (CONCH STYLE),왕소라형 과자,CS,19,280,90,COSMOS,30X2.54 OZ,Dry,30
09712K,KOREAN TRADITIONAL COOKIE (POTATO STYLE),고구마형 과자,CS,18,280,90,COSMOS,30X2.47 OZ,Dry,30
09713K,KOREAN TRADITIONAL COOKIE (JJANGIYA),짱이야,CS,17,280,90,COSMOS,30X1.98 OZ,Dry,30
09720J,ROASTED HOT GREEN PEAS (WASABI_L),와사비 그린피 (매운 완두콩_L),CS,90,640,90,KABUTO,24X9.9 OZ,Dry,24
09721J,ROASTED HOT GREEN PEAS (WASABI_S),와사비 그린피 (매운 완두콩_S),CS,61,640,90,KABUTO,24X4.9 OZ,Dry,24
09722J,ROASTED GREEN PEAS (L),그린피 (완두콩_L),CS,90,640,90,KABUTO,24X9.9 OZ,Dry,24
09723J,ROASTED GREEN PEAS (S),그린피 (완두콩_S),CS,64,640,90,KABUTO,24X4.9 OZ,Dry,24
09724J,CUTTLEFISH PEANUT CRACKERS,오징어 땅콩,CS,75,640,90,KABUTO,24X6.34 OZ,Dry,24
09725J,SHRIMP PEANUT CRACKERS,새우 땅콩,CS,78,640,90,KABUTO,24X6.34 OZ,Dry,24
09726J,MIXED RICE CRACKERS,쌀과자 믹스,CS,75,640,90,KABUTO,24X6.34 OZ,Dry,24
09727K,RICE TOPOKKI SNACK,쌀떡볶이,CS,19,280,90,COSMOS,30X2.0 OZ,Dry,30
09731K,KOREAN SNACK (PUFFED CORN),강냉이 (대포장),CS,48,280,90,UNBRANDED,10X1.2 LB,Dry,10
09733K,KOREAN SNACK (PUFFED STAR SNACK),마카로니 (대포장),CS,50,280,90,UNBRANDED,10X1.1 LB,Dry,10
09734K,KOREAN SNACK (PUFFED RICE),쌀과자 (대포장),CS,63,280,90,UNBRANDED,10X1.7 LB,Dry,10
09737K,PUFFED RICE SNACK,쌀튀밥 (대포장),CS,58,280,90,UNBRANDED,10X1.6 LB,Dry,10
09739K,PUFFED CEREAL SNACK,뻥튀기 (대포장),CS,36,280,90,UNBRANDED,10X10.5 OZ,Dry,10
09742J,ROASTED HOT PEANUTS (WASABI),와사비 땅콩 (매운 땅콩),CS,122,460,90,KABUTO,24X9.9 OZ,Dry,24
09743K,PEANUT CRUNCH (L),땅콩 강정 (L),CS,50,160,60,ORION,18X5.89 OZ,Dry,18
09745J,MIXED NUTS ARARE (CAN),쌀과자 땅콩 믹스 (CAN),CS,83,460,90,KABUTO,24X6.34 OZ,Dry,24
09746K,CORN CHIP,콘칩,CS,30,280,90,KABUTO,10X8.4 OZ,Dry,10
09747P,PRAWN CRACKERS (PLAIN),새우 크래커 (플레인),CS,51,280,90,OISHI,30X3.17 OZ,Dry,30
09748P,PRAWN CRACKERS (SPICY),새우 크래커 (매운맛),CS,52,280,90,OISHI,30X3.17 OZ,Dry,30
09756K,HONEY TWIST SNACK (S),꿀꽈배기 (S),CS,34,220,60,NONGSHIM,20X2.64 OZ,Dry,20
09763K,KOREAN TRADITIONAL RICE COOKIE (L),산자 (대),CS,47,280,90,ASSI,16X8.1 OZ,Dry,16
09764K,KOREAN TRADITIONAL RICE COOKIE (S),산자 (소),CS,31,280,90,ASSI,20X4.5 OZ,Dry,20
09771K,CRUNCHY RICE ROLLS,쌀강정,CS,26,280,90,ASSI,20X3.5 OZ,Dry,20
09775K,POP CORN,돌아온 강냉이,CS,32,280,90,JOEUN,20X5.99 OZ,Dry,20
09787K,KOREAN PUFFED CORN COOKIE,베이비 강냉이,CS,27,280,90,MIKWANG,20X4.5 OZ,Dry,20
09794K,CRUNCHY BROWN RICE ROLLS,현미 강정,CS,25,280,90,ASSI,20X3.5 OZ,Dry,20
09806K,KOREAN TRADITIONAL PUFFED COOKIE,오색 한과,CS,99,220,60,YANGYANG,20X7.05 OZ,Dry,20
09836K,WANG KOREPAB (SEAWEED_L),왕 고래밥 (볶음양념맛_L),CS,28,160,60,ORION,24X1.98 OZ,Dry,24
09837K,"MARINE BOY BAKED SNACK (SEAWEED, S)","고래밥 (볶음양념맛, S)",CS,20,280,90,ORION,30X1.41 OZ,Dry,30
09842K,PEANUT SAND COOKIE,국희 땅콩 샌드 (L),CS,38,280,90,CNATURALSTORY,12X13.12 OZ,Dry,12
09843K,BUTTERRING COOKIE (L),버터링 (L),CS,40,280,90,HAITAI,12X10.6 OZ,Dry,12
09845K,CUTTLEFISH SNACK (L),오징어 집 (L),CS,43,210,60,NONGSHIM,6X9.17 OZ,Dry,6
09846K,CUSTARD CAKE (L),카스타드 (L),CS,44,280,90,LOTTE,8X9.74 OZ,Dry,8
09847K,CUSTARD CAKE (S),카스타드 (S),CS,33,280,90,LOTTE,12X4.87 OZ,Dry,12
09869K,SWEET RICE DRINK (500ML),아침햇살 (500ML),CS,29,190,60,WOONGJIN,20X16.91 OZ,Dry,20
09870K,PORORO DRINK (STRAWBERRY),뽀로로 드링크 (딸기맛),CS,25,280,90,PALDO,24X7.95 OZ,Dry,24
09872K,PORORO DRINK (APPLE),뽀로로 드링크 (사과맛),CS,24,280,90,PALDO,24X7.95 OZ,Dry,24
09873K,PORORO DRINK (TROPICAL FRUITS),뽀로로 드링크 (열대과일맛),CS,25,280,90,PALDO,24X7.95 OZ,Dry,24
09874K,PORORO DRINK (MILK),뽀로로 드링크 (우유맛),CS,25,280,90,PALDO,24X7.95 OZ,Dry,24
09875K,GREEN PLUM DRINK (500ML),초록매실 (500ML),CS,27,460,90,WOONGJIN,20X16.91 OZ,Dry,20
09880K,GREEN PLUM DRINK (1.5L),초록매실 (1.5L),CS,27,460,90,WOONGJIN,12X1.5 L,Dry,12
09900J,POPSICLE (ASSORTED),쮸쮸바 (종합),CS,41,640,90,PENGUIN,15X28.7 OZ,Dry,15
09902K,SKY BARLEY DRINK (500ML),하늘보리 (500ML),CS,19,280,90,WOONGJIN,20X16.91 OZ,Dry,20
09903K,VITA POWER DRINK (S),비타 파워 (S),CS,56,280,90,LOTTE,10X10X3.3 OZ,Dry,10
09905J,POPSICLE (STRAWBERRY),쮸쮸바 (딸기),CS,45,280,90,PENGUIN,15X28.7 OZ,Dry,15
09907K,ALOE BORN DRINK (MANGO_1.5L),알로에 본 드링크 (망고_1.5L),CS,26,640,90,PALDO,12X1.5 L,Dry,12
09909K,ALOE BORN DRINK (PINEAPPLE_1.5L),알로에 본 드링크 (파인애플_1.5L),CS,26,640,90,PALDO,12X1.5 L,Dry,12
09910K,SWEET RICE DRINK (1.5L),아침햇살 (1.5L),CS,39,190,60,WOONGJIN,12X1.5 L,Dry,12
09912K,LETS BE COFFEE DRINK (CAN),레쓰비 커피 (캔),CS,24,460,90,LOTTE,5X6X5.9 OZ,Dry,5
09915K,ALOE DRINK (1.5L),알로에 드링크 (1.5L),CS,25,640,90,ASSI,12X1.5 L,Dry,12
09916K,ALOE DRINK (500ML),알로에 드링크 (500ML),CS,19,640,90,ASSI,20X16.9 OZ,Dry,20
09920K,SKY BARLEY DRINK (1.5L),하늘보리 (1.5L),CS,18,280,90,WOONGJIN,12X1.5 L,Dry,12
09921J,RAMUNE DRINK (ORIGINAL_6P),라무네 드링크 (오리지널_6P),CS,35,280,90,HATA,5X6X6.76 OZ,Dry,5
09922J,RAMUNE DRINK (BLUE HAWAII),라무네 드링크 (블루 하와이),CS,32,280,90,HANA,24X6.7 OZ,Dry,24
09923K,MILKIS DRINK (MELON_CAN),밀키스 멜론 (캔),CS,23,640,90,LOTTE,5X6X8.45 OZ,Dry,5
09924J,RAMUNE DRINK (STRAWBERRY),라무네 드링크 (딸기),CS,34,280,90,HANA,24X6.7 OZ,Dry,24
09927K,WHAL MYUNG SU (CARBONATED HERBS DRINK),까스 활명수 액,CS,39,640,90,DONGWHAPHARMACY,6X10X2.64 OZ,Dry,6
09929K,VIRAC CINNAMON PUNCH,비락 수정과,CS,47,640,90,PALDO,6X12X8.04 OZ,Dry,6
09930K,VILAC KOREAN TRADITIONAL RICE DRINK (1.8,비락 식혜 (1.8L),CS,34,280,90,PALDO,8X1.8 L,Dry,8
09931K,GINSENG DRINK (W/ROOT),인삼뿌리 드링크,CS,83,460,90,ASSI,5X10X4 OZ,Dry,5
09932K,BACCHUS-D DRINK,박카스 디,CS,42,1000,90,DONGA,5X10X3.3 OZ,Dry,5
09934K,DIGESTIVE HERB DRINK,까스 활명수 큐,CS,72,640,90,BUCHAEPYO,12X10X2.64 OZ,Dry,12
09942K,VILAC KOREAN TRADITIONAL RICE DRINK (12C),비락 식혜 (12캔),CS,54,640,90,PALDO,6X12X8.04 OZ,Dry,6
09948C,SOY MILK (CAN),소이 밀크 (두유_캔),CS,22,640,90,YEOS,24X10.1 OZ,Dry,24
09949K,MILKIS DRINK (PB_500ML),밀키스 (PB_500ML),CS,40,460,90,LOTTE,20X16.9 OZ,Dry,20
09955K,CORN SYRUP (5.5#),조청 물엿 (5.5#),CS,0,690,90,ASSI,9X5.5 LB,Dry,9
09961K,MILKIS DRINK (CAN),밀키스 (캔),CS,24,640,90,LOTTE,5X6X8.45 OZ,Dry,5
09963K,CHILSUNG CIDER DRINK (CAN),칠성 사이다 (캔),CS,24,640,90,LOTTE,5X6X8.3 OZ,Dry,5
09966K,CIDER CHILSUNG (PB_500ML),칠성 사이다  (PB_500ML),CS,0,325,90,LOTTE,20X16.9 OZ,Dry,20
09967K,POCARI SWEAT DRINK (500ML),포카리 스웨트 (500ML),CS,36,280,90,DONGA,20X16.9 OZ,Dry,20
09981K,SOFT DRINK 2PER (PEACH_CAN),2PER 부족할때 (복숭아_캔),CS,25,640,90,LOTTE,5X6X8.1 OZ,Dry,5
09986K,SOFT DRINK 2PER (PEACH_1.5 L),2PER 부족할 때 (복숭아_1.5 L),CS,50,460,90,LOTTE,12X1.5 L,Dry,12
09990K,BROWN CORN SYRUP (42 OZ),브라운 물엿 (42 OZ),CS,0,690,90,ASSI,12X42 OZ,Dry,12
09992K,CORN SYRUP (BTL_42 OZ),맥아 물엿 (BTL_42 OZ),CS,25,640,90,ASSI,12X42 OZ,Dry,12
09993K,CORN SYRUP (11#),맥아 물엿 (11#),CS,39,640,90,ASSI,4X11 LB,Dry,4
09994K,CORN SYRUP (KOREA_BROWN_11#),조청 물엿 (11#),CS,55,640,90,ASSI,4X11 LB,Dry,4
09996K,CORN SYRUP (BTL_ 5.4#),맥아 물엿 (BTL_ 5.4#),CS,29,640,90,ASSI,6X5.4 LB,Dry,6
09998K,CORN SYRUP (22#),맥아 물엿 (22#),CS,37,640,90,ASSI,2X22 LB,Dry,2
10001K,POCARI SWEAT DRINK (1.5L),포카리 스웨트 (1.5L),CS,44,280,90,DONGA,12X1.5 L,Dry,12
10003K,POCARI SWEAT DRINK (CAN),포카리 스웨트 (캔),CS,31,280,90,DONGA,5X6X8.2 OZ,Dry,30
10011K,ROASTED CORN & BARLY TEA (3#),구수한 옥수수 보리차 (3#),CS,0,325,90,ASSI,9X3 LB,Dry,9
10016K,ROASTED BARLEY TEA (4#),보리차 (4#),CS,44,640,90,ASSI,6X4 LB,Dry,6
10017K,ROASTED BARLEY TEA (1#),보리차 (1#),CS,53,640,90,ASSI,30X1 LB,Dry,30
10018K,ROASTED BARLEY TEA (2#),보리차 (2#),CS,54,640,90,ASSI,16X2 LB,Dry,16
10019K,PEAR JUICE (1.5L),생배 (1.5L),CS,29,280,90,NONGHYUP,12X1.5 L,Dry,12
10029K,COFFEE MIX (ORIGINAL_100P),오리지널 커피믹스 (100포),CS,139,460,90,MAXIM,8X41.6 OZ,Dry,8
10032K,CORN HAIR DRINK (1.5L),옥수수 수염차 (1.5L),CS,18,280,90,NAMYANG,12X1.5 L,Dry,12
10034K,KOREAN HERBAL DRINK (1.5L),17차 (1.5L),CS,18,280,90,NAMYANG,12X1.5 L,Dry,12
10035K,ROASTED CORN TEA (2#),옥수수차 (2#),CS,55,640,90,ASSI,15X2 LB,Dry,15
10036K,ROASTED CORN TEA (4#),옥수수차 (4#),CS,38,640,90,ASSI,6X4 LB,Dry,6
10037K,ROASTED CORN TEA (1#),옥수수차 (1#),CS,47,640,90,ASSI,24X1 LB,Dry,24
10048K,GREEN TEA (20TB),깔끔한 녹차 (20TB),CS,39,640,90,YISSINE,30X0.84 OZ,Dry,30
10051P,PILLOWS - CHOCO-FILLED CRACKERS,필로우즈 - 초코필드 크래커,CS,58,285,90,OISHI,20X5.29 OZ,Dry,20
10052P,PILLOWS - UBE-FILLED CRACKERS,필로우즈 - 우베필드 크래커,CS,73,285,90,OISHI,100X1.34 OZ,Dry,100
10053P,SPONGE CRUNCH CHOCO-SOAKED SNACK,스폰지 크런치 초코 스낵,CS,69,285,90,OISHI,20X4.23 OZ,Dry,20
10068D,WILD FLOWER HONEY (BEAR),야생꿀 (곰인형),CS,45,690,90,GUNTERS,12X12 OZ,Dry,12
10077D,CACTUS HONEY POWDER (1#),허니 파우더 (꿀가루_1#),CS,72,1410,90,EVERGREEN,24X1 LB,Dry,24
10080D,HONEY POWDER (1.32#),허니 파우더 (꿀가루_1.32#),CS,75,330,90,EVERGREEN,12X1.32 LB,Dry,12
10083K,SUGAR FREE ALOE DRINK (1.5L),무설탕 알로에 음료 (1.5L),CS,25,640,90,ASSI,12X1.5 L,Dry,12
10088K,ROASTED BUCKWHEAT TEA,볶음 메밀차,CS,0,690,90,YISSINE,30X5.2 OZ,Dry,30
10091K,TRUSWEET ALLULOSE SYRUP,트루스위트 알룰로스,CS,83,650,90,QONE,12X24.6 OZ,Dry,12
10095D,FRUCTO OLIGO SYRUP,프락토 올리고당,CS,43,640,90,ASSI,12X42 OZ,Dry,12
10097D,CLOVER HONEY (L),클로바 꿀 (L),CS,112,1050,90,EVERGREEN,6X5 LB,Dry,6
10098D,CLOVER HONEY (S),클로바 꿀 (S),CS,97,1050,90,EVERGREEN,12X2 LB,Dry,12
10099K,SOLOMONS SEAL TEA (50TB),둥굴레차 (50TB),CS,89,640,90,YISSINE,30X2.1 OZ,Dry,30
10100K,GREEN TEA W/BROWN RICE (50TB),현미 녹차 (50TB),CS,78,640,90,YISSINE,30X2.6 OZ,Dry,30
10101K,COFFEE MIX (MOCHA GOLD MILD_100P),모카골드 마일드 커피믹스 (100포),CS,137,460,90,MAXIM,8X42.3 OZ,Dry,8
10112K,GASTRODIA ELATA POWDER W CORN FLAKE (40TB),콘플레이크 순 천마차 (40TB),CS,0,690,90,TEASAM,8X40X0.7 OZ,Dry,8
10140J,ROASTED BROWN SWEET RICE TEA,겐마이차 (현미차),EA,2.6,280,90,UJINOTSUYU,20X14.1 OZ,Dry,1
10169D,DIET TEA (18TB),다이어트 티 (18TB),CS,91,690,90,3BALLERINA,36X1.88 OZ,Dry,36
10170D,DIET TEA (30TB),다이어트 티 (30TB),CS,75,690,90,3BALLERINA,24X2.18 OZ,Dry,24
10171J,GREEN TEA (AOYANAGI),아오야나기 반차 (그린),EA,2.5,280,90,UJINOTSUYU,30X7.05 OZ,Dry,1
10172D,DIETERS GREEN TEA (20TB),다이어터스 그린 티 (20TB),CS,86,690,90,TRIPLELEAF,24X1.4 OZ,Dry,24
10173D,SUPER SLIMMING TEA (20TB),슈퍼 슬리밍 티 (20TB),CS,89,690,90,TRIPLELEAF,24X1.4 OZ,Dry,24
10174D,SLIMMING SPECIAL TEA (20TB),슬리밍 스페셜 티 (20TB),CS,86,690,90,TRIPLELEAF,24X1.4 OZ,Dry,24
10177D,GINSENG SLIM POWER TEA,진생 슬림 파워 티,CS,108,690,90,3BALLERINA,36X1.88 OZ,Dry,36
10178D,RELAXING TEA (20TB),릴렉싱 티 (20TB),CS,105,690,90,TRIPLELEAF,24X1.4 OZ,Dry,24
10211K,GINSENG TEA (GRANULE_30P_WOODEN BOX),인삼차 (30봉_나무상자),CS,134,640,90,KOREA,30X3 OZ,Dry,30
10215K,GINSENG TEA BAGS - WOODEN BOX (50TB),인삼차,CS,0,1055,90,ASSI,30X50X0.1 OZ,Dry,30
10219K,GINSENG TEA (GRANULE_100P_WOODEN BOX),인삼차 (100봉_나무상자),CS,188,640,90,KOREA,20X10 OZ,Dry,20
10220K,GINSENG TEA (GRANULE_ 50P_ WOODEN BOX),인삼차 (50봉_ 나무상자),CS,133,1000,90,KOREA,20X5 OZ,Dry,20
10224K,RED GINSENG TEA (GRANULE_50P_PAPER BOX),홍삼차 (50봉_종이상자),CS,234,640,90,KOREA,30X5 OZ,Dry,30
10225K,RED GINSENG TEA (GRANULE_100P_PAPER BOX),홍삼차 (100봉_종이상자),CS,253,640,90,KOREA,20X10 OZ,Dry,20
10245D,BANANA FLAVORED MILK,바나나 우유,CS,23,270,60,EVERGREEN,8X3X8 OZ,Dry,8
10261C,LYCHEE BLACK TEA (8 OZ),리치 블랙차 (8 OZ),EA,5.8,640,90,SUNFLOWER,40X8 OZ,Dry,1
10263C,JASMINE TEA (4 OZ),자스민차 (4 OZ),EA,3.8,640,90,SUNFLOWER,60X4 OZ,Dry,1
10264C,JASMINE TEA (8 OZ),자스민차 (8 OZ),EA,6.5,640,90,SUNFLOWER,40X8 OZ,Dry,1
10265C,JASMINE TEA (1#),자스민차 (1#),EA,11.4,640,90,SUNFLOWER,24X1 LB,Dry,1
10266C,HONEY GINGER TEA (12TB),진한 향을 담은 생강 꿀차 (12TB),CS,69,1000,90,ASSI,24X12X0.63 OZ,Dry,24
10274K,PEAR DRINK W/PULP,생배,CS,40,640,90,NONGHYUP,6X12X8.1 OZ,Dry,6
10275K,PEACH DRINK W/PULP,생복숭아,CS,41,640,90,NONGHYUP,6X12X8.1 OZ,Dry,6
10285C,GINGER HONEY (BAG_ 2#),생강 꿀차 (BAG_ 2#),CS,60,1000,90,ASSI,10X2 LB,Dry,10
10291K,GINGER TEA (LIQUID_2.2#),생강차 (액상_2.2#),CS,78,640,90,ASSI,12X2.2 LB,Dry,12
10294K,CITRON TEA (LIQUID_2.2#),유자차 (액상_2.2#),CS,71,640,90,ASSI,12X2.2 LB,Dry,12
10304K,BLACK SUGAR GINGER TEA,흑당 생강차,CS,77,640,90,ASSI,15X1.27 LB,Dry,15
10308K,ROASTED GRAIN MIX POWDER (50P),율무차 (잣_호두_아몬드-50포),CS,156,640,90,DAMIZLE,12X50X0.7 OZ,Dry,12
10351D,BANANA FLAVORED MILK,바나나 우유,CS,15,270,60,EVERGREEN,24X8 OZ,Dry,24
10355J,HONEY GINGER TEA (12TB),생강꿀차 (12TB),CS,58,1000,90,KABUTO,24X7.62 OZ,Dry,24
10359K,HONEY PASSION FRUITS TEA (LIQUID_2.2#),꿀 패션 후르츠차 (액상_2.2#),CS,83,640,90,ASSI,12X2.2 LB,Dry,12
10366K,FRUIT JELLY (FOOTBALL),젤리컵 (풋볼),CS,34,640,90,PENGUIN,8X1.7 LB,Dry,8
10367K,FRUIT JELLY (PUPPY),젤리컵 (강아지),CS,35,640,90,PENGUIN,8X12.3 OZ,Dry,8
10368K,FRUIT JELLY (PINK CAT),젤리컵 (핑크 고양이),CS,36,640,90,PENGUIN,8X12.3 OZ,Dry,8
10369K,FRUIT JELLY (COW),젤리컵 (송아지),CS,39,640,90,PENGUIN,6X1.85 LB,Dry,6
10370K,FRUIT JELLY (PINK PIG),젤리컵 (분홍 돼지),CS,36,640,90,PENGUIN,6X1.85 LB,Dry,6
10373K,FRUIT JELLY (CHICKEN),젤리컵 (병아리),CS,35,640,90,PENGUIN,6X2.93 LB,Dry,6
10374K,FRUIT JELLY (ROUND JAR),젤리컵 (종합),CS,31,640,90,PENGUIN,6X2.93 LB,Dry,6
10375K,FRUIT JELLY (BIG OWL),젤리컵 (부엉이),CS,46,640,90,PENGUIN,8X1.85 LB,Dry,8
10376K,FRUIT JELLY (CARTON PANDA),젤리컵 (팬더),CS,37,640,90,PENGUIN,6X1.85 LB,Dry,6
10377K,FRUIT JELLY (ELEPHANT),젤리컵 (코끼리),CS,40,640,90,PENGUIN,6X1.85 LB,Dry,6
10378K,FRUIT JELLY (BUNNY),젤리컵 (토끼),CS,40,640,90,PENGUIN,6X1.85 LB,Dry,6
10380K,FRUIT JELLY (MONKEY),젤리컵 (원숭이),CS,36,640,90,PENGUIN,6X1.85 LB,Dry,6
10381K,LYCHEE FLAVOUR JELLY (ROUND),젤리컵 라운드 (리치맛),CS,0,500,90,PENGUIN,6X2.93 LB,Dry,6
10382K,MANGO FLAVOUR JELLY (ROUND),젤리컵 라운드 (망고맛),CS,0,500,90,PENGUIN,6X2.93 LB,Dry,6
10383K,FRUIT JELLY (TURTLE),젤리컵 (거북이),CS,31,640,90,PENGUIN,4X2.31 LB,Dry,4
10384K,FRUIT JELLY (DUCK),젤리컵 (오리),CS,41,640,90,PENGUIN,6X1.85 LB,Dry,6
10395K,O JELLY (GREEN GRAPE FLV_ SOFT),오 젤리 (청포도맛_ 소프트),CS,23,285,90,ORION,4X10X2.33 OZ,Dry,4
10396K,O JELLY (PEACH FLV_ SOFT),오 젤리 (복숭아맛_ 소프트),CS,32,285,90,ORION,4X10X2.33 OZ,Dry,4
10397K,O JELLY (GRAPE FLV_ SOFT),오 젤리 (포도맛_ 소프트),CS,34,285,90,ORION,4X10X2.33 OZ,Dry,4
10409V,INSTANT COFFEE MIX (3 IN 1),인스턴트 커피 믹스 (3 IN 1),CS,94,640,90,VINACAFE,20X14 OZ,Dry,20
10414K,BRONOIR BROWNIE COOKIE & CHOCOLATE CHIPS,브루느와 브라우니 쿠키,CS,38,285,90,CHEONGWOO,10X6.98 OZ,Dry,10
10415K,GRANDSHELL COOKIE (APPLE),그랑쉘사과,CS,37,220,60,CHEONGWOO,10X8.25 OZ,Dry,10
10416K,COOKIE WITH SWEET RICE CAKE,찰떡쿠키 (오리지날),CS,39,220,60,CHEONGWOO,10X9.1 OZ,Dry,10
10417K,COOKIE WITH SWEET RICE CAKE (CHESTNUT),찰떡쿠키 (밤맛),CS,32,220,60,CHEONGWOO,10X9.1 OZ,Dry,10
10418K,CHEWY CHOCOCHIP COOKIES ,쫀득초코칩,CS,36,225,60,CHEONGWOO,10X8.46 OZ,Dry,10
10419K,CHOCOLATE RICE CAKE COOKIE,초코파이 찰떡,CS,39,650,90,CHEONGWOO,10X9.1 OZ,Dry,10
10424K,ACCOUPLER STRAWBERRY,아꾸뿔레 딸기,CS,37,285,90,CHEONGWOO,12X3.5 OZ,Dry,12
10435K,COSOMI (12P),고소미 (12P),CS,50,280,90,ORION,16X7.62 OZ,Dry,16
10436K,TURTLE CHIP (SWEET VANILLA FLAVOR),꼬북칩 (스윗 바닐라맛),CS,33,160,60,ORION,14X5.65 OZ,Dry,14
10437K,TURTLE CHIPS (CHOCO CHURROS),꼬북칩 (쵸코 츄러스),CS,40,160,60,ORION,14X5.65 OZ,Dry,14
10438K,MARINE BOY BAKED SNACK (SEAWEED_ 4P),고래밥 (볶음양념맛_ 4P),CS,48,280,90,ORION,20X5.64 OZ,Dry,20
10441K,O RICE CRACKERS (NATURAL SNOW FLAVOR),오 라이스 구운 쌀과자 (달콤한 맛),CS,0,285,90,ORION,10X4.6 OZ,Dry,10
10442K,O RICE CRACKERS (SEAWEED FLAVOR),오 라이스 구운 쌀과자 (김맛),CS,0,285,90,ORION,10X3.4 OZ,Dry,10
10443K,O RICE CRACKERS (POTATO CHEESE FLAVOR),오 라이스 구운 쌀과자 (치즈감자 맛),CS,0,285,90,ORION,10X4.6 OZ,Dry,10
10444K,CHOCO MONT (12P_BOX),초코몽 (12P_BOX),CS,54,285,90,ORION,8X15.24 OZ,Dry,8
10445K,CHOCO MONT (12P_ BOX),초코몽 (12P_ BOX),CS,6.1,285,90,ORION,1X15.24 OZ,Dry,1
10446K,CHOCO MONT (2P),초코몽 (2P),CS,47,285,90,ORION,32X2X1.27 OZ,Dry,32
10447K,"O! TUBE (TOMATO KETCHUP, L)","오!감자 (토마토케찹, L)",CS,33,220,60,ORION,12X4.06 OZ,Dry,12
10448K,"O! TUBE (HONEY BUTTER, L)","오!감자 (허니버터, L)",CS,30,220,60,ORION,12X4.06 OZ,Dry,12
10449K,"O! TUBE (BARBEQUE FLAVOR, L)","오!감자 (바베큐맛, L)",CS,32,220,60,ORION,12X4.06 OZ,Dry,12
10450K,TURTLE CHIPS (FUEGO FLAVOR),꼬북칩 (푸에고 맛),CS,27,220,60,ORION,12X5.65 OZ,Dry,12
10451K,TURTLE CHIPS (SOUR CREAM & ONION ),꼬북칩 (사워크림 & 어니언),CS,34,220,60,ORION,12X5.65 OZ,Dry,12
10460K,PPANG BUJANG SALTED BUTTER ROLL,빵부장 소금빵,CS,0,280,90,NONGSHIM,16X1.94OZ,Dry,16
10461K,PPANG BUJANG CHOCOLATE FLAVORED ROLL,빵부장 소금빵,CS,0,280,90,NONGSHIM,16X1.94OZ,Dry,16
10465K,CRUNCHY RICE ROLLS,밥풀과자,CS,23,280,90,CHEONGWOO,20X3.15 OZ,Dry,20
10471K,POP CORN SNACK,사또밥,CS,20,285,90,SAMYANG,10X2.36 OZ,Dry,10
10472K,WANG CHANGGU (HONEY DIPPED SNACK),왕짱구,CS,35,285,90,SAMYANG,10X9.7 OZ,Dry,10
10473K,CHANGGU (HONEY DIPPED SNACK),짱구,CS,24,220,90,SAMYANG,12X4.06 OZ,Dry,12
10474K,BULDAK RAMEN SNACK (4P),불닭 라면스낵,CS,32,285,90,SAMYANG,6X4X3.17 OZ,Dry,6
10477T,SUPER CRISP WAVY (KIMCHI),"구운 김 스낵 (김치, 웨이비 )",CS,22,285,90,TAOKAENOI,12X0.84 OZ,Dry,12
10478T,SUPER CRISP WAVY (HOT CHILLI SQUID),구운 김 스낵 (핫 칠리 스퀴드_ 웨이비 ),CS,22,285,90,TAOKAENOI,12X0.84 OZ,Dry,12
10480K,BULDAK ORIGINAL POTATO CHIPS (L),불닭 오리지널 감자칩 (L),CS,55,190,60,SAMYANG,12X4.23 OZ,Dry,12
10481K,BULDAK QUATTRO CHEESE POTATO CHIPS (L),불닭 콰트로치즈 감자칩 (L),CS,54,190,60,SAMYANG,12X4.23 OZ,Dry,12
10482K,BULDAK HABANERO LIME POTATO CHIPS (L),불닭 하바네로라임 감자칩 (L),CS,54,190,60,SAMYANG,12X4.23 OZ,Dry,12
10496K,VLAC RICE PUNCH (16.9 OZ),비락 식혜 (16.9 OZ),CS,28,351,90,PALDO,12X16.9 OZ,Dry,12
10497K,VILAC CINNAMON PUNCH (6CAN),비락 수정과 (6캔),CS,26,640,90,PALDO,4X6X8.05 OZ,Dry,4
10498K,VILAC KOREAN TRADITIONAL RICE DRINK (6CAN),비락 식혜 (6캔),CS,25,640,90,PALDO,4X6X8.05 OZ,Dry,4
10499K,VILAC KOREAN TRADITIONAL RICE DRINK (1.5 L),비락 식혜 (1.5 L),CS,42,280,90,PALDO,8X1.5 L,Dry,8
10510J,RAMUNE FLAVORED CIDER,라무네 사이다,CS,19,285,90,CHEERIO,24X11.83 OZ,Dry,24
10511J,VITAMIN ZENKAI,비타민 전개,CS,27,285,90,CHEERIO,24X16.9 OZ,Dry,24
10515J,C.C LEMON SOFT DRINK (CAN_350ML),씨씨 레몬 드링크 (CAN_350ML),CS,36,280,90,SUNTORY,24X11.8 OZ,Dry,24
10517J,RAMUNE DRINK (COCONUT),라무네 드링크 (코코넛),CS,34,280,90,HANA,24X6.7 OZ,Dry,24
10518J,RAMUNE DRINK (LYCHEE),라무네 드링크 (리치),CS,33,280,90,HANA,24X6.7 OZ,Dry,24
10522J,RAMUNE DRINK (PLUM),라무네 드링크 (매실),CS,34,280,90,HANA,24X6.7 OZ,Dry,24
10523J,RAMUNE DRINK (PINEAPPLE),라무네 드링크 (파인애플),CS,31,280,90,HANA,24X6.7 OZ,Dry,24
10524J,RAMUNE DRINK (MELON),라무네 드링크 (멜론),CS,33,280,90,HANA,24X6.7 OZ,Dry,24
10526K,OOLONG MILK TEA,우롱 밀크티,CS,75,640,90,DAMIZLE,24X3.95 OZ,Dry,24
10527K,TARO MILK TEA,타로 밀크티,CS,71,640,90,DAMIZLE,24X3.95 OZ,Dry,24
10528K,ROASTED GRAIN MIX POWDER (40P),율무차 (호두_아몬드-40P),CS,89,640,90,ASSIXDAMIZLE,8X28.21 OZ,Dry,8
10529K,OATMEAL & 20 MULTI GRAINS POWDER STICKS (40P),오트밀 20곡 미숫곡물 쉐이크(40P),CS,83,640,90,ASSIXDAMIZLE,8X28.21 OZ,Dry,8
10530T,MANGO DRINK (1.5L),망고 드링크 (1.5L),CS,14.6,280,90,STAR,6X1.5 L,Dry,6
10532T,LITCHI FLAVOURED DRINK,리치맛 음료,CS,16,280,90,STAR,6X1.5 L,Dry,6
10533T,GUAVA DRINK,구아바 음료,CS,16,280,90,STAR,6X1.5 L,Dry,6
10534T,MIXED FRUIT DRINK,혼합 과일 음료,CS,10.5,280,90,STAR,6X1.5 L,Dry,6
10535V,COCONUT WATER (11.2 OZ),코코넛 워터 (11.2 OZ),CS,11.3,280,90,COCOXIM,12X11.2 OZ,Dry,12
10536V,COCONUT WATER (1L),코코넛 워터 (1L),CS,26,280,90,COCOXIM,12X1 L,Dry,12
10537V,ORGANIC COCONUT WATER (11.2 OZ),유기농 코코넛 워터 (11.2 OZ),CS,11.3,370,90,COCOXIM,12X11.2 OZ,Dry,12
10538V,ORGANIC COCONUT WATER (1L),유기농 코코넛 워터 (1L),CS,28,280,90,COCOXIM,12X1 L,Dry,12
10547K,CARBONATED VITA 500 DRINK (CAN),비타 500 스파클링 (캔),CS,12,280,90,KWANGDONG,4X6X8.45 OZ,Dry,4
10548K,BALLOON FLOWER HONEY & PEAR DRINK,도라지꿀배 드링크,CS,30,280,90,KWANGDONG,20X9.46 OZ,Dry,20
10549K,HALLABONG & YUZU DRINK,한라봉과 유자 드링크,CS,26,280,90,KWANGDONG,20X9.46 OZ,Dry,20
10563D,SPARKLING WATER (WHITE PEACH_ CAN),스파클링 워터 (복숭아맛_ 캔),CS,25,460,90,GENKIFOREST,4X6X11.15 OZ,Dry,4
10564D,SPARKLING WATER (LYCHEE_ CAN),스파클링 워터 (리치맛_ 캔),CS,24,460,90,GENKIFOREST,4X6X11.15 OZ,Dry,4
10565D,SPARKLING WATER (GRAPE. CAN),스파클링 워터 (포도맛_캔),CS,25,460,90,GENKIFOREST,4X6X11.15 OZ,Dry,4
10566D,SPARKLING WATER(WHITE STRAWBERRY COCONUT_CAN),스파클링 워터 (화이트 딸기 코코넛맛_ 캔),CS,25,460,90,GENKIFOREST,4X6X11.15 OZ,Dry,4
10567K,TRIPLE BREW AMERICANO,트리플 브루 아메리카노,CS,29,285,90,EDIYA,24X16.9 OZ,Dry,24
10568K,TRIPLE BREW SWEET AMERICANO,트리플 브루 스윗 아메리카노,CS,29,285,90,EDIYA,24X16.9 OZ,Dry,24
10569K,TRIPLE BREW VANILLA LATTE,트리플 브루 바닐라 라떼,CS,28,285,90,EDIYA,24X16.9 OZ,Dry,24
10570K,ICED AMERICANO (100T),아이스 아메리카노 (100T),CS,54,460,90,EDIYA,6X3.53 OZ,Dry,6
10571K,SPECIAL AROMA BLEND HAZELNUT COFFEE MIX (100T),스페셜 아로마 블렌드 헤이즐넛향 커피믹스 (100T),CS,47,460,90,EDIYA,4X40.6 OZ,Dry,4
10579K,KOREAN MINI YAKGWA COOKIE(APPLE CINNAMON),미니 약과 (애플 시네몬),CS,25,280,90,SAMLIP,20X7.05 OZ,Dry,20
10583K,HONEY GINGER TEA,꿀먹은 생강차,CS,0,690,90,ASSI,15X1.2 LB,Dry,15
10586K,HONEY CITRON TEA,꿀먹은 유자차,CS,0,690,90,ASSI,15X1.2 LB,Dry,15
10590K,COCO GRAPE (GIFT),코코 포도 (선물용),CS,76,640,90,LOTTE,6X12X8 OZ,Dry,6
10592K,COOLPIS DRINK (PEACH FLAVOR),쿨피스 드링크,CS,28,280,90,DONGWON,12X1.5 L,Dry,12
10593K,COOLPIS SPARKLING DRINK (ZERO SUGAR_ PEACH ),쿨피스 톡 제로 복숭아,CS,17,285,90,DONGWON,24X11.49 OZ,Dry,24
10594K,COOLPIS SPARKLING DRINK (ZERO SUGAR PINEAP),쿨피스 톡 제로 파인애플,CS,17,285,90,DONGWON,24X11.49 OZ,Dry,24
10595K,POPPING CORN CHIPS (HOT GOCHUJANG FLAVOR),꼬깔콘 핫 고추장맛,CS,51,220,60,LOTTE,12X5.08 OZ,Dry,12
10596K,ICED TEA (LEMON_ZERO),보성홍차 아이스티 (레몬_제로),CS,23,280,90,DONGWON,24X16.9 OZ,Dry,4
10597K,ICED TEA (PEACH_ZERO),보성홍차 아이스티 (복숭아_제로),CS,27,280,90,DONGWON,24X16.9 OZ,Dry,4
10605K,MILKIS DRINK (APPLE_ CAN),밀키스 사과 (캔),CS,23,640,90,LOTTE,5X6X8.45 OZ,Dry,5
10606K,MILKIS DRINK (BANANA_ CAN),밀키스 바나나 (캔),CS,24,640,90,LOTTE,5X6X8.45 OZ,Dry,5
10607K,MILKIS DRINK (PEACH_ CAN),밀키스 복숭아 (캔),CS,24,640,90,LOTTE,5X6X8.45 OZ,Dry,5
10608K,MILKIS DRINK (STRAWBERRY_ CAN),밀키스 딸기 (캔),CS,25,640,90,LOTTE,5X6X8.45 OZ,Dry,5
10615W,BUBBLE MILK TEA (BROWN SUGAR W/ BOBA PEARL),버블티 (흑당 W/ 보바 펄),CS,36,640,90,EVERGREEN,24X16.2 OZ,Dry,24
10616W,BUBBLE MILK TEA (GREEN TEA W/ BOBA PEARL),버블티 (녹차맛 W/ 보바 펄),CS,35,640,90,EVERGREEN,24X16.2 OZ,Dry,24
10617W,BUBBLE MILK TEA (TARO W/ BOBA PERAL),버블티 (타로맛 W/ 보바 펄),CS,39,640,90,EVERGREEN,24X16.2 OZ,Dry,24
10618K,MILKIS DRINK W/ ECO-BAG (SANRIO VARIETY PACK_12P),밀키스 X 산리오 버라이어티 패키지 (에코백_12P),CS,17,640,90,LOTTE,12X8.45 OZ,Dry,1
10620K,BLACK SUGAR LATTE 20T,흑당 라떼 20T,CS,47,340,90,LOOKAS9,6X12.7 OZ,Dry,6
10621K,BLACK SUGAR MILK TEA 20T,흑당 밀크티 20T,CS,47,340,90,LOOKAS9,6X12.3 OZ,Dry,6
10624K,BLACK BEAN SOY MILK,알찬콩 검은콩 두유,CS,22,280,90,KWANGDONG,3X10X6.76 OZ,Dry,3
10625K,SOY MILK ORIGINAL,알찬콩 두유 오리지널,CS,20,280,90,KWANGDONG,3X10X6.76 OZ,Dry,3
10626K,VITA500 (ORIGINAL),비타500 (오리지널),CS,47,285,90,KWANGDONG,10X10X3.4 OZ,Dry,10
10627K,WHEATGRASS BARLEY TEA (1.5L),밀싹 보리차 (1.5 L),CS,24,285,90,KWANGDONG,12X1.5 L,Dry,12
10628K,WHEATGRASS BARLEY TEA (500ML),밀싹 보리차 (500ML),CS,29,285,90,KWANGDONG,24X16.9 OZ,Dry,24
10629K,VITA500 (ZERO_ZANMANG LOOPY),비타500 (제로_잔망루피),CS,21,285,90,KWANGDONG,5X10X3.4 OZ,Dry,5
10630V,PINEAPPLE ALOE VERA JUICE,파인애플 알로에 베라 주스,CS,19,640,90,EZOS,30X8.94 OZ,Dry,30
10631V,PASSION JUICE,패션 주스,CS,19,640,90,EZOS,30X8.94 OZ,Dry,30
10632V,MANGO JUICE,망고 주스,CS,19,640,90,EZOS,30X8.94 OZ,Dry,30
10633V,GUAVA JUICE,구아바 주스,CS,19,640,90,EZOS,30X8.94 OZ,Dry,30
10640K,COCO PPUYO(PEACH),코코뿌요(복숭아맛),CS,32,460,90,PALDO,4X6X9.47 OZ,Dry,4
10641K,COCO PPUYO(APPLE MANGO),코코뿌요(애플망고맛),CS,32,460,90,PALDO,4X6X9.47 OZ,Dry,4
10642K,PORORO DRINK (STRAWBERRY_LESS SUGAR),뽀로로 드링크(딸기_저당),CS,25,460,90,PALDO,4X6X7.94 OZ,Dry,4
10643K,PORORO DRINK (MILK_LESS SUGAR),뽀로로 드링크(우유_저당),CS,25,460,90,PALDO,4X6X7.94 OZ,Dry,4
10650T,COCONUT MILK DRINK W/JELLY (STRAWBERRY),코코넛 밀크 드링크 W/젤리 (딸기),CS,24,640,90,EVERGREEN,24X9.8 OZ,Dry,24
10651T,COCONUT MILK DRINK W/JELLY (BLUEBERRY),코코넛 밀크 드링크 W/젤리 (블루베리),CS,24,640,90,EVERGREEN,24X9.8 OZ,Dry,24
10655T,POPZY POPPING BUBBLE TEA (APPLE & GRAPE OOLONG TEA),팝핑 버블 티 (사과 & 포도 우롱티),CS,15,340,90,BUPPOZ,12X11.33 OZ,Dry,12
10656T,POPZY POPPING BUBBLE TEA (PASSION FRUIT & MANGO GREEN TEA),팝핑 버블 티 (패션후르츠 & 망고 그린티),CS,15,340,90,BUPPOZ,12X11.33 OZ,Dry,12
10657T,POPZY POPPING BUBBLE TEA (STRAWBERRY & KIWI GREEN TEA),팝핑 버블 티 (딸기 & 키위 그린티),CS,15,340,90,BUPPOZ,12X11.33 OZ,Dry,12
10658V,DARK CHOCOLATE COCONUT MILK,다크초콜렛 코코넛밀크,CS,17,370,90,COCOXIM,12X 11.15 OZ,Dry,12
10659V,COFFEE COCONUT MILK ,커피 코코넛 밀크,CS,17,370,90,COCOXIM,12X11.15 OZ ,Dry,12
10660K,CATCH TEENIEPING DRINK(MILK),캐치티니핑 드링크(밀크맛),CS,21,280,90,WOONGJIN,24X6.76 OZ,Dry,24
10661K,CATCH TEENIEPING DRINK(STRAWBERRY),캐치티니핑 드링크(딸기맛),CS,22,280,90,WOONGJIN,24X6.76 OZ,Dry,24
10662K,CATCH TEENIEPING DRINK(APPLE),캐치티니핑 드링크(사과맛),CS,24,280,90,WOONGJIN,24X6.76 OZ,Dry,24
10663K,CATCH TEENIEPING DRINK(PEACH),캐치티니핑 드링크(복숭아맛),CS,21,280,90,WOONGJIN,24X6.76 OZ,Dry,24
10670K,KOREAN COFFEE MIX (BTS_100T),코리안 커피믹스 (BTS_100T),CS,55,460,90,HY,4X38.8 OZ,Dry,4
10675K,MILKIS DRINK (LOW CALORIES_CAN) ,밀키스 저칼로리 (캔),CS,26,650,90,LOTTE,5X6X8.45 OZ,Dry,5
10676K,MILKIS DRINK (GRAPE_CAN) ,밀키스 포도 (캔),CS,24,650,90,LOTTE,5X6X8.45 OZ,Dry,5
10685K,ORIGINAL AMERICANO (20T),오리지널 아메리카노,CS,19,460,90,EDIYA,8X0.71 OZ,Dry,8
10686K,DECAFFEINATED AMERICANO (20T),디카페인 아메리카노,CS,19,460,90,EDIYA,8X0.71 OZ,Dry,8
10687K,CAFFE LATTE (20T),카페 라떼,CS,24,460,90,EDIYA,4X10.58 OZ,Dry,4
10688K,VANILLA LATTE (20T),바닐라 라떼,CS,27,460,90,EDIYA,4X12.35 OZ,Dry,4
10689K,PEACH MILK TEA,피치 밀크티,CS,22,285,90,EDIYA,12X1 L,Dry,12
10690K,VANILLA MILK TEA,바닐라 밀크티,CS,22,285,90,EDIYA,12X1 L,Dry,12
10696K,CRISPY CORN CHIPS,바삭한 콘칩,CS,24,280,90,NOBRAND,8X7 OZ,Dry,8
10697K,SWEET POTATO SHAPED SNACK,고구마형 과자,CS,21,280,90,NOBRAND,10X8.81 OZ,Dry,10
10698K,SEASHELL SHAPED SNACK,왕소라형 과자,CS,21,280,90,NOBRAND,10X8.81 OZ,Dry,10
10699K,SACHIMA ORIGINAL,사치마 오리지널,CS,17,280,90,NOBRAND,8X8 OZ,Dry,8
10700K,SACHIMA BROWN SUGAR,사치마 브라운 슈가,CS,24,280,90,NOBRAND,8X8 OZ,Dry,8
10704K,BAKED CRISPY ROLL 21 CHOCOLATE,구워 만든 곡물 그대로 21 (쵸코맛),CS,53,280,90,KEMY,20X5.29 OZ,Dry,20
10705K,BAKED CRISPY ROLL 21 STRAWBERRY,구워 만든 곡물 그대로 21 (딸기맛),CS,53,280,90,KEMY,20X5.29 OZ,Dry,20
10706K,MONCHER CAKE CACAO (L),몽쉘 카카오 케이크 (L),CS,45,220,60,LOTTE,8X14.39 OZ,Dry,8
10707K,MONCHER CAKE CREAM (L),몽쉘 크림 케이크 (L),CS,45,220,60,LOTTE,8X14.39 OZ,Dry,8
10795K,GORGONZOLA CHEESE SOFT CORN,고르곤졸라 치즈 소프트 콘 스낵,CS,38,190,60,NOBRAND,8X5.29 OZ,Dry,8
10796K,CHEESE STICKS,치즈 스틱 스낵,CS,54,280,90,NOBRAND,18X5.64 OZ,Dry,18
10797K,SESAME STICKS,참깨 스틱 스낵,CS,33,280,90,NOBRAND,16X6.6 OZ,Dry,16
10798K,GOLD BLEND RICH CREMA COFFEE MIX,골드블렌드 리치크레마 커피믹스,CS,51,460,90,EDIYA,4X39 OZ,Dry,4
10799K,MOCHA BLEND COFFEE MIX,모카 블렌드 커피믹스,CS,47,460,90,EDIYA,4X40.6 OZ,Dry,4
10800K,FRENCH CAFE COFFEE MIX (100T),프렌치 카페 커피믹스 (100T),CS,114,460,90,NAMYANG,8X38.4 OZ,Dry,8
10807K,POTATO STICK SNACK,감자스틱 (오리지널),CS,30,190,60,DALGOMSAMSAM,12X5.3 OZ,Dry,12
10808K,ONION STICK SNACK,양파 스틱 (오리지널),CS,30,190,60,DALGOMSAMSAM,12X5.3 OZ,Dry,12
10809K,PURPLE SWEET POTATO STICK SNACK,자색 고구마 스틱,CS,30,190,60,DALGOMSAMSAM,12X5.3 OZ,Dry,12
10810K,BOSEONG GREEN TEA STICK SNACK,보성녹차 스틱,CS,28,190,60,DALGOMSAMSAM,12X5.3 OZ,Dry,12
10813K,CHIL SUNG CARBONATED CIDER,칠성 사이다,CS,0,325,90,LOTTE,12X50.7 OZ,Dry,12
10814K,MILKIS DRINK (1.5L),밀키스 (1.5L),CS,51,460,90,LOTTE,12X1.5 L,Dry,12
10816K,KOREA JEJU ISLAND ORANGE DRINK (1.5L),제주감귤 드링크 (1.5L),CS,0,230,60,LOTTE,12X50.7 OZ,Dry,12
10834K,CHOCO PIE CACAO (L),초코파이 카카오 (L),CS,31,280,90,LOTTE,8X11.85 OZ,Dry,8
10835K,CHOCO PIE GREEN TEA,초코파이 녹차,CS,31,280,90,LOTTE,8X11.85 OZ,Dry,8
10836K,CHOCO PIE BANANA,초코파이 바나나,CS,31,280,90,LOTTE,8X11.85 OZ,Dry,8
10840K,YOGURT JELLY,요구르트 젤리,CS,48,280,90,LOTTE,40X1.76 OZ,Dry,40
10841K,LOTTESAND PINEAPPLE (L),롯샌 파인애플 (L),CS,44,190,90,LOTTE,12X11.11 OZ,Dry,12
10847K,CHOCO PIE BLACK SUGAR MILK TEA (12P),초코파이 흑당 밀크티,CS,31,280,90,LOTTE,8X11.85 OZ,Dry,8
10849K,SHRIMP CRACKERS (GOCHUJANG FLAVOR),고추장 새우깡,CS,31,220,60,NONGSHIM,20X2.64 OZ,Dry,20
10850K,PEANUT CRUNCH (S),땅콩 강정 (S),CS,13.7,160,60,ORION,12X2.82 OZ,Dry,12
10851K,TURTLE CHIPS (CHOCO CHURROS FLAVOR),꼬북칩 (쵸코 츄러스맛),CS,36,160,60,ORION,12X5.65 OZ,Dry,12
10852K,TURTLE CHIPS (SEAWEED FLAVOR),꼬북칩 (김맛),CS,32,160,60,ORION,10X5.65 OZ,Dry,10
10855K,PORORO DRINK (PEACH),뽀로로 드링크 (복숭아맛),CS,25,280,90,PALDO,24X7.95 OZ,Dry,24
10856K,PORORO DRINK (GRAPE),뽀로로 드링크 (포도맛),CS,24,280,90,PALDO,24X7.95 OZ,Dry,24
10857K,PORORO DRINK (MANGO),뽀로로 드링크 (망고맛),CS,25,280,90,PALDO,24X7.95 OZ,Dry,24
10858K,PORORO DRINK (BLUEBERRY),뽀로로 드링크 (블루베리맛),CS,25,285,90,PALDO,24X7.95 OZ,Dry,24
10865K,TOPPOKI SNACK (HOT CHICKEN FLAVOR),불닭맛 짤떡,CS,19,280,90,SAMYANG,24X4.23 OZ,Dry,24
10868K,"O! TUBE (JALAPENO CHEESE, L)","오!감자 (할라피뇨 치즈맛, L)",CS,30,220,60,ORION,12X4.06 OZ,Dry,12
10869K,TURTLE CHIPS (SWEET BEAN FLAVOR),꼬북칩 인절미,CS,28,160,60,ORION,12X5.65 OZ,Dry,12
10872D,BUTTER COOKIES,버터 쿠키,CS,39,330,90,BAUDUCCO,12X12 OZ,Dry,12
10873K,CHOCO PIE BANANA,초코파이 바나나,CS,34,160,60,ORION,8X15.66 OZ,Dry,8
10874K,TURTLE CHIPS (SWEET CORN_ 7P BOX),꼬북칩 (스윗콘_7P BOX),CS,11,160,60,ORION,1X19.75 OZ,Dry,1
10875K,TURTLE CHIPS (CHOCO CHUR_7P BOX),꼬북칩 (쵸코 츄러스_ 7P BOX),CS,10.9,160,60,ORION,1X19.75 OZ,Dry,1
10876K,PEANUT BALL W/SQUID FLA_ 7P_ BOX),오징어 땅콩 (7P_ BOX),CS,9.2,160,60,ORION,1X24.19 OZ,Dry,1
10877K,MARINE BOY BAKED SNACK (SEAWEED_ 15P BOX),고래밥 (볶음양념맛_ 15P BOX),CS,8.8,280,90,ORION,1X21.16 OZ,Dry,1
10878K,CHOCO BOY (15P_ BOX),초코보이 (15P_ BOX),CS,7,280,90,ORION,1X19.04 OZ,Dry,1
10880K,KONJAC JELLY (8P_ MANGO FLAVOR),젤리뽀 말캉젤리 (8P_망고맛),CS,12.7,220,60,SAMLIP,2X8X4.58 OZ,Dry,2
10881K,KONJAC JELLY (8P_ PEACH FLAVOR),젤리뽀 말캉젤리 (8P_복숭아맛),CS,12.5,220,60,SAMLIP,2X8X4.58 OZ,Dry,2
10882K,NUNEDDINE (CARAMEL CREAM CHEESE),누네띠네 카라멜 크림치즈,CS,33,280,90,SAMLIP,16X4.23 OZ,Dry,16
10883K,GARLIC BAGUETTE SNACK,구운 미니 바게뜨 스낵 W/ 갈릭맛,CS,18,280,90,SAMLIP,12X4.23 OZ,Dry,12
10884K,BAKED BAGUETTE SNACK W/ HONEY BUTTER FLAVOR,구운 미니 바게뜨 스낵 W/ 허니버터 맛,CS,16,280,90,SAMLIP,16X3.53 OZ,Dry,16
10885K,BAKED BAGUETTE SNACK W/ BLACK PEPPER  FLAVOR,구운 미니바게뜨  스낵 W/ 블랙페퍼맛,CS,16,280,90,SAMLIP,16X3.53 OZ,Dry,16
10886K,BAKED BAGUETTE SNACK W/ HOT SPICY,구운 미니바게뜨 스낵 w/ 핫스파이시,CS,16,280,90,SAMLIP,16X3.53 OZ,Dry,16
10887K,PEACH ASSAM TEA (500ML),피치 아쌈 차 (500ml),CS,28,280,90,TEATRA,4X6X16.9 OZ,Dry,4
10888K,LEMON GREEN TEA (500ml),레몬 녹차 (500ml),CS,28,280,90,TEATRA,4X6X16.9 OZ,Dry,4
10889K,YAKGWA SNACK (S),약과자 (S),CS,21,285,90,SAMLIP,20X3.53 OZ,Dry,20
10890K,YAKGWA SNACK (L),약과자 (L),CS,29,285,90,SAMLIP,10X10.58 OZ,Dry,10
10899K,ROASTED 15 GRAIN POWDER (40P),마가 들어간 15곡 미숫가루 (40포),CS,109,280,90,DAMTUH,8X28.2 OZ,Dry,8
10901K,TURTLE CHIPS (SWEET CORN),꼬북칩 (스윗콘),CS,35,160,60,ORION,12X5.65 OZ,Dry,12
10902K,TURTLE CHIPS (FLAMIN LIME),꼬북칩 (플래밍 매운 라임),CS,35,160,60,ORION,12X5.65 OZ,Dry,12
10903K,TURTLE CHIPS (SEAWEED),꼬북칩 (김),CS,35,160,60,ORION,12X5.65 OZ,Dry,12
10904K,TURTLE CHIPS (TRUFFLE),꼬북칩 (트러플),CS,35,160,60,ORION,12X5.65 OZ,Dry,12
10905K,POCA CHIPS CRUNCHY (TRUFFLE SALT FLAVOR),콰삭칩 (트러플 솔트맛),CS,0,280,90,ORION,12X4.37 OZ,Dry,12
10906K,POCA CHIPS CRUNCHY (SOUR ONION FLAVOR),콰삭칩 (사워어니언 맛),CS,0,280,90,ORION,12X4.37 OZ,Dry,12
10907K,CHOCO PIE STRAWBERRY(SEASON LIMITED),초코파이(봄을 담은 딸기_한정판),CS,34,220,90,ORION,8X14.39 OZ,Dry,8
10908K,CHOCO MONT MELON(SEASON LIMITED),멜론 초코송이(한정판),CS,39,220,60,ORION,16X5.08 OZ,Dry,24
10909K,FRESH BERRY MELON(SEASON LIMITED),후레쉬베리 멜론(한정판),CS,30,220,60,ORION,10X13.1 OZ,Dry,10
10910K,CHOCO PIE WATERMELON(SEASON LIMITED),초코파이(수박_한정판),CS,30,220,60,ORION,10X11.9 OZ,Dry,10
10911K,BICHOBI,비쵸비,CS,62,280,60,ORION,24X4.41 OZ,Dry,24
10912K,TURTLE CHIPS (CORN SOUP FLAVOR_12P BOX) ,꼬북칩 (콘스프맛_12P),CS,5.6,220,60,ORION,1X19.04 OZ,Dry,1
10913K,CHOCO PIE (50TH ANNIVERSARY_48P),초코파이(50주년 한정판_48P),CS,13,220,60,ORION,1X99.11 OZ,Dry,1
10914K,"TURTLE CHIPS 2 MIX (SWEET CORN & CHOCO CHUR, 14P)","꼬북칩 2 MIX (스윗콘 & 초코츄러스, 14P)",CS,8.4,220,60,ORION,14X0.88 OZ,Dry,1
10915K,TURTLE CHIPS (CARAMEL POPCORN),꼬북칩 (카라멜 팝콘맛),CS,31,224,60,ORION,12X5.64 OZ,Dry,12
10916K,TURTLE CHIPS (STEAK WASABI),꼬북칩 (스테이크 와사비맛),CS,27,220,60,ORION,10X5.64 OZ,Dry,10
10925K,CITRON CHEESECAKE,유자 치즈케익,CS,40,230,60,CHEONGWOO,10X 6.7 OZ,Dry,10
10930K,MIXED VEGETABLE CHIPS,부각믹스,CS,118,285,90,TIGAKTAEGAK,20X7.76 OZ,Dry,20
10931K,FRIED FISH SNACK,한입만 어포튀각,CS,51,285,90,BADAONE,20X1.76 OZ,Dry,20
10935K,BIBIMCHIPS (SIGNATURE),비빔칩 (시그니처),CS,26,285,90,PALDO,12X2.82 OZ,Dry,12
10936K,BIBIMCHIPS (BUTTER-SOY),비빔칩 (버터간장맛),CS,25,285,90,PALDO,12X2.82 OZ,Dry,12
10940K,SWEET SORA SNACK,소라형스낵,CS,17,285,90,BRS,16X5.6 OZ,Dry,16
10941K,ORANDA SNACK,오란다,CS,17,285,90,BRS,16X5.6 OZ,Dry,16
10942K,SEAWEED SNACK,김맛나,CS,17,285,90,BRS,16X5.6 OZ,Dry,16
10943K,KING RAMEN SNACK,왕라면스낵,CS,17,285,90,BRS,16X5.6 OZ,Dry,16
10950C,MOCHI (CHOCOLATE) ,모찌 (초콜렛),CS,25,280,90,ROYALFAMILY,24X4.2 OZ,Dry,24
10951C,MOCHI (COCONUT CREAM),모찌 (코코넛 크림) ,CS,25,280,90,ROYALFAMILY,24X4.2 OZ,Dry,24
10952C,MOCHI (SALTED CARAMEL) ,모찌 (소금 카라멜),CS,25,280,90,ROYALFAMILY,24X4.2 OZ,Dry,24
10953C, MOCHI (MINT CHOCOLATE CHIP) ,모찌 (민트초코칩),CS,25,280,90,ROYALFAMILY,24X4.2 OZ,Dry,24
10954C,MOCHI (STRAWBERRY CHEESECAKE) ,모찌 (딸기 치즈케익),CS,25,280,90,ROYALFAMILY,24X4.2 OZ,Dry,24
10955C,MOCHI (VANILLA CREME),모찌 (바닐라 크림),CS,25,280,90,ROYALFAMILY,24X4.2 OZ,Dry,24
10956C,MOCHI (PEANUT BUTTER) ,모찌 (피넛버터),CS,25,280,90,ROYALFAMILY,24X4.2 OZ,Dry,24
10957C,MOCHI (CREAMY MATCHA LATTE),모찌 (마차 라테 크림) ,CS,25,280,90,ROYALFAMILY,24X4.2 OZ,Dry,24
10958C,MOCHI (MAPLE PANCAKE) ,모찌 (메이플 팬케익),CS,25,280,90,ROYALFAMILY,24X4.2 OZ,Dry,24
10959C,MOCHI (TIRAMISU & CRÈME),모찌 (티라미슈&크림) ,CS,25,280,90,ROYALFAMILY,24X4.2 OZ,Dry,24
10999K,COFFEE FLAVORED MILK,커피맛 우유,CS,24,220,60,BINGGRAE,4X6X6.8 OZ,Dry,4
11001K,BANANA FLAVORED MILK,바나나맛 우유,CS,24,220,60,BINGGRAE,4X6X6.8 OZ,Dry,4
11002K,STRAWBERRY FLAVORED MILK,딸기맛 우유,CS,23,220,60,BINGGRAE,4X6X6.8 OZ,Dry,4
11003K,MELON FLAVORED MILK,메론맛 우유,CS,23,220,60,BINGGRAE,4X6X6.8 OZ,Dry,4
11024K,TARO FLAVORED MILK,타로맛 우유,CS,24,220,60,BINGGRAE,4X6X6.8 OZ,Dry,4
11025K,STRAWBERRY FLAVORED MILK,딸기맛 우유,CS,24,220,60,BINGGRAE,4X6X6.8 OZ,Dry,4
11026K,MELON FLAVORED MILK,메론맛 우유,CS,25,220,60,BINGGRAE,4X6X6.8 OZ,Dry,4
11045K,CRUNCHY RICE ROLLS (STRAWBERRY),쌀과자 (딸기),CS,0,325,90,MAMMOS,20X2.4 OZ,Dry,20
11046K,CRUNCHY RICE ROLLS (BANANA),쌀과자 (바나나),CS,0,325,90,MAMMOS,20X2.4 OZ,Dry,20
11047K,CRUNCHY RICE ROLLS (YOGURT),쌀과자 (요구르트),CS,0,325,90,MAMMOS,20X2.4 OZ,Dry,20
11048C,MILK RICE CRACKER,밀크 쌀과자,CS,37,285,90,UNCLEPOP,16X8.47 OZ,Dry,16
11049C,MILK CLASSIC RICE SNACK,밀크 클래식 쌀과자,CS,63,285,60,ORBIT,16X8.47 OZ,Dry,16
11080D,HAIR COLOR #4 (REFILL),염색약 4호 (리필),BX,37,280,999,SEVENEIGHT,10X6 ST,Dry,10
12041K,B.B.Q. GRILL W/STEW PAN (32CM),하나로 전골구이판 (32CM),EA,22,280,999,UNBRANDED,10 PC,Dry,1
12103K,STONE BOWL W/TRAY (BIBIMGI_18CM),돌 비빔기 (18CM),CS,101,280,999,UNBRANDED,5 PC,Dry,5
12132K,PORTABLE GAS STOVE (UL),가스 스토브 (UL),CS,114,280,999,EZLIFE,6 PC,Dry,6
12133K,PORTABLE GAS STOVE (UL_STAINLESS),가스 스토브 (UL_STAINLESS),CS,134,280,999,EZLIFE,6 PC,Dry,6
12137K,BUTANE GAS (CRV),안전 연료,CS,26,280,999,GOLDFLAME,7X4 PC,Dry,7
12139K,BUTANE GAS (CRV),안전 연료,CS,27,280,999,ASSI,7X4 PC,Dry,7
12142K,LATTE MINI GAS STOVE (CSA),라떼 미니 가스 스토브 (CSA),CS,189,650,999,MAX,8 PC,Dry,8
12165C,"STEAMER (BAMBOO_6"")",대나무 찜기 (6인치),BX,10,280,999,UNBRANDED,60X3 PC,Dry,1
12166C,"STEAMER (BAMBOO_8"")",대나무 찜기 (8인치),BX,14.9,280,999,UNBRANDED,24X3 PC,Dry,1
12168C,"STEAMER (BAMBOO_12"")",대나무 찜기 (12인치),BX,26,280,999,UNBRANDED,12X3 PC,Dry,1
12169C,"STEAMER (BAMBOO_10"")",대나무 찜기 (10인치),BX,18,650,999,UNBRANDED,24X3 PC,Dry,1
12259K,WOODEN TABLE W/MOTHER-OF-PEARL  (L_120X75CM),직사각 모조자개상 (L_120X75CM),CS,41,280,999,UNBRANDED,1 PC,Dry,1
12301K,RUBBER GLOVES (L),고무장갑 (L),BX,0,680,999,MAMISON,10X10X1 PC,Dry,10
12304K,COTTON GLOVES W/RUBBER,코팅 면장갑,CS,102,280,999,ASSI,30X10 PR,Dry,30
12306K,COTTON GLOVES,면장갑,CS,92,280,999,ASSI,30X10 PR,Dry,30
12307K,FOOD GRADE RUBBER GLOVES (XL),고무장갑 (XL),BX,0,680,999,MAMISON,12X10X1 PC,Dry,10
12314K,FOOD GRADE RUBBER GLOVES (M),고무장갑 (M),BX,0,680,999,MAMISON,16X5X1 PC,Dry,5
12315K,STEEL WOOL SCRUBBER (S/S_1P),스텐 수세미,BX,18,280,999,KEYPOINT,10X30 PC,Dry,30
12321K,WOODEN CHOPSTICK (100PR),나무젓가락 (100PR),CS,80,280,999,ASSI,40X100 PR,Dry,40
12322K,WOODEN CHOPSTICK (40PR),나무젓가락 (40PR),CS,82,280,999,ASSI,100X40 PR,Dry,100
12323J,SOGEBASHI CHOPSTICK (100PR),고급젓가락 (소게바시_100PR),CS,137,280,999,HANA,30X100 PR,Dry,30
12327K,PREMIUM CHOPSTICK (24PR),프리미엄 대나무 젓가락 (24PR),CS,83,280,999,ASSI,100X24 PR,Dry,100
12337K,BAMBOO CHOPSTICKS,대나무 젓가락,CS,75,640,999,ASSI,30X100 PR,Dry,30
12396K,MAEHWA SPOON (S/S),매화 숟가락 (S/S),BX,10.6,650,999,SAMWOO,50X10X1 EA,Dry,10
12397K,MAEHWA CHOPSTICKS (S/S),매화 젓가락 (S/S),BX,7.2,650,999,SAMWOO,50X20X1EA,Dry,20
12400J,VEGETABLE SLICER (W/BLADE_64MM),채칼 (64MM_W/교체칼날),EA,25,280,999,BENRINER,36 PC,Dry,1
12401J,VEGETABLE SLICER (W/BLADE_64MM),채칼 (64MM_W/교체칼날),EA,32,700,999,BENRINER,36 PC,Dry,1
12402J,VEGETABLE SLICER (W/BLADE_64MM),채칼 (64MM_W/교체칼날),EA,33,700,999,BENRINER,36 PC,Dry,1
12690K,B.B.Q. GRILL (PORK BELLY),삼겹살 구이판,EA,13,280,999,KITCHENFLOWER,10 PC,Dry,1
12701J,WASH CLOTH,타월,BX,48,280,999,SALUX,40X12 PC,Dry,12
13063K,VACUUM KIMCHI CONTAINER (6.5L),진공 김치통 (6.5L),BX,35,280,999,EASYFILM,6X4 PC,Dry,4
13064K,VACUUM KIMCHI CONTAINER (8.5L),진공 김치통 (8.5L),BX,27,280,999,EASYFILM,6X3 PC,Dry,3
13065K,VACUUM KIMCHI CONTAINER (12L),진공 김치통 (12L),BX,31,280,999,EASYFILM,4X3 PC,Dry,3
13186K,LATEX COATING GLOVES,라텍스 반코팅 면장갑,CS,59,650,90,MYUNGJIN,30X10 PR,Dry,30
13187K,BOTH-HAND RUBBER GLOVES (S),양손 고무장갑 (S),CS,38,650,90,MYUNGJIN,4X10 PR,Dry,4
13188K,BOTH-HAND RUBBER GLOVES (M),양손 고무장갑 (M),CS,40,650,90,MYUNGJIN,4X10 PR,Dry,4
13189K,BOTH-HAND RUBBER GLOVES (L),양손 고무장갑 (L),CS,41,650,90,MYUNGJIN,4X10 PR,Dry,4
13190K,RUBBER GLOVES (S),고무장갑 (S),CS,149,650,999,CLEANWRAP,10X10 PR,Dry,10
13191K,RUBBER GLOVES (M),고무장갑 (M),CS,215,650,999,CLEANWRAP,10X10 PR,Dry,10
13192K,RUBBER GLOVES (L),고무장갑 (L),CS,213,650,999,CLEANWRAP,10X10 PR,Dry,10
13193K,RUBBER GLOVES (XL),고무장갑 (XL),CS,247,650,999,CLEANWRAP,10X10 PR,Dry,10
13194K,OVERFIT RUBBER GLOVES (S) LightBeige,오버핏 고무장갑 (S) 라이트 베이지,CS,94,650,90,MYUNGJIN,10X10 PR,Dry,10
13195K,OVERFIT RUBBER GLOVES (M) LightBeige,오버핏 고무장갑 (M) 라이트 베이지,CS,95,650,90,MYUNGJIN,10X10 PR,Dry,10
13196K,OVERFIT RUBBER GLOVES (L) LightBeige,오버핏 고무장갑 (L) 라이트 베이지,CS,97,650,90,MYUNGJIN,10X10 PR,Dry,10
13197K,OVERFIT RUBBER GLOVES (S) Grey,오버핏 고무장갑 (S) 그레이,CS,94,650,90,MYUNGJIN,10X10 PR,Dry,10
13198K,OVERFIT RUBBER GLOVES (M) Grey,오버핏 고무장갑 (M) 그레이,CS,95,650,90,MYUNGJIN,10X10 PR,Dry,10
13199K,OVERFIT RUBBER GLOVES (L) Grey,오버핏 고무장갑 (L) 그레이,CS,97,650,90,MYUNGJIN,10X10 PR,Dry,10
13300K,PLAIN INSTANT NOODLE,라면사리,CS,29,285,90,OTOKI,48X3.88 OZ,Dry,48
13301K,SPICY KIMCHI & TUNA W/ COOKED RICE,컵밥 김치참치덮밥,CS,49,190,60,OTOKI,12X10.9 OZ,Dry,12
13302K,SPICY OCTOPUS W/ COOKED RICE,컵밥 매콤낙지덮밥,CS,49,190,60,OTOKI,12X9.88 OZ,Dry,12
13303K,KIMCHI & MASAGO W/ COOKED RICE,컵밥 톡톡김치알밥,CS,53,190,60,OTOKI,12X7.83 OZ,Dry,12
13304K,SESAME OIL AND FRIED KIMCHI W/ COOKED RICE,컵밥 참기름 김치 볶음밥,CS,51,190,60,OTOKI,12X9.14 OZ,Dry,12
13305K,BIBIMBAP CUPBAP,컵밥 전주식 돌솥 비빔밥,CS,51,220,60,OTOKI,12X9.49 OZ,Dry,12
13306K,TUNA & MAYO W/ COOKED RICE,컵밥 참치마요 덮밥,CS,50,190,60,OTOKI,12X8.71 OZ,Dry,12
13307K,FRYING MIX,튀김가루,CS,36,285,90,OTOKI,10X2.2 LB,Dry,10
13308K,SESAME OIL,참기름,CS,174,650,90,OTOKI,9X56 OZ,Dry,9
13309K,RICE SYRUP,옛날 조청 쌀엿,CS,89,650,90,OTOKI,6X86.42 OZ,Dry,6
13310K,SOMEN NOODLE (S),옛날 국수 소면 (S),CS,79,650,90,OTOKI,24X17.63 OZ,Dry,24
13311K,SOMEN NOODLE (M),옛날 국수 소면 (M),CS,64,650,90,OTOKI,15X31.74 OZ,Dry,15
13312K,SOMEN NOODLE (L),옛날 국수 소면 (L),CS,59,650,90,OTOKI,9X52.91 OZ,Dry,9
13313K,SOMEN NOODLE (XL),옛날 국수 소면 (XL),CS,34,650,90,OTOKI,4X88.18 OZ,Dry,4
13314K,WHEAT REGULAR ROUND NOODLE (M),옛날 국수 중면 (M),CS,64,650,90,OTOKI,15X31.74 OZ,Dry,15
13315K,WHEAT REGULAR ROUND NOODLE (L),옛날 국수 중면 (L),CS,59,650,90,OTOKI,9X52.91 OZ,Dry,9
13316K,WHEAT REGULAR ROUND NOODLE (XL),옛날 국수 중면 (XL),CS,34,650,90,OTOKI,4X88.18 OZ,Dry,4
13317K,WHEAT WILD ROUND NOODLE (S),옛날 국수 칼국수(S),CS,79,650,90,OTOKI,24X17.63 OZ,Dry,24
13318K,WHEAT WILD ROUND NOODLE (M),옛날 국수 칼국수 (M),CS,64,650,90,OTOKI,15X31.74 OZ,Dry,15
13319K,WHEAT WILD ROUND NOODLE (L),옛날 국수 칼국수 (L),CS,59,650,90,OTOKI,9X52.91 OZ,Dry,9
13320K,CHINESE WIDE VERMICELLI,중국식 넓은 당면,CS,114,650,90,OTOKI,30X10.58 OZ,Dry,30
13321K,FLAT GLASS NOODLE,옛날 납작당면,CS,66,650,90,OTOKI,20X14.10 OZ,Dry,20
14207K,RICE COOKER/WARMER (28CUP_S/S_B2801),전기 보온 밥솥 (28인용_S/S_B2801),CS,302,280,999,CUCHEN,28 CUP,Dry,1
14226D,EMPTY JAR (1 GAL),빈병 (1 GAL),CS,18,330,999,UNBRANDED,4X1 GAL,Dry,4
14227D,EMPTY JAR (1/2 GAL),빈병 (1/2 GAL),CS,21,330,999,UNBRANDED,6X1/2 GAL,Dry,6
14229D,EMPTY JAR (16 OZ),빈병 (16 OZ),CS,14.2,330,999,UNBRANDED,12X16 OZ,Dry,12
14230D,JAR LID (1_ 1/2 GAL_ 6 PC),병뚜껑 (1_ 1/2 GAL_ 6 PC),BX,2.6,330,999,UNBRANDED,55X6 PCS,Dry,1
14231D,JAR LID (16_ 32 OZ_ 12 PC),병뚜껑 (16_ 32 OZ_ 12 PC),BX,3.2,330,999,UNBRANDED,52X12 PCS,Dry,1
14815K,BULDAK PROTEIN PUFFS (CHILI LEMON),불닭 포르테인 퍼프 (칠리 레몬),CS,0,351,90,SAMYANG,10X1.76 OZ,Dry,10
14816K,TANGLE RAMEN (KIMCHI ROSE),탱글 라면(김치 로제 파스타),CS,0,351,90,SAMYANG,8X4X3.88 OZ,Dry,8
14817K,TANGLE RAMEN BIG BOWL (KIMCHI ROSE) ,탱글 라면 큰컵 (김치 로제 파스타) ,CS,0,351,90,SAMYANG,6X4.06 OZ,Dry,6
14818K,TANGLE RAMEN BIG BOWL (BULGOGI ALFREDO) ,탱글 라면 큰컵 (불고기 파스타) ,CS,0,351,90,SAMYANG,6X4.06 OZ,Dry,6
15817K,EARTHEN POT (14.3CM_ 3HO),뚝배기 (14.3CM_ 3호),CS,47,650,999,KEUMKWANG,20X1 EA,Dry,20
15819K,EARTHEN POT W/LID (16.5CM),뚜껑 뚝배기 (16.5CM),CS,84,280,999,UNBRANDED,10 ST,Dry,10
15820K,EARTHEN POT W/LID (18CM),뚜껑 뚝배기 (18CM),CS,110,280,999,UNBRANDED,10 ST,Dry,10
15832K,EARTHEN JAR (12L_16X26CM_8HO),항아리 (12L_16X26CM_8호),CS,76,280,999,UNBRANDED,4 ST,Dry,4
17030K,MELAMINE WARE,특원 3절 접시,CS,286,650,999,EADERMELAMINE,150X1 EA,Dry,150
17300C,GLOVES DISPOSABLE,위생장갑,CS,0,680,999,ASSI,100X50 PC,Dry,100
17308K,DISPOSABLE GLOVES,위생장갑,CS,47,650,999,ASSI,50X50 PC,Dry,50
17309K,DISPOSABLE GLOVES,위생장갑,CS,65,650,999,ASSI,20X200 PC,Dry,20
17311C,DOTTED COTTON GLOVE,코팅 면장갑,CS,0,680,999,KABUTO,20X3X3 PR,Dry,20
18004V,[NO FREEZE]BEEF BNLS SHORT RIBS (USA_CHOICE),뼈없는 소 갈비 (USA_초이스),LB,22,23,999,OMAHA,35 LB,Ref,1
18024V,[NO FREEZE] BEEF BNIN SHORT RIBS (USA_CHOICE),소 갈비 (USA_초이스),LB,8.7,83,30,OMAHA,60 LB,Ref,1
18050V,[NO FREEZE] BEEF BRISKET (USA_CHOICE),소 양지(USA_초이스),LB,4.65,83,30,OMAHA,65 LB,Ref,1
18058V,[NO FREEZE] BEEF BONELESS HEEL MEAT (USA),소 뼈없는 허벅 사태 (USA),LB,4.5,23,999,OMAHA,62.5 LB,Ref,1
18113V,[NO FREEZER] PORK BELLIES (CANADA_ J SPEC),돼지 삼겹살 (CANADA_일본 수출용),LB,6,23,999,UNBRANDED,45 LB,Ref,1
19006D,FRESH RICE NOODLES (1#),월남 쌀국수 (1#),CS,52,240,60,QUOCVIET,30X1 LB,Ref,30
19007D,FRESH RICE NOODLES (5#),월남 쌀국수 (5#),CS,41,240,60,QUOCVIET,6X5 LB,Ref,6
19020J,TEZUKURI AKA MISO (1#),데주쿠리 아카 미소 (1#),CS,39,280,90,HANA,20X1 LB,Ref,20
19021J,TEZUKURI SHIRO MISO (2#),데주쿠리 시로 미소 (2#),CS,40,280,90,HANA,10X2 LB,Ref,10
19022J,TEZUKURI SHIRO MISO (1#),데주쿠리 시로 미소 (1#),CS,34,280,90,HANA,20X1 LB,Ref,20
19025J,LOW SODIUM MISO (2#),우수지오 미소 (저염 미소_2#),CS,34,280,90,HANA,10X2 LB,Ref,10
19026K,BANCHAN SEASONED PERILLA LEAVES,반찬 싱그람 양념깻잎,CS,53,280,90,DAERIM,20X5.2 OZ,Ref,20
19029K,BANCHAN SEASONED GARLIC STEM,반찬 싱그람 간장마늘쫑,CS,44,280,90,DAERIM,20X5.2 OZ,Ref,20
19032K,BANCHAN SEASONED GARLIC IN SOY SAUCE,반찬 마늘 간장 절임,CS,34,280,90,ASSI,4X2.2 LB,Ref,4
19038J,TEZUKURI SHIRO MISO (CUP_1.1#),데주쿠리 시로 미소 (컵_1.1#),CS,21,280,90,HANA,8X1.1 LB,Ref,8
19039J,TEZUKURI SHIRO MISO (CUP_2.2#),데주쿠리 시로 미소 (컵_2.2#),CS,35,280,90,HANA,8X2.2 LB,Ref,8
19040K,BANCHAN SEASONED GARLIC STEM IN SOY SAUCE,반찬 마늘쫑 간장 절임,CS,32,280,90,ASSI,4X2.2 LB,Ref,4
19041K,BANCHAN SEASONED PERILLA LEAF IN SOY SAUCE,반찬 생깻잎 간장 절임,CS,44,280,90,ASSI,4X2.2 LB,Ref,4
19042K,BANCHAN SEASONED HOT PEPPER IN SOY SAUCE,반찬 청양고추 간장 절임,CS,54,280,90,ASSI,4X2.2 LB,Ref,4
19043J,SHIRO MISO (JAPAN_BOX_40#),시로 미소 (벌크_박스),CS,45,280,90,KABUTO,40 LB,Ref,1
19045J,DEZUKURI AKA MISO (CUP_2.2#),데주쿠리 아카 미소 (컵_2.2#),CS,36,280,90,HANA,8X2.2 LB,Ref,8
19046J,DEZUKURI AKA MISO (CUP_1.1# ),데주쿠리 아카 미소 (컵_1.1#),CS,21,280,90,HANA,8X1.1 LB,Ref,8
19049K,BANCHAN SEASONED DRIED RADISH,반찬 무말랭이,CS,34,280,90,BANCHANAE,20X3.52 OZ,Ref,20
19050K,STIR-FRIED DRIED SQUID,오징어채볶음,CS,48,190,60,BANCHANAE,20X2.11 OZ,Ref,20
19051K,BANCHAN SEASONED CUCUMBER PICKLE,반찬 오이지 무침,CS,42,280,90,BANCHANAE,20X3.52 OZ,Ref,20
19058K,BANCHAN RADISH AND CUCUMBER PICKLE,반찬 무오이 장아찌,CS,41,280,90,BANCHANAE,20X3.52 OZ,Ref,20
19067J,ORGANIC SHIRO MISO (CUP_1#),유기농 시로 미소 (컵_1#),CS,42,280,90,ORGANICRANCH,8X1 LB,Ref,8
19068J,ORGANIC AKA MISO (CUP_1#),유기농 아카 미소 (컵_1#),CS,27,280,90,ORGANICRANCH,8X1 LB,Ref,8
19070J,SHIRO MISO (2#),시로 미소 (2#),CS,34,280,90,KABUTO,10X2 LB,Ref,10
19071J,SHIRO MISO (1#),시로 미소 (1#),CS,38,280,90,KABUTO,20X1 LB,Ref,20
19072J,AKA MISO (2#),아카 미소 (2#),CS,26,280,90,KABUTO,10X2 LB,Ref,10
19073J,AKA MISO (1#),아카 미소 (1#),CS,33,280,90,KABUTO,20X1 LB,Ref,20
19075J,SHIRO MISO (CUP_1#),시로 미소 (컵_1#),CS,28,280,90,KABUTO,8X1 LB,Ref,8
19077J,AKA MISO  (CUP_1#),아카 미소 (컵_1#),CS,27,280,90,KABUTO,8X1 LB,Ref,8
19078D,FRESH GOBO,고보 (우엉),CS,32,100,30,UNBRANDED,22 LB,Ref,22
19081J,NAGAIMO,일본 나가이모 (마),CS,93,280,90,UNBRANDED,22 LB,Ref,22
19087K,TRUFFLE SSAM,트러플 쌈장,CS,0,280,90,ASSI,12X11.28 OZ,Dry,12
19089C,PICKLED GREEN PEPPER (CHINA_ 22#),풋고추 절임 (22#),CS,47,460,90,MATSARANG,22 LB,Ref,22
19090C,PICKLED GREEN PEPPER (16 OZ),풋고추 절임 (16 OZ),CS,51,460,90,MATSARANG,20X16 OZ,Ref,20
19092K,SLICED LOTUS ROOT (16 OZ),생 연근 (16 OZ),CS,92,460,90,ASSI,24X16 OZ,Ref,24
19101C,BOILED FERNBRACKEN (16 OZ),생 고사리 (16 OZ),CS,114,460,90,ASSI,24X1 LB,Ref,24
19103J,BOILED ROYAL FERN (ZENMAI MIZUNI_1#_JAPAN),물고비 (젠마이 미즈니_1#),CS,121,280,90,ASSI,22X1 LB,Ref,22
19105J,BOILED ROYAL FERN (ZENMAI MIZUNI_1#),물고비 (젠마이 미즈니_1#),CS,155,460,90,HANA,24X1 LB,Ref,24
19106J,BOILED ROYAL FERN (ZENMAI MIZUNI_2#_JAPAN),물고비 (젠마이 미즈니_2#),CS,132,280,90,ASSI,12X2 LB,Ref,12
19107J,BOILED ROYAL FERN (ZENMAI MIZUNI_2#),물고비 (젠마이 미즈니_2#),CS,131,460,90,HANA,12X2 LB,Ref,12
19109K,SEASONED BURDOCK,김밥용 우엉 조림,CS,47,460,90,MATSARANG,24X7 OZ,Ref,24
19110J,PICKLED PLUM (RED),레드 우메보시 (빨간 매실 절임),BX,40,280,90,HANA,2X12X8.8 OZ,Ref,12
19113K,FRIED BEAN CURD W/SEASONING (S),새콤달콤 유부초밥(S),CS,78,190,60,ASSI,40X5.64 OZ,Ref,40
19114J,BOILED ROYAL FERN (ZENMAI MIZUNI_2#),물고비 (젠마이 미즈니_2#),CS,123,460,90,MATSARANG,12X2 LB,Ref,12
19117K,SEASONED BURDOCK,김밥 우엉,CS,47,280,90,DAERIM,20X3.5 OZ,Ref,20
19118K,SEASONED FRIED BEAN CURD,새콤달콤 유부초밥,CS,59,190,60,ASSI,15X11.2 OZ,Ref,15
19121J,PICKLED GINGER (SUSHI GINGER_S.BTL_5 OZ),스시 생강 (S.BTL_5 OZ),CS,52,280,90,HANA,24X5 OZ,Ref,24
19122J,PICKLED GINGER (CHINA_SUSHI GINGER_20#),스시 생강 (20#),CS,37,280,90,HANA,20 LB,Ref,1
19123J,BOILED ROYAL FERN (ZENMAI MIZUNI_1#),물고비 (젠마이 미즈니_1#),CS,118,460,90,MATSARANG,24X1 LB,Ref,24
19126J,PICKLED SUSHI GINGER (PINK_2#),핑크색 스시 생강 (PKG_2#),CS,0,680,90,UNBRANDED,10X2 LB,Ref,10
19127D,PICKLED GINGER (SUSHI GINGER_BTL_12 OZ),스시 생강 (BTL_12 OZ),CS,45,280,90,HANA,12X12 OZ,Ref,12
19128D,PICKLED GINGER (BENI SHOGA_BTL_12 OZ),베니 쇼가 (BTL_12 OZ),CS,43,280,90,HANA,12X12 OZ,Ref,12
19129K,FRIED BEAN CURD W/SEASONING,주부초밥짱,CS,95,280,90,DAERIM,12X21.1 OZ,Ref,12
19131J,PICKLED GINGER (AMAZU SHOGA_1.1#),아마주 쇼가 (1.1#),CS,57,280,90,UNBRANDED,20X1.1 LB,Ref,20
19132C,PICKLED GARLIC STEM (CHINA_22#),마늘쫑 절임 (22#),CS,50,460,90,MATSARANG,22 LB,Ref,1
19133C,PICKLED GARLIC STEM (16 OZ),마늘쫑 절임 (16 OZ),CS,59,460,90,MATSARANG,20X16 OZ,Ref,20
19137J,NATURAL SUSHI GINGER (JAR_12 OZ),내추럴색 스시생강 (병_12 OZ),CS,0,680,90,HANA,12X12 OZ,Ref,12
19191J,PICKLED SUSHI GINGER (NATURAL_CHINA_20#),내추럴색 스시 생강 (CHINA_20#),CS,0,680,90,HANA,20 LB,Ref,1
19192J,PICKLED SUSHI GINGER (NATURAL _2#),내추럴색 스시 생강 (2#),CS,0,680,90,UNBRANDED,10X2 LB,Ref,10
19193J,PICKLED SUSHI GINGER (NATURAL_1.1#),내추럴색 스시 생강 (1.1#),CS,0,680,90,UNBRANDED,20X1.1 LB,Ref,20
19212K,PICKLED SCALLION (RAKKYO_ BTL_ 18 OZ),락교 (BTL_ 18 OZ),CS,63,280,90,ASSI,12X18 OZ,Ref,12
19219K,CHESTNUT IN SYRUP,맛밤,CS,163,460,90,ASSI,40X8.8 OZ,Ref,40
19234K,BLACK BEAN NOODLES (JJAJANGMYEON),직화 볶음 짜장면,CS,53,280,90,YISSINE,12X22.5 OZ,Ref,12
19235K,HOT & SPICY SEAFOOD NOODLES (JJAMPPONG),직화 얼큰 짬뽕,CS,50,280,90,YISSINE,12X15.6 OZ,Ref,12
19252J,PICKLED KIMCHI RADISH,김치 다꾸앙,BX,55,280,90,TOKAI,2X20X7 OZ,Ref,20
19254J,BANCHAN AJI KIMCHI,반찬 아지 김치,BX,13.8,280,90,TOKAI,8X10X4.59 OZ,Ref,10
19270J,MAYONNAISE (15.72 OZ),마요네즈 (15.72 OZ),CS,102,285,90,QP,20X15.72 OZ,Ref,20
19271J,MAYONNAISE (17.6 OZ_20023),마요네즈 (17.6 OZ),CS,110,280,90,QP,20X17.6 OZ,Dry,20
19273K,WHOLE PICKLED RADISH (1P),통단무지 (1P),CS,50,460,90,MATSARANG,24X17.6 OZ,Ref,24
19274K,PICKLED RADISH (4P),김밥용 단무지 (4P),CS,53,460,90,MATSARANG,15X2.2 LB,Ref,15
19275K,WHITE WHOLE PICKLED RADISH (1P),백 통단무지 (1P),CS,50,460,90,MATSARANG,24X17.6 OZ,Ref,24
19276K,WHITE PICKLED RADISH (4P),김밥용 백 단무지 (4P),CS,48,460,90,MATSARANG,15X2.2 LB,Ref,15
19277K,SLICED PICKLED RADISH,실속 썰은 단무지,CS,50,460,90,MATSARANG,15X2.2 LB,Ref,15
19278K,SLICED PICKLED RADISH ,김밥용 썰은 단무지,CS,59,460,90,MATSARANG,15X2.2 LB,Ref,15
19300K,PICKLED RADISH CUBE FOR FRIED CHICKEN,치맥무,CS,0,260,60,YISSINE,18X8.1 OZ,Ref,18
19323J,SALTED JELLYFISH,해파리,CS,153,640,90,HANA,15X2 LB,Ref,15
19324J,SALTED JELLYFISH (CHINA_30#),해파리 벌크,CS,102,640,90,HANA,30 LB,Ref,1
19328K,STICK MAN FISH CAKE (10P),스틱맨 소시지 (10P),CS,108,280,90,ASSI,30X12.3 OZ,Ref,30
19333K,CHAMPION FISH PASTE,참피온 소세지,CS,47,280,90,DAERIM,20X1.1 LB,Ref,20
19336K,STICK FISH CAKE (8P),내친구 짱 (8P),CS,53,280,90,ASSI,15X11.28 OZ,Ref,15
19339K,BIG STICK FISH CAKE (5P),스틱맨 빅 소시지 (5P),CS,60,280,90,ASSI,15X12.34 OZ,Ref,15
19340K,MINI FISH CAKE (16P),스틱맨 미니 소시지 (16P),CS,65,280,90,ASSI,15X9.59 OZ,Ref,15
19341K,PICKLED RADISH WRAP (SOUR),쌈무 (새콤한맛),CS,45,280,90,DAERIM,18X12.3 OZ,Ref,18
19342K,PICKLED RADISH WRAP (WASABI),쌈무 (와사비맛),CS,44,280,90,DAERIM,18X12.3 OZ,Ref,18
19343K,PICKLED RADISH WRAP (SOUR),쌈무 (새콤한 맛),CS,0,320,60,EUDDEUM,24X10.58 OZ,Ref,24
19344K,PICKLED RADISH WRAP (WASABI),쌈무 (와사비 맛),CS,0,320,60,EUDDEUM,24X10.58 OZ,Ref,24
19346K,PICKLED WHOLE RADISH (2.2#_3-4P),김밥용 단무지 (2.2#_3-4P),CS,63,460,90,YISSINE,15X2.2 LB,Ref,15
19347K,PICKLED WHOLE RADISH (1.1#_1P),김밥용 통 단무지 (1.1#_1P),CS,55,460,90,YISSINE,24X1.1 LB,Ref,24
19351K,SLICED PICKLED RADISH (SILSOK_2.2#),썰은 단무지 (2.2#),CS,64,280,90,ASSI,15X2.2 LB,Ref,15
19353K,PICKLED CUCUMBER,아삭 오이지,CS,0,320,60,EUDDEUM,20X12.3 OZ,Ref,20
19355K,SLICED PICKLED RADISH (2.2#),단무지 (김밥용_2.2#),CS,0,500,90,YISSINE,15X2.2 LB,Ref,15
19358K,SEASONED BURDOCK & PICKLED RADISH,우엉 플러스 단무지,CS,0,320,60,EUDDEUM,16X12.34 OZ,Ref,16
19359K,SLICED PICKLED RADISH (GIMBAP_2.2#),김밥용 썰은 단무지 (2.2#),CS,79,280,90,ASSI,15X2.2 LB,Ref,15
19361K,SLICED PICKLED RADISH (GIMBAP_6 OZ),김밥용 썰은 단무지 (6 OZ),CS,81,280,90,ASSI,30X6 OZ,Ref,30
19362K,HALF-CUT PICKLED RADISH (12 OZ),반절 단무지 (12 OZ),CS,91,280,90,ASSI,30X12 OZ,Ref,30
19363K,SLICED PICKLED RADISH (SSEOLEUN_12 OZ),썰은 단무지 (12 OZ),CS,83,280,90,ASSI,30X12 OZ,Ref,30
19364K,PICKLED WHOLE RADISH (17.63 OZ_1P),김밥용 통 단무지 (17.63 OZ_1P),CS,90,280,90,ASSI,24X17.63 OZ,Ref,24
19365K,PICKLED WHOLE RADISH (2.2#_3P),김밥용 통 단무지 (2.2#_3P),CS,78,280,90,ASSI,15X2.2 LB,Ref,15
19366K,PICKLED WHOLE WHITE RADISH  (17.63 OZ_1P),백 통 단무지 (17.63 OZ_1P),CS,96,280,90,ASSI,24X17.63 OZ,Ref,24
19367K,PICKLED WHOLE WHITE RADISH (2.2#_4P),김밥용 백 단무지 (2.2#_4P),CS,78,280,90,ASSI,15X2.2 LB,Ref,15
19372J,FRESH UDON (JUMBO_3P),점보 나마 우동 (3P),CS,71,280,90,HANA,2X12X21 OZ,Ref,24
19375K,INSTANT UDON NOODLES,역전 우동,CS,40,280,90,ASSI,12X23.28 OZ,Ref,12
19376K,INSTANT KIMCHI UDON NOODLES,김치 역전 우동,CS,46,280,90,ASSI,12X22.2 OZ,Ref,12
19387K,TEMPURA UDON (3S),튀김 우동 (3S),CS,38,280,90,YISSINE,12X1.4 LB,Ref,12
19388K,YUKGAEJANG UDON (3S),육개장 우동 (3S),CS,40,280,90,YISSINE,12X1.4 LB,Ref,12
19389K,SEAFOOD UDON (3S),해물 우동 (3S),CS,38,280,90,YISSINE,12X1.4 LB,Ref,12
19393K,FERMENTED SOYBEAN PASTE SOUP,청국장찌개,CS,64,280,90,YIJO,20X21.16 OZ,Ref,20
19394K,TOFU SOUP  ,순두부찌개,CS,62,280,90,YIJO,20X19.4 OZ,Ref,20
19396K,INSTANT SOYBEAN STEW,된장찌개,CS,0,351,90,YIJO,20X21.16 OZ,Ref,20
19397K,KIMCHI SOUP  ,김치찌개,CS,65,280,90,YIJO,20X21.16 OZ,Ref,20
19402J,FRIED BEAN CURD (AJITSUKE INARE AGE_60P),아지즈케 이나리 아게 (유부초밥재료_60P),CS,136,280,90,DAIKYO,20X1.76 LB,Ref,20
19410K,SEAWEED JELLY (12 OZ),천사채 (12 OZ),CS,40,280,90,ASSI,24X12 OZ,Ref,24
19411K,SEAWEED JELLY (2.2#),천사채 (2.2#),CS,32,280,90,ASSI,10X2.2 LB,Ref,10
19417K,SEAWEED JELLY,천사채,CS,42,280,90,BUKWANG,20X17.63 OZ,Ref,20
19419C,SALTED SHRIMP (CHINA_66#),[수출전용] 새우젓 (66#),CS,134,640,90,ASSI,66 LB,Ref,1
19420J,SALTED SHRIMP (OKIAMI_1#),[수출전용] 곤쟁이젓 (새우젓_1#),CS,65,640,90,ASSI,24X1 LB,Ref,24
19422K,SALTED SHRIMP (60 OZ),[수출전용] 동백하 새우젓 (60 OZ),CS,125,640,90,YISSINE,12X60 OZ,Ref,12
19423K,SALTED SHRIMP (2.2#),[수출전용] 동백하 새우젓 (2.2#),CS,70,640,90,YISSINE,12X2.2 LB,Ref,12
19425K,SALTED SHRIMP (3.3#),[수출전용] 새우젓 (육젓_3.3#),CS,123,640,90,ASSI,12X3.3 LB,Ref,12
19426K,SALTED SHRIMP (2#),[수출전용] 새우젓 (육젓_2#),CS,69,640,90,ASSI,12X2 LB,Ref,12
19427K,SALTED SHRIMP (1#),[수출전용] 새우젓 (육젓_1#),CS,73,640,90,ASSI,24X1 LB,Ref,24
19428K,SALTED SHRIMP (1.1#),[수출전용] 동백하 새우젓 (1.1#),CS,79,640,90,YISSINE,24X1.1 LB,Ref,24
19429J,SALTED SHRIMP (OKIAMI_2#),[수출전용] 곤쟁이젓 (새우젓_2#),CS,62,640,90,ASSI,12X2 LB,Ref,12
19432K,SALTED SHRIMP (1GAL),[수출전용] 새우젓 (육젓_1GAL),CS,154,640,90,ASSI,4X1 GAL,Ref,4
19433K,VEGETABLE FISH CAKE (SAUSAGE SHAPE),야채 소세지,CS,41,280,90,DONGWON,20X8.82 OZ,Ref,20
19434K,SINGSING FISH CAKE (SAUSAGE SHAPE),싱싱 소세지,CS,77,280,90,DONGWON,30X17.64 OZ,Ref,30
19439K,SALTED SHRIMP (2.2#),새우젓 (2.2#),CS,207,285,90,HYOSONG,12X2.2 LB,Ref,12
19440K,SALTED SHRIMP (1.1#),새우젓 (1.1#),CS,113,285,90,HYOSONG,12X1.1 LB,Ref,12
19441K,SALTED SHRIMP (44#),새우젓 (44#),CS,110,650,90,ASSI,44 LB,Ref,1
19442K,SALTED SHRIMP (2.2#),새우젓 (2.2#),CS,120,650,90,ASSI,12X2.2 LB,Ref,12
19443K,SALTED SHRIMP (1.1#),새우젓 (1.1#),CS,152,650,90,ASSI,24X1.1 LB,Ref,24
19450K,MUL NAENGMYEON W/BROTH,옥류관 물냉면 (평양식),CS,50,460,90,YISSINE,10X35.97 OZ,Ref,10
19451K,BIBIM NAENGMYEON W/HOT SAUCE,옥류관 비빔냉면 (함흥식),CS,48,460,90,YISSINE,10X13.8 OZ,Ref,10
19490K,SALTED SEAWEED (14.1 OZ),생 미역 (14.1 OZ),CS,35,280,90,ASSI,20X14.1 OZ,Ref,20
19491K,SALTED SEAWEED STEM (14.1 OZ),생 미역 줄기 (14.1 OZ),CS,37,280,90,ASSI,20X14.1 OZ,Ref,20
19492K,SALTED KELP (14.1 OZ),쌈 다시마 (14.1 OZ),CS,29,280,90,ASSI,20X14.1 OZ,Ref,20
19494K,SALTED SEAWEED STEM (2.2#),생 미역 줄기 (2.2#),CS,35,460,90,ASSI,6X2.2 LB,Ref,6
19551K,BANCHAN YANGBAN SLICED KIMCHI,반찬 양반 썰은 김치,CS,52,160,60,DONGWON,8X1.1 LB,Ref,8
19554K,BANCHAN YANGBAN FERMENTED KIMCHI,반찬 양반 묵은지,CS,81,280,90,DONGWON,15X14.1 OZ,Ref,15
19555K,BANCHAN YANGBAN WHOLE KIMCHI,반찬 양반 포기 김치,CS,54,160,60,DONGWON,6X1.98 LB,Ref,6
19556K,BANCHAN YANGBAN GREEN RADISH KIMCHI,반찬 양반 총각 김치,CS,55,160,60,DONGWON,8X14.1 OZ,Ref,8
19557K,BANCHAN YANGBAN MUSTARD KIMCHI,반찬 양반 갓김치,CS,60,100,30,DONGWON,8X14.1 OZ,Ref,8
19558K,PREMIUM WHOLE KIMCHI (11#),명품 포기김치 (11#),CS,43,460,60,DONGWON,1X11 LB,Ref,1
19559K,SALTED CUT CABBAGE KIMCHI,남도 마늘 썰은김치,CS,52,460,60,DONGWON,8X16.93 OZ,Ref,8
19560K,BANCHAN SLICED VEGAN KIMCHI,반찬 비건 맛김치,CS,46,100,30,ASSI,12X14.01 OZ,Ref,12
19561K,BANCHAN SLICED KIMCHI,반찬 맛김치,CS,64,100,30,ASSI,8X2.2 LB,Ref,8
19562K,BANCHAN NAKED KIMCHI,반찬 백김치,CS,43,100,30,ASSI,12X14.1 OZ,Ref,12
19563D,THE FRESH SLICED KIMCHI (64 OZ),더 신선한 썰은 김치 (64 OZ),CS,100,330,90,ASSI,6X64 OZ,Ref,6
19564D,THE FRESH SLICED KIMCHI (120 OZ),더 신선한 썰은 김치 (120 OZ),CS,113,330,90,ASSI,4X120 OZ,Ref,4
19565D,THE FRESH SLICED KIMCHI (28 OZ),더 신선한 썰은 김치 (28 OZ),CS,97,210,60,ASSI,12X28 OZ,Ref,12
19600C,WHOLE PICKLED GARLIC (W/SOY SAUCE_ BTL),통마늘 간장 장아찌 (BTL),CS,108,460,90,ASSI,12X3.63 LB,Ref,12
19601K,PEELED PICKLED GARLIC (1#),깐마늘 장아찌 (1#),CS,67,460,90,ASSI,20X1 LB,Ref,20
19602D,WHOLE PICKLED GARLIC (2#),통마늘 장아찌 (2#),CS,64,460,90,ASSI,10X2 LB,Ref,10
19603C,PEELED PICKLED GARLIC (2#),깐마늘 장아찌 (2#),CS,54,460,90,ASSI,10X2 LB,Ref,10
19606C,MINCED GARLIC IN WATER (1#),마늘 다대기 (1#),CS,54,640,90,ASSI,12X1 LB,Ref,12
19607C,MINCED GARLIC IN WATER (2#),마늘 다대기 (2#),CS,99,640,90,ASSI,12X2 LB,Ref,12
19610K,MINCED GARLIC (2#),생 다진 마늘 (2#),CS,98,640,90,ASSI,12X2 LB,Ref,12
19611K,MINCED GARLIC (1#),생 다진 마늘 (1#),CS,107,640,90,ASSI,24X1 LB,Ref,24
19612C,MINCED GINGER (1#),다진 생강 (1#),CS,90,640,90,ASSI,24X1 LB,Ref,24
19619D,SAUTEED PICKLED BEANS WITH MINCED PORK,그린빈 돼지고기 볶음,CS,154,330,90,CHUNWEI,5X10X5 OZ,Ref,50
19620K,SEASONED GARLIC LEAF WITH SOY SAUCE,명이나물절임,CS,61,280,90,ASSI,2X8 LB,Ref,2
19621K,SEASONED GARLIC WITH SOY SAUCE,알마늘절임,CS,48,280,90,ASSI,2X8 LB,Ref,2
19622K,SEASONED PERILLA LEAVES WITH SOY SAUCE,깻잎절임,CS,40,280,90,ASSI,2X8 LB,Ref,2
19704J,CAFFE LATTE,카페라테,CS,31,190,60,MORIYAMA,12X7.4 OZ,Ref,12
19705J,MATCHA LATTE,녹차라테,CS,29,190,60,MORIYAMA,12X6.8 OZ,Ref,12
19706J,TEA LATTE,티라테,CS,29,190,60,MORIYAMA,12X7.4 OZ,Ref,12
19722K,FRENCH CAFE CAFE AU LAIT,프렌치 카페 카페 오레,CS,18,130,30,NAMYANG,10X6.7 OZ,Ref,10
19723K,FRENCH CAFE CAPPUCCINO,프렌치 카페 카푸치노,CS,18,130,30,NAMYANG,10X6.7 OZ,Ref,10
19726K,FRENCH CAFE CARAMEL MACCHIATO,프렌치 카페 카라멜 마끼아또,CS,18,130,30,NAMYANG,10X6.7 OZ,Ref,10
19727K,FRENCH CAFÉ ROASTERY ESPRESSO LATTE,프렌치 카페 로스터리 에스프레소 라떼,CS,22,130,30,NAMYANG,10X8.83 OZ,Ref,10
19728K,FRENCH CAFÉ ROASTERY DOUBLE CARAMEL LATTE,프렌치 카페 로스터리 더블 카라멜 라떼,CS,8.5,130,30,NAMYANG,10X8.83 OZ,Ref,10
19729K,FRENCH CAFÉ ROASTERY DOLCE DE LECHE LATTE,프렌치 카페 로스터리 돌체 연유 라떼,CS,23,130,30,NAMYANG,10X8.83 OZ,Ref,10
19901K,KIMCHI SOUP,김치찌개,CS,49,280,90,ASSI,15X21.16 OZ,Ref,15
19902K,SOFT TOFU SOUP,순두부찌개,CS,48,280,90,ASSI,15X19.4 OZ,Ref,15
19903K,SOYBEAN PASTE SOUP,된장찌개,CS,46,280,90,ASSI,15X21.16 OZ,Ref,15
19945D,RICE CAKE (UNSLICED_1#),가래떡 (1#),CS,62,83,30,ASSI,24X1 LB,Ref,24
19948K,TTEOKBOKKI RICE CAKE WITH HOT SAUCE,쌀떡볶이+소스,CS,0,325,90,YISSINE,12X26.4 OZ,Ref,12
19949K,TOPOKKI RICE CAKE (MACARONI STYLE),왕 구멍 쌀떡볶이,CS,24,220,60,SONGHAK,12X1.1 LB,Ref,12
19952K,BITE SIZE TOPOKKI RICE CAKE,한입에 쌀떡볶이,CS,25,220,60,YISSINE,12X1.36 LB,Ref,12
19953K,GGOMA TOPOKKI RICE CAKE,꼬마 쌀떡볶이떡,CS,29,220,60,YISSINE,12X1.69 LB,Ref,12
19954K,JORAENGI TOPOKKI RICE CAKE,조랭이 쌀떡,CS,24,220,60,YISSINE,12X1.36 LB,Ref,12
19955K,RICE CAKE (3#),쌀떡국떡 (3#),CS,45,220,60,YISSINE,10X3 LB,Ref,10
19956K,TOPOKKI RICE CAKE (2.75#),쌀떡볶이떡 (2.75#),CS,40,220,60,YISSINE,10X2.75 LB,Ref,10
19957K,HORIHORI TOPOKKI RICE CAKE,호리호리 쌀떡볶이떡,CS,29,220,60,YISSINE,12X1.57 LB,Ref,12
19965K,RICE CAKE (1.76#),쌀떡국떡 (1.76#),CS,36,220,60,YISSINE,12X1.76 LB,Ref,12
19966K,TOPOKKI RICE CAKE (1.32#),쌀떡볶이떡 (1.32#),CS,30,220,60,YISSINE,12X1.32 LB,Ref,12
19968K,HORIHORI TOPOKKI RICE CAKE,호리호리 쌀떡볶이떡,CS,24,220,60,SONGHAK,12X14.11 OZ,Ref,12
19970K,RICE CAKE WITH SOUP STOCK,사골 떡국떡,CS,0,260,90,YISSINE,20X13.6 OZ,Ref,20
19971K,RICE CAKE (1.76#),쌀떡 (1.76#),CS,30,220,60,SONGHAK,12X1.76 LB,Ref,12
19972K,GGOMA TOPOKKI RICE CAKE,꼬마 쌀떡볶이,CS,22,220,60,SONGHAK,12X1.32 LB,Ref,12
19973K,BITE SIZE TOPOKKI RICE CAKE,한입에 쌀떡볶이,CS,24,220,60,SONGHAK,12X1.1 LB,Ref,12
19974K,JORAENGI TOPOKKI RICE CAKE,조랭이 쌀떡볶이,CS,23,220,60,SONGHAK,12X1.1 LB,Ref,12
19975D,RICE CAKE (2#),떡국떡 (2#),CS,56,220,60,ASSI,20X2 LB,Ref,20
19976D,TOPOKKI RICE CAKE (2#),떡볶이떡 (2#),CS,55,220,60,ASSI,20X2 LB,Ref,20
19977D,BROWN RICE CAKE,현미 떡국떡,CS,103,150,30,ASSI,20X2 LB,Ref,20
19981D,TOFU (FIRM),부침 두부,CS,22,83,30,ASSI,12X16 OZ,Ref,12
19982D,TOFU (SOFT),찌개 두부,CS,22,83,30,ASSI,12X16 OZ,Ref,12
19983D,TOFU (SILKEN),생두부,CS,22,83,30,ASSI,12X16 OZ,Ref,12
19984D,TOFU (EX-SILKEN),순두부,CS,22,83,30,ASSI,12X16 OZ,Ref,12
20004J,FERMENTED SOYBEAN (KELP_3P),친환경 낫또 (다시마_3P),CS,26,280,90,KABUTO,20X5.2 OZ,Frz,20
20005J,FERMENTED SOYBEAN (SHISO NORI_3P),친환경 낫또 (시소노리_3P),CS,27,280,90,KABUTO,20X5.2 OZ,Frz,20
20011K,FRIED BEAN CURD,유부,CS,38,460,90,DOOSOL,10X10.5 OZ,Frz,10
20015J,FRIED BEAN CURD (SUSHI AGE),스시 아게 (초밥.우동용 유부),BX,60,280,90,HANA,2X21X3.5 OZ,Frz,21
20021J,FERMENTED SOYBEAN (BONITO_3P),친환경 낫또 (가다랭이_3P),CS,27,280,90,KABUTO,20X5.2 OZ,Frz,20
20022J,FERMENTED SOYBEAN (MINI ITETSU_3P),미니 낫또 이테츠  (옹고집_3P),CS,24,280,90,AIZAWA,20X5.2 OZ,Frz,20
20027J,SHELLED SOYBEAN (EDAMAME),깐 에다마메,CS,39,640,90,KABUTO,20X14 OZ,Frz,20
20028K,FERMENTED SOYBEAN PASTE (PKG),궁중 청국장 (PKG),CS,82,460,90,ASSI,36X10.6 OZ,Frz,36
20029J,PLAIN SOYBEAN (EDAMAME),에다마메,CS,34,640,90,KABUTO,20X14 OZ,Frz,20
20042J,SALTED SOYBEAN (EDAMAME),소금간한 에다마메,CS,39,640,90,KABUTO,20X14 OZ,Frz,20
20046N,MACKEREL (NORWAY_400-600),노르웨이 고등어 (400-600),CS,49,640,90,UNBRANDED,22 LB,Frz,22
20047N,MACKEREL (NORWAY_500UP),노르웨이 고등어 (500UP),CS,52,640,90,UNBRANDED,22 LB,Frz,22
20048N,MACKEREL (NORWAY_600UP),노르웨이 고등어 (600UP),CS,90,640,90,UNBRANDED,44 LB,Frz,44
20050N,MACKEREL (NORWAY_300-500),노르웨이 고등어 (300-500),CS,59,640,90,UNBRANDED,44 LB,Frz,44
20052N,MACKEREL (NORWAY_600UP),노르웨이 고등어 (600UP),CS,63,640,90,UNBRANDED,22 LB,Frz,22
20053N,MACKEREL (NORWAY_400-600),노르웨이 고등어 (400-600),CS,92,640,90,UNBRANDED,44 LB,Frz,44
20054K,YELLOWFIN SOLE (ALASKA_IQF_H&G_GAJAMI_5#),손질한 참 가자미 (IQF_5#),CS,71,640,90,WILDSEA,3X5 LB,Frz,3
20055D,SKATE WING (CANADA_HONGEO),홍어,CS,86,640,90,UNBRANDED,22 LB,Frz,22
20056D,COD (PACIFIC_WR_WILD_ 2-4#/PC_ IQF),대구 (PACIFIC_WR_WILD_ 2-4#/PC_ IQF),CS,145,640,90,UNBRANDED,50 LB,Frz,50
20058D,H&G REX SOLE (M/L_USA_IQF_GAJAMI),깐 가자미 (M/L_USA_IQF_GAJAMI),CS,39,690,90,UNBRANDED,10 LB,Frz,10
20063D,ALASKA POLLOCK ROE (USA_IQF_10#),알라스카 동태 알 (IQF_10#),CS,60,690,90,UNBRANDED,10 LB,Frz,10
20066J,MACKEREL PIKE (TAIWAN_55P/16.5#),대만 꽁치 (55미/16.5#),CS,24,640,90,UNBRANDED,23.15 LB,Frz,23.15
20067K,COOKED MUSSEL MEAT,홍합살,CS,67,640,90,WILDSEA,12X1 LB,Frz,12
20068K,COOKED MUSSEL MEAT,홍합살,CS,70,640,90,WILDSEA,4X5 LB,Frz,4
20069C,YELLOW CROAKER (CHINA_80-100_10#),참조기 (80-100_10#),CS,40,640,90,ASSI,10 LB,Frz,10
20070K,COOKED HALF SHELL MUSSEL,반깐 홍합,CS,49,640,90,WILDSEA,12X1 LB,Frz,12
20073D,ALASKA POLLOCK WHOLE W/ROE (USA_700-900_IQF),알라스카 알배기 동태 (700-900_IQF),CS,89,690,90,UNBRANDED,50 LB,Frz,50
20075J,MACKEREL PIKE (TAIWAN_#1_ 55P/21.7#),대만 꽁치 (#1_ 55미/21.7#),CS,65,640,90,UNBRANDED,21.70 LB,Frz,21.7
20078J,"MACKEREL PIKE (TAIWAN,#2 /22#)",대만 꽁치 (#2/ 22#),CS,68,640,90,UNBRANDED,22 LB,Frz,20
20081K,CLEANED SLICED SMALL OCTOPUS (2.5#),손질한 낙지볶음 (2.5#),CS,251,460,90,ASSI,15X2.5 LB,Frz,15
20082K,SMALL OCTOPUS (L_1.5#),낙지 (L_1.5#),CS,199,460,90,ASSI,20X1.5 LB,Frz,20
20083K,OYSTER (IQF_3#),생굴 (IQF_3#),CS,217,640,90,ASSI,10X3 LB,Frz,10
20084K,SMALL OCTOPUS (S_1#),낙지 (S_1#),CS,181,460,90,ASSI,30X1 LB,Frz,30
20086K,OYSTER (IQF_8 OZ),생굴 (IQF_8 OZ),CS,151,640,90,ASSI,40X8 OZ,Frz,40
20089D,HALFSHELL MUSSELS (NEW ZEALAND),뉴질랜드 반깐 홍합,CS,150,640,90,NEWZEALAND,12X2 LB,Frz,12
20090D,POLLOCK (CANADA_ WR_ IQF),동태 (IQF),CS,110,640,90,UNBRANDED,50 LB,Frz,50
20093K,OYSTER (IQF_20 OZ),생굴 (IQF_20 OZ),CS,190,640,90,ASSI,20X20 OZ,Frz,20
20094K,CLEANED SLICED SMALL OCTOPUS (1#),손질한 낙지볶음 (1#),CS,196,460,90,ASSI,24X1 LB,Frz,24
20096N,MACKEREL (NORWAY_ 300UP),노르웨이 고등어 (300UP),CS,74,640,90,UNBRANDED,6X6.61 LB,Frz,6
20101K,SALTED CUTTLE FISH,목포 자반 먹갈치,CS,0,500,90,ASSI,24X10.5 OZ,Frz,24
20103K,MOKPO BELTFISH,목포 먹갈치,CS,85,460,90,ASSI,24X10.5 OZ,Frz,24
20109D,BELTFISH (SENEGAL_500-700),갈치 (500-700),CS,56,650,90,UNBRANDED,22 LB,Frz,22
20110D,BELTFISH (SENEGAL_700-1000),갈치 (700-1000),CS,50,650,90,UNBRANDED,22 LB,Frz,22
20111J,SLICED BELTFISH (24 OZ),은갈치 (24 OZ),CS,236,460,90,ASSI,24X24 OZ,Frz,24
20116J,SLICED SALTED BELTFISH (JABAN_24 OZ),자반 은갈치 (24 OZ),CS,231,460,90,ASSI,24X24 OZ,Frz,24
20119K,SALTED BONELESS MACKEREL ,뼈바른 소금구이 고등어,CS,143,460,90,ASSI,34X12 OZ,Frz,34
20122J,BELTFISH (OMAN_ 1000UP),갈치 (1000UP),CS,80,640,90,UNBRANDED,22 LB,Frz,22
20123J,BELTFISH (OMAN_ 700-1000),갈치 (700-1000),CS,95,640,90,UNBRANDED,22 LB,Frz,22
20127K,SALTED BONELESS MACKEREL (6P),뼈바른 간고등어살 (노르웨이산),CS,117,460,90,ASSI,12X28 OZ,Frz,12
20129K,SALTED BONELESS ATKA MACKEREL ,뼈바른 소금구이 임연수,CS,177,460,90,ASSI,34X12 OZ,Frz,34
20130C,CLEANED YELLOW CROAKER FILLET (3#),손질한 참조기살 (3#),CS,191,640,90,ASSI,12X3 LB,Frz,12
20131K,SALTED BONELESS SPANISH MACKEREL,뼈바른 소금구이 삼치,CS,182,460,90,ASSI,40X10.58 OZ,Frz,40
20134C,CLEANED YELLOW CROAKER FILLET (2#),손질한 참조기살 (2#),CS,162,640,90,ASSI,15X2 LB,Frz,15
20138C,CLEANED YELLOW CROAKER FILLET (CHINA_20#),손질한 참조기살 (20#),CS,105,640,90,ASSI,20 LB,Frz,20
20139C,FROZEN YELLOW CROAKER FILLETS (5#),손질한 참조기살 (5#),CS,0,680,90,ASSI,6X5 LB,Frz,6
20139D,MUSSEL MEAT (CHILE_ 22#),홍합살,CS,87,640,90,UNBRANDED,22 LB,Frz,1
20140K,YELLOW CROAKER (200-300_4#),참조기 (200-300_4#),CS,247,640,90,ASSI,12X4 LB,Frz,12
20142K,YELLOW CROAKER (300-400_4#),참조기 (300-400_4#),CS,267,640,90,ASSI,12X4 LB,Frz,12
20143C,YELLOW CROAKER (CHINA_150-200_10#),참조기 (150-200_10#),CS,36,640,90,ASSI,10 LB,Frz,10
20145K,YELLOW CROAKER (150-200_4#),참조기 (150-200_4#),CS,232,640,90,ASSI,12X4 LB,Frz,12
20152D,ALASKA POLLOCK (USA_WR 700-900_IQF),알라스카 동태 (USA_WR 700-900_IQF),CS,106,650,90,UNBRANDED,50 LB,Frz,50
20153J,MACKEREL PIKE (TAIWAN_55P/16.5#),대만 꽁치 (55미/16.5#),CS,21,640,90,UNBRANDED,20.85 LB,Frz,20.85
20154K,SALTED BONELESS ATKA MACKEREL (6P),뼈바른 간이면수살 (6P),CS,151,460,90,ASSI,12X28 OZ,Frz,12
20155K,CUT POLLACK WITH HOT SOUP BASE,동태 매운탕+소스,CS,0,500,90,ASSI,18X1.1 LB,Frz,18
20157J,UNAGI KABAYAKI (8 OZ),우나기 가바야끼 (8 OZ),CS,284,640,90,KABUTO,2X11 LB,Frz,22
20160J,UNAGI KABAYAKI (9 OZ),우나기 가바야끼 (9 OZ),CS,282,640,90,KABUTO,2X11 LB,Frz,22
20166K,WILD BELT FISH (17.63#),제주 은갈치 (선동_17.63#),CS,0,680,90,UNBRANDED,17.63 LB,Frz,1
20172K,KOREAN STYLE SALTED MACKEREL,안동식 간 고등어 (노르웨이산),CS,175,460,90,ASSI,15X2.2 LB,Frz,15
20176K,CUT CRAB (L),절단 참 꽃게 (L),CS,89,640,90,ASSI,12X1.5 LB,Frz,12
20177K,CUT CRAB (2L),절단 참 꽃게 (2L),CS,75,640,90,ASSI,12X1.5 LB,Frz,12
20178K,CUT CRAB (3L),절단 참 꽃게 (3L),CS,85,640,90,ASSI,12X1.5 LB,Frz,12
20180K,CUT CRAB (M),절단 참 꽃게 (M),CS,47,460,90,ASSI,12X1.5 LB,Frz,12
20182K,DRIED YELLOW CROAKER (5P),서해 굴비 (5P_개별진공),CS,201,460,90,ASSI,20X30 OZ,Frz,20
20183C,DRIED YELLOW CROAKER,맛 굴비,CS,232,460,90,ASSI,15X2.75 LB,Frz,15
20196D,POLLOCK ROE (CANADA_IQF_15#),동태 알 (IQF_15#),CS,90,690,90,UNBRANDED,15 LB,Frz,15
20199J,CUT POLLOCK (3#),토막 동태 (3#),CS,128,460,90,ASSI,12X3 LB,Frz,12
20200K,BANCHAN SEASONED POLLOCK ROE (10 OZ),반찬 한국명산 명란젓 (10 OZ),CS,188,340,90,ASSI,12X10 OZ,Frz,12
20201K,BANCHAN SEASONED POLLOCK ROE (16 OZ),반찬 한국명산 명란젓 (16 OZ),CS,269,340,90,ASSI,12X16 OZ,Frz,12
20202J,MASAGO (4.4#),마사고 (스시꼬_4.4#),EA,85,640,90,AZUMA,4X4.4 LB,Frz,1
20203K,BANCHAN SEASONED POLLOCK ROE (5 OZ),반찬 한국명산 명란젓 (5 OZ),CS,170,340,90,ASSI,24X5 OZ,Frz,24
20204K,BANCHAN SPICY POLLOCK ROE (5 OZ),반찬 매운맛 명란젓 (5 OZ),CS,203,340,90,ASSI,24X5 OZ,Frz,24
20211K,HALF DRIED ALASKA POLLOCK,명태 코다리,CS,95,460,90,ASSI,20X1.5 LB,Frz,20
20214K,HALF DRIED POLLOCK (CHINA_14X3P),명태 코다리 (14X3P),CS,72,460,90,ASSI,28.7 LB,Frz,28.7
20220K,HALF DRIED POLLOCK,명태 코다리,CS,84,460,90,SEOUL,22X21.86 OZ,Frz,22
20222K,MIXED POLLOCK ROE & COD MILT,명태알 & 대구 곤이,CS,99,460,90,YISSINE,12X10.58 OZ,Frz,12
20225J,MASAGO (4.4#_82102),마사고 (스시꼬_4.4#),EA,62,640,90,AZUMA,6X4.4 LB,Frz,6
20227J,MASAGO (S_SUSHIKO_11788RHE),마사고 (S_스시꼬),CS,78,650,90,HANA,12X4.2 OZ,Frz,12
20231J,MASAGO (L_SUSHIKO_84003 RHE),마사고 (L_스시꼬),CS,249,330,90,HANA,24X1 LB,Frz,24
20232K,POLLOCK FILLET (1#),동태 전감 (1#),CS,59,460,90,ASSI,24X1 LB,Frz,24
20235K,POLLOCK FILLET (CHINA),동태 전감,CS,83,640,90,WILDSEA,4X10 LB,Frz,4
20243K,PUSAN VEGETABLE FISH CAKE,[어묵] 부산 야채 사각 어묵,CS,64,460,90,SANGJOGI,12X1.98 LB,Frz,12
20244K,PUSAN COMBINATION FISH CAKE,[어묵] 부산 종합 어묵,CS,48,460,90,SANGJOGI,12X1.98 LB,Frz,12
20245K,PUSAN BAR TYPE FISH CAKE,[어묵] 부산 대봉 어묵,CS,47,460,90,SANGJOGI,12X1.98 LB,Frz,12
20253K,POLLOCK (RUSSIA_ W/ROE_ WR),알배기 동태(Whole Round),CS,72,460,90,UNBRANDED,47.3 LB,Frz,47.3
20254D,WHOLE RED ABALONE 1LB (CHILE_SASHIMI_9~12/KG),전복 (칠레_사시미용),CS,353,650,90,CAMANCHACA,20X16 OZ,Frz,20
20256K,CLEANED SALTED REX SOLE,손질한 소금구이 가자미,CS,86,460,90,ASSI,20X12 OZ,Frz,20
20258K,LOCOS (CHILE_JEONBOK) ,흰 전복,BX,185,640,90,UNBRANDED,2X11 LB,Frz,11
20266J,BELTFISH (VENEZUEL_700-1000),갈치 (베네수엘라_700-1000),CS,72,650,90,UNBRANDED,22 LB,Frz,22
20267J,BELTFISH (VENEZUELA_1000UP),갈치 (베네수엘라_1000UP),CS,72,640,90,UNBRANDED,22 LB,Frz,22
20270K,YELLOW CROAKER (CHINA_200-300_10#),참조기 (200-300_10#),CS,43,640,90,WILDSEA,10 LB,Frz,10
20271K,YELLOW CROAKER (CHINA_300-400_10#),참조기 (300-400_10#),CS,43,640,90,WILDSEA,10 LB,Frz,10
20272K,YELLOW CROAKER (CHINA_400-500_10#),참조기 (400-500_10#),CS,48,640,90,WILDSEA,10 LB,Frz,10
20275K,YELLOW CROAKER (200-300_3#),참조기 (200-300_3#),CS,167,640,90,WILDSEA,12X3 LB,Frz,12
20276K,YELLOW CROAKER (300-400_3#),[수출 전용] 참조기 (300-400_3#),CS,170,640,90,WILDSEA,12X3 LB,Frz,12
20280K,YELLOW CROAKER (60-80_5#),참조기 (60-80_5#),CS,82,640,90,WILDSEA,6X5 LB,Frz,6
20281K,RICE CAKE (UNSLICED),백미 가래떡,CS,32,280,90,DAWON,12X1.16 LB,Frz,12
20282K,ASSORTED RICE CAKE (UNSLICED),삼색 가래떡,CS,37,280,90,DAWON,12X1.16 LB,Frz,12
20297K,OCTOPUS WHOLE (18-20P),마다꼬 (18-20P),CS,264,640,90,WILDSEA,22 LB,Frz,22
20298K,OCTOPUS WHOLE (8P),마다꼬 (8P),CS,292,640,90,WILDSEA,22 LB,Frz,22
20300K,OCTOPUS LEG,문어다리,CS,184,640,90,WILDSEA,15X10.5 OZ,Frz,15
20303K,CHOCOLATE TIRAMISU CAKE (2P),초코 티라미슈 케익 (2P),CS,29,280,90,SAMLIP,8X4.23 OZ,Frz,8
20304K,FROZEN MR. CHEFS CHEESE CAKE (1PC),미스터 쉐프 치즈케익(1입),CS,38,460,90,SAMLIP,30X3.7 OZ,Frz,30
20307K,BASQUE CHEESE CAKE (2PCS),바스크 치즈케익 (2입),CS,41,280,90,SAMLIP,8X9.52 OZ,Frz,8
20308K,CHOCOLATE MOUSSE CAKE (WHOLE),진한 쵸코무스 케익 (홀 케익),CS,71,280,90,SAMLIP,8X16.93 OZ,Frz,8
20309K,CHOCO MOUSSE CHEESE CAKE (1P),쵸코무스 치즈케익 (1P),CS,28,280,90,SAMLIP,12X2.19 OZ,Frz,12
20310K,NEW YORK CHEESE CAKE (1P),뉴욕 치즈케익 (1P),CS,27,280,90,SAMLIP,12X2.05 OZ,Frz,12
20327K,SILKY ROLL CAKE,실키 롤케익,CS,41,280,90,SAMLIP,9X15.17 OZ,Frz,9
20328K,BLUEBERRY ROLL CAKE,블루베리 롤케익,CS,40,280,90,SAMLIP,9X15.17 OZ,Frz,9
20334K,CRAB FISH BALL,게맛살 볼,CS,42,640,90,ASSI,24X8 OZ,Frz,24
20335K,CUTTLEFISH BALL,오징어볼,CS,44,640,90,ASSI,24X8 OZ,Frz,24
20337K,COMBO FISH BALL,핫팟 콤보볼,CS,46,640,90,ASSI,24X8 OZ,Frz,24
20338K,KING CRAB FISH BALL,킹크랩 맛살볼,CS,41,640,90,ASSI,24X8 OZ,Frz,24
20340K,VEGETABLE FISH CAKE,야채말이 어묵,CS,78,280,90,GORAESA,30X4.58 OZ,Frz,30
20341K,OCTOPUS FISH CAKE,문어말이 어묵,CS,77,280,90,GORAESA,30X4.58 OZ,Frz,30
20342K,SPICY PEPPER FISH CAKE,땡초말이 어묵,CS,78,280,90,GORAESA,30X4.58 OZ,Frz,30
20343K,GLASS NOODLES FISH CAKE,잡채 어묵,CS,98,280,90,GORAESA,30X4.58 OZ,Frz,30
20344K,FRIED FISH CAKE (NOODLES),진 어묵면,CS,60,280,90,PUSAN,8X4.4 LB,Frz,8
20345K,LOBSTER FISH BALL,랍스터볼,CS,43,640,90,ASSI,24X8 OZ,Frz,24
20346K,SHRIMP FISH BALL,새우볼,CS,41,640,90,ASSI,24X8 OZ,Frz,24
20347K,VEGETABLE FISH BALL,야채볼,CS,54,640,90,ASSI,24X8 OZ,Frz,24
20348K,ASSORTED HOT POT FISH BALL,핫팟 종합어묵,CS,79,640,90,ASSI,20X1.1 LB,Frz,20
20349K,ASSORTED HOT POT FISH BALL,핫팟 종합어묵,CS,93,640,90,ASSI,10X2.2 LB,Frz,10
20353J,FERMENTED SOYBEAN (WASABI_ ITETSU_3P),낫또 이테츠 (와사비_3P),CS,19,280,90,AIZAWA,12X4.76 OZ,Frz,12
20364K,SMOKY FLAVORED FISH CAKE,숯불구이 햄,CS,94,460,90,ASSI,20X17.6 OZ,Frz,20
20366K,FISH CAKE FOR GIMBAP,김밥용 햄,CS,93,460,90,ASSI,20X1.1 LB,Frz,20
20367K,FISH CAKE STICK (S),[어묵] 사각 꼬치 어묵 (S),CS,70,460,90,MATSARANG,20X14.1 OZ,Frz,20
20368K,FISH CAKE STICK (L),[어묵] 사각 꼬치 어묵 (L),CS,55,460,90,MATSARANG,8X2.2 LB,Frz,8
20369K,FISH CAKE STICK (BAR_S),[어묵] 꼬치 봉어묵 (S),CS,60,460,90,MATSARANG,20X14.1 OZ,Frz,20
20370K,FISH CAKE STICK (BAR_L),[어묵] 꼬치 봉어묵 (L),CS,58,460,90,MATSARANG,8X2.2 LB,Frz,8
20371J,FRIED FISH CAKE (JAPAN_VEGETABLE_AGE BALL),[어묵] 아게볼 (동그랑  뎀뿌라),CS,98,460,90,UNBRANDED,24.2 LB,Frz,24.2
20378J,FRIED FISH CAKE (JAPAN_ONIONS_ONIONTEN),[어묵] 오니언텐 (양파 뎀뿌라),CS,106,460,90,UNBRANDED,24.2 LB,Frz,24.2
20382J,FRIED FISH CAKE (SUSHITEN),[어묵] 스시텐 (스시 뎀뿌라),CS,107,460,90,UNBRANDED,36X11.2 OZ,Frz,36
20391J,FISH CAKE (RED KAMABOKO),[어묵] 빨간 가마보코,CS,101,460,90,HANA,50X3.88 OZ,Frz,50
20403K,BANCHAN SEASONED POLLOCK TRIPE (16 OZ),반찬 조미 창란젓 (16 OZ),CS,174,280,90,ASSI,12X16 OZ,Frz,12
20404K,BANCHAN SALTED BABY OCTOPUS (16 OZ) ,반찬 꼴뚜기젓 (16 OZ),CS,116,280,90,ASSI,12X16 OZ,Frz,12
20408K,BOILED BABY CLAM (5#),바지락 조개 (5#),CS,47,640,90,WILDSEA,4X5 LB,Frz,4
20411K,BOILED BABY CLAM (1#),바지락 조개 (1#),CS,60,640,90,WILDSEA,20X1 LB,Frz,20
20412K,BOILED BABY CLAM MEAT (2#),바지락살 (2#),CS,91,640,90,ASSI,12X2 LB,Frz,12
20416K,BOILED BABY CLAM MEAT (5#),바지락살 (5#),CS,78,640,90,WILDSEA,4X5 LB,Frz,4
20425K,FISH CAKE,[어묵] 부산 명가 어묵,CS,42,460,90,YISSINE,12X1.54 LB,Frz,12
20426K,VEGETABLE FISH CAKE,[어묵] 부산 명가 야채 어묵,CS,45,460,90,YISSINE,12X1.54 LB,Frz,12
20430K,TOFU FISH CAKE,[어묵] 두부 어묵,CS,47,640,90,ASSI,24X8.4 OZ,Frz,24
20433K,RECTANGULAR FISH CAKE,[어묵] 사각 오뎅,CS,82,460,90,ASSI,22X14 OZ,Frz,22
20434K,COMBO FISH CAKE,[어묵] 종합 어묵 ,CS,96,640,90,ASSI,20X1.1 LB,Frz,20
20435K,ASSORTED ODEN SET W/SOUP BASE,[어묵] 종합 오뎅 세트 W/스프,CS,118,460,90,YISSINE,30X11.1 OZ,Frz,30
20436J,ASSORTED ODEN SET W/SOUP BASE (ODENYASAN),[어묵] 오뎅야상 오뎅 세트 W/스프,CS,98,460,90,HANA,30X9.7 OZ,Frz,30
20439J,ASSORTED ODEN SET W/SOUP BASE,[어묵] 종합 오뎅세트 W/스프,CS,115,460,90,ASASHIO,30X10.5 OZ,Frz,30
20440K,FISH CAKE STICK (MIX),[어묵] 꼬치 어묵 (종합),CS,58,460,90,MATSARANG,20X12.3 OZ,Frz,20
20444K,COMBO FISH CAKE,[어묵] 종합 어묵,CS,62,460,90,MATSARANG,12X1.65 LB,Frz,12
20445K,RECTANGULAR FISH CAKE (S),[어묵] 사각 어묵 (S),CS,64,460,90,MATSARANG,20X14.1 OZ,Frz,20
20446K,RECTANGULAR FISH CAKE (L),[어묵] 사각 어묵 (L),CS,80,460,90,MATSARANG,12X2.2 LB,Frz,12
20447K,FISH CAKE ROLL,[어묵] 말이 어묵,CS,53,460,90,MATSARANG,30X8.8 OZ,Frz,30
20448K,JANGTEO FISH CAKE ROLL,[어묵] 장터 뎀뿌라 (롤),CS,60,460,90,ASSI,28X10.58 OZ,Frz,28
20452K,RECTANGULAR VEGETABLE FISH CAKE,[어묵] 사각 야채 어묵,CS,45,460,90,MATSARANG,20X14.1 OZ,Frz,20
20456K,RECTANGULAR FISH CAKE (KOREA_22#_105P),[어묵] 사각 오뎅 벌크 (105P),CS,92,460,90,ASSI,22 LB,Frz,22
20457K,BUSAN STYLE FISH CAKE,[어묵] 부산 사각어묵,CS,63,460,90,ASSI,12X1.98 LB,Frz,12
20459K,VEGETABLE FISH CAKE ROLL,[어묵] 야채 말이 어묵,CS,54,460,90,MATSARANG,30X8.8 OZ,Frz,30
20460K,RECTANGULAR FISH CAKE (KOREA_22#),[어묵] 부산 사각 생어묵 (22#),CS,37,460,90,ASSI,22 LB,Frz,22
20462K,JANGTEO VEGETABLE FISH CAKE ROLL,[어묵] 장터 야채 뎀뿌라 (롤),CS,52,460,90,ASSI,28X10.58 OZ,Frz,28
20464D,BELLFLOWER ROOT,생도라지,CS,155,640,90,ASSI,24X12 OZ,Frz,24
20465K,RECTANGULAR FISH CAKE (CHINA_20#_104P),[어묵] 사각 어묵 (20#_104P),CS,74,460,90,MATSARANG,20 LB,Frz,20
20469K,FISH CAKE (VEGETABLE SQUARE),[어묵] 안심유 야채사각 어묵 ,CS,66,650,90,DONGWON,20X2X7.94 OZ,Frz,20
20470K,FISH CAKE (THIN SQUARE),[어묵] 바른어묵 얇은사각,CS,32,650,90,DONGWON,10X2X7.05OZ,Frz,10
20475K,BANCHAN SEASONED SQUID (16 OZ),반찬 오징어젓 (16 OZ),CS,104,280,90,ASSI,12X16 OZ,Frz,12
20479K,BANCHAN SEASONED SMALL OCTOPUS (8#),반찬 낙지젓 (8#),CS,180,280,90,ASSI,2X8 LB,Frz,2
20480K,BANCHAN MUSTARD KIMCHI (YEOSOO),반찬 여수 돌산 갓 김치,CS,86,280,90,NAMDO,10X2.2 LB,Frz,10
20481K,BANCHAN GODEULBBAGI KIMCHI,반찬 고들빼기 김치,CS,119,280,90,NAMDO,10X2.2 LB,Frz,10
20483K,BANCHAN SEASONED POLLOCK TRIPE (8#),반찬 조미 창란젓 (8#),CS,187,280,90,ASSI,2X8 LB,Frz,2
20485K,BANCHAN SEASONED PERILLA LEAF (8#),반찬 양념 깻잎 (8#),CS,150,280,90,ASSI,2X8 LB,Frz,2
20486K,BANCHAN SEASONED GREEN PEPPER (8#),반찬 양념 풋고추 (8#),CS,109,280,90,ASSI,2X8 LB,Frz,2
20487K,BANCHAN SEASONED GARLIC (8#),반찬 양념 마늘쫑 (8#),CS,106,280,90,ASSI,2X8 LB,Frz,2
20490K,BANCHAN SEASONED SQUID (8#),반찬 오징어젓 (8#),CS,107,280,90,ASSI,2X8 LB,Frz,2
20491J,FISH CAKE (CHIKUWA YAKI_5P),[어묵] 치꾸와 야끼 (군 대롱 어묵_5P),BX,27,460,90,ASASHIO,2X30X4.4 OZ,Frz,30
20495K,CHEWY COLD NOODLES (JJOLMYEON),쫄면,CS,38,640,90,SONGHAK,10X2.2 LB,Frz,10
20497K,CHEWY COLD NOODLES (JJOLMYEON),쫄면,CS,41,640,90,HONGGANE,10X4.4 LB,Frz,10
20498K,SEASONED FIVE VEGETABLES (8#),오복채 (8#),CS,0,680,90,ASSI,2X8 LB,Frz,2
20501K,NAENGMYEON (PYEONGYANG_4.4#),평양식 순메밀 냉면 (4.4#),CS,41,640,90,ASSI,6X4.4 LB,Frz,6
20514K,CHUNCHEON STYLE BUCKWHEAT COLD NOODLES,춘천 막국수 사리,CS,39,640,90,SONGHAK,6X4.4 LB,Frz,6
20515K,NAENGMYEON (PYEONGYANG_4.4#),평양식 냉면 (4.4#),CS,35,640,90,SONGHAK,6X4.4 LB,Frz,6
20520K,VEGETABLE DUMPLING FOR PAN-FRY (3.31#),군만두 (3.31#),CS,42,460,90,ASSI,6X3.31 LB,Frz,6
20523D,DUMPLING WRAPPER (ROUND),교자 스킨 (만두피),CS,25,240,60,NANKA,12X10 OZ,Frz,12
20525D,DUMPLING WRAPPER (SQUARE),완탕 스킨 (사각 만두피),CS,24,240,60,NANKA,12X12 OZ,Frz,12
20529D,LUMPIA WRAPPER (BLUE),룸피아 래퍼 (BLUE),CS,68,640,90,SIMEX,16X13 OZ,Frz,16
20530D,EGG ROLL WRAPPER,에그롤 스킨,CS,24,240,60,NANKA,6X24 OZ,Frz,6
20535D,SPRING ROLL SHELLS (25 PC),스프링롤 래퍼 (25 PC),CS,62,330,90,WEICHUAN,40X11 OZ,Frz,40
20537D,LUMPIA WRAPPER (RED),룸피아 래퍼 (RED),CS,117,100,30,SIMEX,30X21 OZ,Frz,30
20538D,DUMPLING WRAPPER,만두피,CS,55,240,60,YISSINE,24X14 OZ,Frz,24
20539K,DUMPLING WRAPPER,찹쌀 왕만두피,CS,34,460,90,ASSI,18X12.69 OZ,Frz,18
20540K,NAENGMYEON (PYEONGYANG_ 4.4#),평양 냉면 (4.4#),CS,44,640,90,YISSINE,10X4.4 LB,Frz,10
20541K,NAENGMYEON (ARROWROOT_ 4.4#),칡 냉면 (4.4#),CS,53,280,90,YISSINE,10X4.4 LB,Frz,10
20542J,JAPANESE STYLE SHRIMP DUMPLING(EBI_51119),슈마이 (새우),CS,86,330,90,AJINOMOTO,20X7.9 OZ,Frz,20
20550K,HOYHOY HONEY PANCAKE,호이호이 호떡,CS,25,460,90,ASSI,10X8X2.29 OZ,Frz,10
20551K,BEEF FLAVORED HANDMADE DUMPLING,고기 손만두,CS,48,460,90,YISSINE,6X2.86 LB,Frz,6
20552K,KIMCHI HANDMADE DUMPLING,김치 손만두,CS,47,460,90,YISSINE,6X2.86 LB,Frz,6
20553K,VEGETABLE HANDMADE DUMPLING,야채 손만두,CS,42,460,90,YISSINE,6X2.86 LB,Frz,6
20554K,VEGETABLE DUMPLINGS,야채 만두,CS,50,460,90,ASSI,12X23.8 OZ,Frz,12
20555K,VEGETABLE DUMPLINGS,알찬 만두,CS,45,460,90,ASSI,12X23.8 OZ,Frz,12
20556K,VEGETABLE DUMPLINGS (SAEDAEK),새댁 만두,CS,46,460,90,ASSI,12X23.8 OZ,Frz,12
20557K,VEGETABLE HANDMADE DUMPLING W/LEEK,부추 손만두,CS,46,460,90,YISSINE,6X2.86 LB,Frz,6
20558K,VEGETABLE DUMPLING W/LEEK,부추 만두,CS,49,460,90,ASSI,12X23.8 OZ,Frz,12
20560K,STEAMED BUN (RED BEAN),단팥 호빵,CS,0,460,90,ASSI,25X3 PC,Frz,25
20562K,STEAMED BUN (VEGETABLE),야채 호빵,CS,48,460,90,ASSI,25X3 PC,Frz,25
20563K,HOPANG (RED BEAN_ 5P),단팥 호빵 (5P),CS,38,460,90,SAMLIP,12X15.87 OZ,Frz,12
20565K,STEAMED BUN (MUGWORT),쑥 호빵,CS,42,460,90,ASSI,25X3 PC,Frz,25
20566K,SWEET RED BEAN BUN (BUNGEOBBANG),추억애 붕어빵 (5P),CS,69,640,90,ASSI,24X15.8 OZ,Frz,24
20567K,STEAMED RICE BUN (RED BEAN),단팥 쌀호빵,CS,33,460,90,ASSI,12X15.8 OZ,Frz,12
20571D,PORK DUMPLINGS,돼지고기 만두,CS,119,510,90,ASSI,20X1.25 LB,Frz,20
20572K,SPICY VEGETABLE POTSTICKERS,매운 야채 군만두,CS,62,460,90,ASSI,8X2.64 LB,Frz,8
20573D,BEEF DUMPLINGS,소고기 만두,CS,122,510,90,ASSI,16X1.5 LB,Frz,16
20574D,PORK POTSTICKERS,고기 군만두,CS,70,510,90,ASSI,10X1.5 LB,Frz,10
20575D,PORK WONTONS,고기 물만두,CS,74,510,90,ASSI,14X1 LB,Frz,14
20580D,BEEF DUMPLINGS,소고기 만두,CS,121,510,90,ASSI,9X3 LB,Frz,9
20581K,VEGETABLE DUMPLING W/POTATO WRAPPER,감자 찐만두 (감자피),CS,57,460,90,YISSINE,12X1.54 LB,Frz,12
20582K,CRISPY VEGETABLE POTSTICKERS,네모 철판 군만두,CS,62,460,90,ASSI,12X28.5 OZ,Frz,12
20584K,JAPCHAE DUMPLINGS,잡채 만두,CS,46,460,90,ASSI,12X23.8 OZ,Frz,12
20585K,SPICY JAPCHAE DUMPLINGS,고추잡채 만두,CS,46,460,90,ASSI,12X23.8 OZ,Frz,12
20586K,SHRIMP WONTONS,새우 물만두,CS,63,460,90,ASSI,10X21.16 OZ,Frz,10
20587K,KIMCHI DUMPLING,김치 만두,CS,51,460,90,ASSI,12X23.8 OZ,Frz,12
20598K,VEGETABLE POTSTICKERS,군만두,CS,48,460,90,ASSI,10X2.2 LB,Frz,10
20601J,SWEET RICE CAKE (GREEN),다이후꾸모찌 (녹색),CS,0,20,999,HANA,20X8.8 OZ,Frz,20
20602J,SWEET RICE CAKE (WHITE),다이후꾸모찌 (흰색),CS,0,20,999,HANA,20X8.8 OZ,Frz,20
20603J,SWEET RICE CAKE (RED/WHITE),다이후꾸모찌 (빨간색/흰색),CS,0,20,999,HANA,20X8.8 OZ,Frz,20
20605D,DAIDO SWEET RICE CAKE (MOCHI_6P),대도 모찌 (6P),CS,84,690,90,SAKURAYA,20X6 PC,Frz,20
20610J,SWEET RICE CAKE  (DANGO_10P),산쇼쿠 당고 (삼색 경단_10P),CS,46,280,90,HANA,20X7.7 OZ,Frz,20
20623D,WONTON WRAPPER (SH),완탕 래퍼 (상해),CS,115,150,30,TWINMARQUIS,45X16 OZ,Frz,45
20624D,DUMPLING WRAPPER (SH),덤플링 래퍼 (상해),CS,116,150,30,TWINMARQUIS,45X16 OZ,Frz,45
20625D,DUMPLING WRAPPER (HK),덤플링 래퍼 (홍콩),CS,111,150,30,TWINMARQUIS,45X16 OZ,Frz,45
20626D,DUMPLING WRAPPER (NORTHERN),덤플링 래퍼 (북방),CS,111,150,30,TWINMARQUIS,45X16 OZ,Frz,45
20627D,WONTON WRAPPER (HK STYLE),완탕 래퍼 (홍콩스타일),CS,111,330,90,TWINMARQUIS,45X16 OZ,Frz,45
20629D,LO MEIN NOODLES,로메인 누들,CS,54,150,30,TWINMARQUIS,20X16 OZ,Frz,20
20630D,PORK SAUSAGE LINK (1.5#),병천 순대 (1.5#),CS,176,335,90,YISSINE,15X1.5 LB,Frz,15
20635D,TWIST CRULLER,트위스트 크럴러,CS,78,330,90,TWINMARQUIS,20X8 OZ,Frz,20
20641D,ROLL CAKE,롤케익,CS,88,330,90,ASSI,12X10 OZ,Frz,12
20642D,KOREAN CAKE (BARAM DDEOK),바람떡,CS,98,330,90,ASSI,25X8 OZ,Frz,25
20644D,KOREAN CAKE (HODO GWAJA),호도과자,CS,82,330,90,ASSI,24X8 OZ,Frz,24
20649D,KOREAN CAKE (GYEONGDAN),경단,CS,99,330,90,ASSI,25X8 OZ,Frz,25
20650D,KOREAN CAKE (INJEOLMI),인절미,CS,92,330,90,ASSI,24X8 OZ,Frz,24
20651K,KOREAN TRADITIONAL COOKIE (YAKGWA),궁중 약과 (10P),CS,52,280,90,ASSI,24X10.5 OZ,Frz,24
20653D,MOCHI (MIX),종합 모찌,CS,88,330,90,ASSI,24X8 OZ,Frz,24
20657D,SWEET RICE CAKE (SONGPYEON),추억애 송편,CS,94,150,30,ASSI,12X2.2 LB,Frz,12
20658K,SWEET RICE PANCAKE,손으로 만든 찹쌀 호떡,CS,61,460,90,ASSI,20X10.58 OZ,Frz,20
20663D,B.B.Q. PORK BAO,바베큐 돼지고기 만두,CS,73,330,90,OTASTY,10X24 OZ,Frz,10
20664D,VEGETABLE PORK BAO,돼지고기 야채 만두,CS,73,330,90,OTASTY,10X24 OZ,Frz,10
20665D,CHICKEN VEGETABLE BAO,치킨 야채 만두,CS,73,330,90,OTASTY,10X24 OZ,Frz,10
20668K,VEGETABLE DUMPLING,야채 만두,CS,43,460,90,SAMLIP,12X23.8 OZ,Frz,12
20669K,VEGETABLE DUMPLING W/LEEK,부추 만두,CS,52,460,90,SAMLIP,12X23.8 OZ,Frz,12
20670K,KIMCHI DUMPLING,김치 만두,CS,44,460,90,SAMLIP,12X23.8 OZ,Frz,12
20671K,SPICY VERMICELLI DUMPLING,고추 잡채 만두,CS,44,460,90,SAMLIP,12X23.8 OZ,Frz,12
20679K,NAENGMYEON (ARROWROOT_4.4#),칡 냉면 (4.4#),CS,35,640,90,SONGHAK,6X4.4 LB,Frz,6
20683D,PORK  & VEGETABLE DUMPLINGS,돼지고기 만두,CS,62,330,90,OTASTY,12X20 OZ,Frz,12
20684D,VEGETABLE PORK DUMPLING W/BLACK MUSHROOM,버섯 돼지고기 만두,CS,66,330,90,OTASTY,12X20 OZ,Frz,12
20686D,VEGETABLE CHICKEN DUMPLING,치킨 만두,CS,69,330,90,OTASTY,12X20 OZ,Frz,12
20687D,JUMBO PORK & VEGETABLE DUMPLING,점보 돼지고기 만두,CS,63,330,90,OTASTY,12X20 OZ,Frz,12
20688D,JUMBO VEGETABLE & CHICKEN DUMPLING,점보 치킨 만두,CS,70,330,90,OTASTY,12X20 OZ,Frz,12
20689D,VEGETABLE & PORK POTSTICKER,돼지고기 만두,CS,70,330,90,OTASTY,8X2 LB,Frz,8
20709D,VEGETABLE & CHICKEN POTSTICKER,치킨 만두,CS,60,330,90,OTASTY,8X2 LB,Frz,8
20712K,STYELA (1.1#),미더덕 (1.1#),CS,189,460,90,SEOUL,20X1.1 LB,Frz,20
20713K,STYELA (8 OZ),미더덕 (8 OZ),CS,95,460,90,SEOUL,24X8 OZ,Frz,24
20721K,COOKED WHITE CLAM (14 OZ),백합조개탕 (14 OZ),CS,83,640,90,ASSI,24X14 OZ,Frz,24
20722K,BOILED BABY CLAM MEAT (12 OZ),바지락살 (12 OZ),CS,90,460,90,ASSI,24X12 OZ,Frz,24
20725K,OCTOPUS CUT,스시 다꼬 (스시용 문어_20P),CS,205,640,90,WILDSEA,24X5.65 OZ,Frz,24
20732K,ARROW SQUID W/TENTACLE,깐 오징어 (한치_다리포함),CS,140,640,90,ASSI,30X12 OZ,Frz,30
20733K,CUTTLEFISH W/TENTACLE,갑오징어 (다리포함),CS,94,640,90,ASSI,20X12 OZ,Frz,20
20735D,CLEANED SQUID TUBE,깐 오징어 튜브,CS,110,640,90,UNBRANDED,22 LB,Frz,22
20737K,COOKED VEGETABLE DUMPLING (JUMBO),발효 왕 만두,CS,91,640,90,YISSINE,8X3.08 LB,Frz,8
20740K,SQUID CUT (20P),스시 이까 (스시용 오징어_20P),CS,115,640,90,WILDSEA,24X5.65 OZ,Frz,24
20745C,SQUID STIR-FRY (12 OZ),오징어 볶음 (12 OZ),CS,160,460,90,ASSI,24X12 OZ,Frz,24
20746C,SQUID STIR-FRY (2#),오징어 볶음 (2#),CS,219,640,90,ASSI,15X2 LB,Frz,15
20747C,SQUID RING (12 OZ),오징어 링 (12 OZ),CS,140,460,90,WILDSEA,24X12 OZ,Frz,24
20748C,SQUID RING (2#),오징어 링 (2#),CS,214,460,90,WILDSEA,15X2 LB,Frz,15
20749K,CASTELLA CREAM CAKE,아시나요 카스테라 크림빵,CS,33,460,90,SAMLIP,30X3.35 OZ,Frz,30
20750K,EGG CASTELLA,에그 카스테라,CS,38,460,90,SAMLIP,21X3.35 OZ,Frz,21
20751K,BLACK SUGAR SOBORO BREAD,흑당 소보루빵,CS,39,460,90,SAMLIP,36X3.52 OZ,Frz,36
20756K,HONEY STUFFED SWEET CORN PANCAKE,옥수수 꿀 호떡,CS,36,460,90,SAMLIP,12X12.06 OZ,Frz,12
20757K,HOTTEOK (HONEY STUFFED PANCAKE),삼립호떡 (꿀호떡),CS,29,460,90,SAMLIP,10X18 OZ,Frz,10
20758K,HOPANG (RED BEAN),단팥 호빵,CS,28,460,90,SAMLIP,18X9 OZ,Frz,18
20759K,HOPANG (VEGETABLE),야채 호빵,CS,31,460,90,SAMLIP,18X9 OZ,Frz,18
20766K,SEAFOOD MINI PANCAKE,해물 동그랑땡,CS,0,500,90,ASSI,20X14.1 OZ,Frz,20
20768K,CRISPY SEAWEED ROLLS (ORIGINAL),김말이 튀김 (오리지날),CS,55,460,90,ASSI,16X1.1 LB,Frz,16
20769K,SPICY CRISPY SEAWEED ROLLS,김말이 튀김 (매운맛),CS,64,460,90,ASSI,16X1.1 LB,Frz,16
20770K,POLLACK ROE DUMPLINGS,왕교자 명란만두,CS,67,460,90,ASSI,10X23.45 OZ,Frz,10
20771V,ROUND SCAD (5P_90G/PC),전갱이 (5P_90G/PC),CS,88,640,90,VIETWAY,24X1 LB,Frz,24
20772V,ROUND SCAD (VIETNAM_22#_200G/PC),전갱이 (월남_22#_200G/PC),CS,69,640,90,VIETWAY,22 LB,Frz,22
20774K,SMALL OCTOPUS DUMPLINGS,왕교자 낙지만두,CS,80,460,90,ASSI,12X23.28 OZ,Frz,12
20775K,SPICY BABY OCTOPUS DUMPLINGS,왕교자 쭈꾸미만두,CS,73,460,90,ASSI,12X23.28 OZ,Frz,12
20776K,HOT & SPICY VEGETABLE DUMPLING (NO MSG),매운 야채 만두 (NO MSG),CS,48,460,90,YISSINE,12X1.48 LB,Frz,12
20777K,VEGETABLE DUMPLING (NO MSG),야채 만두 (NO MSG),CS,43,460,90,YISSINE,12X1.48 LB,Frz,12
20778K,VEGETABLE DUMPLING (KIMCHI_NO MSG),김치 만두 (NO MSG),CS,46,460,90,YISSINE,12X1.48 LB,Frz,12
20784D,BEEF PHO BROTH CONCENTRATE (PHO BO),월남 쌀국수용 육수 (소고기),CS,90,690,90,MAMALASKITCHEN,10X1.56 LB,Frz,10
20785D,CHICKEN PHO BROTH CONCENTRATE (PHO GA),월남 쌀국수용 육수 (치킨),CS,90,690,90,MAMALASKITCHEN,10X1.56 LB,Frz,10
20786D,SPICY PHO BROTH CONCENTRATE,월남 쌀국수용 육수 (매운맛),CS,104,690,90,MAMALASKITCHEN,10X1.56 LB,Frz,10
20789K,SPICY COLD NOODLE BROTH,매콤새콤 냉육수,CS,46,460,90,ASSI,30X10.14 OZ,Frz,30
20790K,KING SIZE JJAJANG FLAVOR DUMPLINGS,왕교자 짜장 만두,CS,54,520,90,ASSI,10X1.46 LB,Frz,10
20791K,KING SIZE JJAMPPONG FLAVOR DUMPLINGS,왕교자 짬뽕 만두,CS,49,520,90,ASSI,10X1.46 LB,Frz,10
20792K,KING SIZE MARA FLAVOR DUMPLINGS,왕교자 마라 만두,CS,65,520,90,ASSI,10X1.46 LB,Frz,10
20793K,KING SIZE YUSANSEUL FLAVOR DUMPLINGS,왕교자 유산슬 만두,CS,51,520,90,ASSI,10X1.46 LB,Frz,10
20794K,GLASS NOODLES DUMPLINGS,납작 당면 야끼만두,CS,42,520,90,ASSI,6X3.09 LB,Frz,6
20797K,STEAMED RICE CAKE W/SESAME (WHITE),송편,CS,51,280,90,YISSINE,8X24.69 OZ,Frz,8
20798K,STEAMED RICE CAKE W/SESAME (GREEN),쑥송편,CS,50,280,90,YISSINE,8X24.69 OZ,Frz,8
20800D,BEEF TENDON MEAT BALL,소고기 탠던 밋볼,CS,141,330,90,VENUS,20X12 OZ,Frz,20
20801D,REGULAR SAUSAGE,쏘세지,CS,232,330,90,VENUS,40X12 OZ,Frz,40
20802D,SWEET SAUSAGE,스위트 쏘세지,CS,247,330,90,VENUS,40X12 OZ,Frz,40
20805D,CUTTLEFISH BALL,오징어 볼,CS,108,330,90,VENUS,30X8 OZ,Frz,30
20806D,FISH BALL,피쉬 볼,CS,94,330,90,VENUS,30X8 OZ,Frz,30
20808D,SHRIMP BALL,새우 볼,CS,95,330,90,VENUS,30X8 OZ,Frz,30
20809D,PORK MEAT BALL,돼지고기 밋볼,CS,117,330,90,VENUS,30X8 OZ,Frz,30
20810D,BEEF MEAT BALL,소고기 밋볼,CS,141,330,90,VENUS,30X8 OZ,Frz,30
20811D,GOLDEN POMPANO  (CHINA_600-800_40#),골든 팜파노 (600-800_40#),CS,141,640,90,WILDSEA,40 LB,Frz,40
20812D,GOLDEN POMPANO (500-700),골든 팜파노 (500-700),CS,101,650,90,WILDSEA,40 LB,Frz,40
20814D,GOLDEN POMPANO (CHINA_800UP_40#),골든 팜파노 (800UP_40#),CS,186,640,90,WILDSEA,40 LB,Frz,40
20815D,GOLDEN POMPANO (CHINA_1_000 UP_40#),골든 팜파노 (1_000 UP_40#),CS,171,640,90,WILDSEA,40 LB,Frz,40
20817D,SWAI FILLET (VIETNAM_9UP_24P),스와이 필렛 (9UP_24P),CS,64,640,90,WILDSEA,15 LB,Frz,15
20824D,TILAPIA (CHINA_WR_750UP_40#),틸라피아 (WR_750UP_40#),CS,100,640,90,UNBRANDED,40 LB,Frz,40
20825D,CLEANED TILAPIA (CHINA_WR_750UP_40#),손질한 틸라피아 (WR_750UP_40#),CS,96,640,90,UNBRANDED,40 LB,Frz,40
20827D,MILKFISH (TAIWAN_WR_800UP),밀크 피쉬 (800UP),CS,143,640,90,UNBRANDED,40 LB,Frz,40
20831D,GOLDEN POMPANO  (CHINA_600-800_40#),골든 팜파노 (600-800_40#),CS,128,640,90,WILDSEA,40 LB,Frz,40
20839C,TILAPIA FILLET (9-11 OZ_IVP),틸라피아 필렛 (9-11 OZ_IVP),CS,30,640,90,UNBRANDED,10 LB,Frz,10
20846K,RED BEAN CREAM BREAD,단팥 크림빵,CS,39,460,90,SAMLIP,36X4.05 OZ,Frz,36
20847K,FULL MOON CAKE (3P),보름달 빵 (3P),CS,35,460,90,SAMLIP,12X6.66 OZ,Frz,12
20852K,CHEESE CAKE ORIGINAL,소프트 치즈 케익 오리지널,CS,22,460,90,SAMLIP,30X1.76 OZ,Frz,30
20856K,SOFT CAKE W/ CHEESE (10P),소프트 치즈 케익 미니 (10P),CS,33,460,90,SAMLIP,8X14.1 OZ,Frz,8
20858K,CUSTARD SOBORO BREAD,카스타드 소보루 빵,CS,39,460,90,SAMLIP,36X4.58 OZ,Frz,36
20859K,CHOUX BREAD,슈크림 빵,CS,38,460,90,SAMLIP,36X3.17 OZ,Frz,36
20861K,CUSTARD RED BEAN BREAD,카스타드 단팥빵,CS,36,460,90,SAMLIP,36X3.7 OZ,Frz,36
20864K,FROZEN ROLL CAKE (COLD BREW FLAVOR),콜드브루 롤케익,CS,56,460,90,SAMLIP,9X7.93 OZ,Frz,9
20865K,FROZEN MINI SOFT POUND CAKE,미니 파운드 케익,CS,32,460,90,SAMLIP,6X12.69 OZ,Frz,6
20869K,SEOLEIM COOKIE & CREAM (POUCH_5P),설레임 쿠키 & 크림 (파우치_5P),CS,25,640,90,LOTTE,4X5X5.41 OZ,Frz,4
20870K,FROZEN SWEET RICE CAKE (MOCHI_ 1P),대박 찹쌀떡,CS,36,460,90,SAMLIP,36X3.52 OZ,Frz,36
20872K,FROZEN POTATO BREAD,제주 못난이 감자빵,CS,59,460,90,UNBRANDED,10X8.99 OZ,Frz,10
20873K,FROZEN SWEET POTATO BREAD,제주 못난이 고구마빵,CS,62,460,90,UNBRANDED,10X8.99 OZ,Frz,10
20875K,CRAB STICK (S_IMITATION),게맛살 큰잔치 (S),CS,38,460,90,DAERIM,20X10.5 OZ,Frz,20
20876K,CRAB STICK (L_IMITATION),게맛살 큰잔치 (L),CS,30,460,90,DAERIM,10X1.1 LB,Frz,10
20877K,HOI HOI HONEY SWEET BUN (8P),호이호이 꿀호떡,CS,23,460,90,SAMLIP,10X8X2.29,Frz,10
20879K,REAL CRABS (THE KING-LOBSTER FLAVOR),리얼랍스터 더킹 ,CS,53,650,90,DONGWON,10X2X4.94 OZ ,Frz,10
20881K,"CRAB STICK (8""_IMITATION)","게맛살 (8"")",CS,106,640,90,ASSI,18X2.2 LB,Frz,18
20882K,"CRAB STICK (8""_IMITATION)","게맛살 (8"")",CS,93,460,90,ASSI,8X5 LB,Frz,8
20884K,"CRAB STICK (5""_IMITATION)","게맛살 (5"")",CS,91,460,90,ASSI,8X5 LB,Frz,8
20890J,CRAB STICK (IMITATION),게맛살,CS,124,280,90,OSAKI,20X1.1 LB,Frz,20
20891J,CRAB STICK (IMITATION),게맛살,CS,70,640,90,KABUTO,20X1.1 LB,Frz,20
20892K,MANGO ICE BAR (8P),망고바 (8P),CS,51,650,90,ASSI,8X21.6 OZ,Frz,8
20897K,COCONUT ICE BAR (8P),코코넛바 (8P),CS,61,640,90,ASSI,12X8X2.7 OZ,Frz,12
20899K,STRAWBERRY ICE BAR (8P),딸기바 (8P),CS,59,640,90,ASSI,12X8X2.7 OZ,Frz,12
20901J,MONAKA ICE CAKE (GREEN TEA),맛차 모나카 아이스 케익,CS,32,640,90,IMURAYA,18X5.07 OZ,Frz,18
20904K,BANANA ICE BAR (8P),바나나바 (8P),CS,63,640,90,ASSI,12X8X2.7 OZ,Frz,12
20905K,MELON ICE BAR (8P),메론바 (8P),CS,55,640,90,ASSI,12X8X2.7 OZ,Frz,12
20906K,COFFEE ICE BAR (5P),더위사냥 (5P),CS,28,640,90,BINGGRAE,6X5X5.1 OZ,Frz,6
20908K,RED BEAN ICE BAR (BIBIBIG_8P),비비빅 (8P),CS,41,640,90,BINGGRAE,8X8X2.37 OZ,Frz,8
20910K,MELONA (MELON),메로나 (멜론맛),CS,29,690,90,BINGGRAE,8X8X2.37 OZ,Frz,8
20911K,RED BEAN ICE SANDWICH (4P),참붕어 싸만코 (4P),CS,29,640,90,BINGGRAE,6X4X5.1 OZ,Frz,6
20912K,MELONA (BANANA),메로나 (바나나맛),CS,29,690,90,BINGGRAE,8X8X2.37 OZ,Frz,8
20914K,MELONA (STRAWBERRY),메로나 (딸기맛),CS,29,690,90,BINGGRAE,8X8X2.37 OZ,Frz,8
20915K,MELONA (MANGO),메로나 (망고맛),CS,29,690,90,BINGGRAE,8X8X2.37 OZ,Frz,8
20919K,MELONA (COCONUT),메로나 (코코넛맛),CS,29,690,90,BINGGRAE,8X8X2.37 OZ,Frz,8
20923K,RED BEAN BREAD (3P),단팥빵 (3P),CS,28,460,90,SAMLIP,12X8.46 OZ,Frz,12
20926K,CREAM BREAD (3P),크림빵 (3P),CS,31,460,90,SAMLIP,12X8.4 OZ,Frz,12
20927K,SWEET PUMPKIN RICE RED BEAN BUN,단호박 찐빵,CS,0,500,90,ANHEUNG,15X1.1 LB,Frz,15
20929N,STEAMED BUN (RED BEAN),할매 쌀찐빵,CS,0,500,90,ANHEUNG,15X1.1 LB,Frz,15
20932K,POWER CAP POPSICLE (SODA FLAVOR_6P),뽕따 소다 (6P),CS,20,640,90,BINGGRAE,4X6X4.4 OZ,Frz,4
20935K,RED BEAN FLAVORED ICE BAR (6P),아맛나 (6P),CS,29,640,90,LOTTE,6X6X2.36 OZ,Frz,6
20937K,PAPICO CHOCO POPSICLE (6P),빠삐코 (6P),CS,22,640,90,LOTTESAMKANG,4X6X4.94 OZ,Frz,4
20942K,SNOW ICE COFFEE SHAKE (5P),설레임 커피 쉐이크 (5P),CS,27,640,90,LOTTE,4X5X5.41 OZ,Frz,4
20947K,SNOW ICE MILK SHAKE (5P),설레임 밀크 쉐이크 (5P),CS,30,640,90,LOTTE,4X5X5.41 OZ,Frz,4
20951K,CRISPY CRUNCH ICE BAR (6P),돼지바 (6P),CS,30,640,90,LOTTESAMKANG,6X6X2.37 OZ,Frz,6
20962K,FRZ RED BEAN CAKE WITH MOCHI (5P),국화빵 (5P),CS,35,640,90,LOTTE,6X5X5.07 OZ,Frz,6
20971K,SWEET CORN ICE CREAM SANDWICH (5P),명가 찰옥수수 (5P),CS,49,640,90,LOTTE,6X5X4.73 OZ,Frz,6
20974K,CIDER YOGURT FLAVORED ICE BAR (6P),보석바 (6P),CS,28,640,90,LOTTESAMKANG,6X6X2.70 OZ,Frz,6
20979K,GREEK YOGURT ICE BAR (6P),그릭 요거트 아이스바 (6P),CS,32,640,90,LOTTESAMKANG,6X6X2.8 OZ,Frz,6
20981K,JAWS BAR (6P),죠스바 (6P),CS,30,640,90,LOTTE,6X6X3.04 OZ,Frz,6
20982K,SCREW BAR (6P),스크류바 (6P),CS,34,640,90,LOTTE,6X6X3.04 OZ,Frz,6
20984K,GOOGOO ICE CONE (5P),구구콘 (5P),CS,30,640,90,LOTTESAMKANG,4X5X5.24 OZ,Frz,4
20989K,CHINESE STYLE ROLL BUN (HWAGWON),꽃빵 (화권),CS,0,500,90,SEMI,20X18.6 OZ,Frz,20
20990K,RED BEAN BREAD (1P),단팥빵 (1P),CS,30,460,90,SAMLIP,40X2.64 OZ,Frz,40
20991K,CREAM BREAD (1P),크림빵 (1P),CS,24,460,90,SAMLIP,36X2.46 OZ,Frz,36
20993D,MOCHI ICE CREAM (RED BEAN),단팥 모찌 아이스크림,CS,45,330,90,SWEETY,12X8.4 OZ,Frz,12
20994D,MOCHI ICE CREAM (MANGO),망고 모찌 아이스크림,CS,44,330,90,SWEETY,12X8.4 OZ,Frz,12
20995D,MOCHI ICE CREAM (GREEN TEA),녹차 모찌 아이스크림,CS,45,330,90,SWEETY,12X8.4 OZ,Frz,12
20996D,MOCHI ICE CREAM (VANILLA),바닐라 모찌 아이스크림,CS,44,330,90,SWEETY,12X8.4 OZ,Frz,12
20997D,MOCHI ICE CREAM (STRAWBERRY),딸기 모찌 아이스크림,CS,44,330,90,SWEETY,12X8.4 OZ,Frz,12
20998D,SWEET RICE FLOUR,찹쌀떡가루,CS,108,330,90,ASSI,20X2 LB,Frz,20
20999D,RICE FLOUR,쌀떡가루,CS,97,330,90,ASSI,20X2 LB,Frz,20
21001D,MOCHI ICE CREAM (COFFEE),커피 모찌 아이스크림,CS,45,330,90,SWEETY,12X8.4 OZ,Frz,12
21016K,PANGTOA ICE CREAM SANDWICH (4P),빵또아 (4P),CS,35,640,90,BINGGRAE,6X4X5.1 OZ,Frz,6
21037K,POWER CAP POPSICLE (WATERMELON_6P),뽕따 수박 (6P),CS,23,640,90,BINGGRAE,4X6X4.4 OZ,Frz,4
21043J,SUPER BIKURI SOFT ICE CREAM,수퍼 비쿠리 소프트 아이스크림,CS,33,640,90,TOYO,16X6.76 OZ,Frz,16
21044J,SUPER BIKURI SOFT ICE CREAM W/CHOCO,수퍼 비쿠리 소프트 아이스크림 W/초코,CS,35,640,90,TOYO,16X6.76 OZ,Frz,16
21058K,INJELMI ICE DESSERT,인절미 빙수,CS,31,640,90,LAVELEE,12X9.46 OZ,Frz,12
21059K,RED MELON ICE DESSERT,레드멜론 빙수,CS,31,640,90,LAVELEE,12X9.46 OZ,Frz,12
21060K,WATERMELON ICE DESSERT,수박 빙수,CS,32,640,90,LAVELEE,12X9.46 OZ,Frz,12
21061K,SAMANCO (GREEN TEA_ 4P),녹차 싸만코 (4P),CS,28,640,90,BINGGRAE,6X4X5.1 OZ,Frz,6
21062K,SAMANCO (CHOCOLATE_ 4P),초코 싸만코 (4P),CS,29,640,90,BINGGRAE,6X4X5.1 OZ,Frz,6
21063K,SAMANCO (STRAWBERRY_ 4P),딸기 싸만코 (4P),CS,29,640,90,BINGGRAE,6X4X5.1 OZ,Frz,6
21067K,GREEN TEA ICE BAR (BIBIBIG_ 8P),비비빅 녹차맛 (8P),CS,45,640,90,BINGGRAE,8X8X2.37 OZ,Frz,8
21079K,MILKIS ICE SHERBET TUBE (6P),밀키스 튜브 (6P),CS,21,640,90,LOTTE,4X6X4.4 OZ,Frz,4
21080K,ICE YOGURT (5P),아이스 요구르트 (5P),CS,35,640,90,LOTTE,4X5X5.75 OZ,Frz,4
21081K,GREEK YOGURT ICE BAR (6P_ STRAWBERRY),그릭 요거트바 (6P_ 딸기맛),CS,39,640,90,LOTTESAMKANG,6X6X2.83 OZ,Frz,6
21083K,JAWS ICE (POUCH_ 5P),죠스 아이스 (파우치_ 5P),CS,34,640,90,LOTTE,4X5X5.41 OZ,Frz,4
21084K,SCREW ICE (POUCH_ 5P),스크류 아이스 (파우치_ 5P),CS,32,640,90,LOTTE,4X5X5.41 OZ,Frz,4
21085K,WATERMELON ICE (POUCH_ 5P),수박맛 아이스 (파우치_ 5P),CS,27,650,90,LOTTE,4X5X5.41 OZ,Frz,4
21089K,PEANUT PEPERO ICE BAR,땅콩 빼빼로 아이스바,CS,44,640,90,LOTTE,6X15.24 OZ,Frz,6
21090K,ALMOND PEPERO ICE BAR,아몬드 빼빼로 아이스바,CS,38,640,90,LOTTE,6X15.24 OZ,Frz,6
21091K,SUBAK BAR (6P),수박바 (6P),CS,29,650,90,LOTTE,6X6X2.54 OZ,Frz,6
21092K,PAPICO MILKY YOGURT(6P),빠삐코 밀키요거트 (6P),CS,26,640,90,LOTTESAMKANG,4X6X4.40 OZ,Frz,4
21093K,TICO VANILLA ICE CREAM W/MILK CHOCOLATE (15P),티코 바닐라 아이스크림 W/밀크 쵸코렛 (15P),CS,38,640,90,LOTTE,6X17.25 OZ,Frz,6
21094K,TICO VANILLA ICE CREAM W/DARK CHOCOLATE (15P),티코 바닐라 아이스크림 W/다크 쵸코렛 (15P),CS,39,640,90,LOTTE,6X17.25 OZ,Frz,6
21096K,WORLD CONE ICE CREAM,월드콘 아이스크림,CS,37,640,90,LOTTE,5X5X5.41 OZ,Frz,5
21097K,OK ICE BAR,옥동자 아이스바,CS,40,640,90,LOTTE,6X6X2.47 OZ,Frz,6
21102K,RED BEAN MOCHI ICE CREAM (BIBIBIG_ 6P),비비빅 모찌 아이스크림 (6P),CS,70,690,90,BINGGRAE,20X9.1 OZ,Frz,20
21103K,MELONA MOCHI ICE CREAM (MELON_ 6P),메로나 모찌 아이스크림 (메론맛_ 6P),CS,98,690,90,BINGGRAE,20X9.1 OZ,Frz,20
21104K,MELONA MOCHI ICE CREAM (STRAWBERRY_ 6P),메로나 모찌 아이스크림 (딸기맛_ 6P),CS,96,690,90,BINGGRAE,20X9.1 OZ,Frz,20
21105K,MELONA MOCHI ICE CREAM (MANGO_ 6P),메로나 모찌 아이스크림 (망고맛_ 6P),CS,90,690,90,BINGGRAE,20X9.1 OZ,Frz,20
21106K,MELONA MOCHI ICE CREAM (BANANA_ 6P),메로나 모찌 아이스크림 (바나나맛_ 6P),CS,91,690,90,BINGGRAE,20X9.1 OZ,Frz,20
21107K,MELONA MOCHI ICE CREAM (COCONUT_ 6P),메로나 모찌 아이스크림 (코코넛맛_ 6P),CS,99,690,90,BINGGRAE,20X9.1 OZ,Frz,20
21108K,MINI SAMANCO TAIYAKI (RED BEAN FLAVOR),핫붕어 미니 싸만코 (단팥맛),CS,60,280,90,BINGGRAE,10X10.14 OZ,Frz,10
21109K,MINI SAMANCO TAIYAKI (CHOCO FLAVOR),핫붕어 미니 싸만코 (쵸코맛),CS,0,280,90,BINGGRAE,10X10.58 OZ,Frz,10
21110K,BABAMBAR (BROWN SUGAR BUBBLE TEA BAR),바밤바 (흑당 버블티 바),CS,52,640,90,HAITAI,10X8X2.1 OZ,Frz,10
21111K,BABAMBAR (HONEY & CHESTNUT),바밤바 (오리지널 꿀&밤),CS,55,640,90,HAITAI,10X8X2.4 OZ,Frz,10
21112K,BRAVO VANILLA PLUS,부라보 바닐라맛 플러스,CS,23,640,90,HAITAI,4X5X5.04 OZ,Frz,4
21113K,POLLAPO ICE SLUSH (GRAPE),폴라포 포도,CS,30,640,90,HAITAI,7X5X4.1 OZ,Frz,7
21114K,TANKBOY SLUSH (PEAR),탱크보이 (배맛),CS,32,640,90,HAITAI,7X5X4.1 OZ,Frz,7
21115K,NOUGAT BAR,누가바,CS,53,640,90,HAITAI,10X8X2.4 OZ,Frz,10
21116K,WALNUT MAROO ICE BAR,호두마루,CS,27,640,90,HAITAI,5X8X2.4 OZ,Frz,5
21117K,PANGTOA RED VELVET (4P),빵또아 레드벨벳 (4P),CS,29,640,90,BINGGRAE,6X4X5.1 OZ,Frz,6
21118K,PANGTOA CHOCO CHIFFON (4P),빵또아 쵸코 쉬폰 (4P),CS,29,640,90,BINGGRAE,6X4X5.1 OZ,Frz,6
21119K,SAMANCO (BROWN SUGAR BOBA_ 4P),싸만코 (흑당보바_ 4P),CS,28,640,90,BINGGRAE,6X4X5.1 OZ,Frz,6
21120K,GREEN TEA MAROO ICE BAR,녹차마루,CS,22,640,90,HAITAI,5X8X2.4 OZ,Frz,5
21121K,POLLAPO ICE SLUSH (PEACH),폴라포 피치,CS,31,640,90,HAITAI,7X5X4.1 OZ,Frz,7
21123K,SIMONA (CHOCO & INJEOLMI),시모나 인절미,CS,0.3,640,90,HAITAI,6X4X5 OZ,Frz,6
21124K,BAEBAEMBAE (PEAR),배뱀배,CS,47,650,90,HAITAI,10X8X2.4 OZ,Frz,10
21125K,CHEESE MAROO ICE SANDWICH,치즈마루 아이스 샌드위치,CS,36,640,90,HAITAI,6X4X6.08 OZ,Frz,6
21126K,JELLU JOA (APPLE),젤루조아 (사과맛),CS,31,650,90,HAITAI,7X5X4.1 OZ,Frz,7
21127K,POLLAPO ICE SLUSH (SPORTS),폴라포 스포츠,CS,33,640,90,HAITAI,7X5X4.1 OZ,Frz,7
21148C,FUMANG MANGO FLAVORED ICE CREAM,망고맛 아이스크림,CS,44,460,90,HONGQI,8X3X2.65 OZ,Frz,8
21149C,TAOQI PEACH FLAVORED ICE CREAM,복숭아맛 아이스크림,CS,44,460,90,HONGQI,8X3X2.65 OZ,Frz,8
21150K,TRIPLE ICE CREAM DESSERT,악마 빙수,CS,39,640,90,LAVELEE,15X9.46 OZ,Frz,15
21151D,AVOCADO ICE CREAM,아보카도 아이스크림,CS,99,335,90,MAVENS,12X14 OZ,Frz,12
21152D,DURIAN ICE CREAM,두리안 아이스크림,CS,98,335,90,MAVENS,12X14 OZ,Frz,12
21153K,REAL SOFT CHEESE CAKE (CHOCOLATE_6P),초코 리얼소프트치즈케익 (6P),CS,44,460,90,SAMLIP,9X6X2.47OZ,Frz,9
21154K,REAL SOFT CHEESE CAKE (BANANA_6P),바나나 리얼소프트치즈케익 (6P),CS,44,460,90,SAMLIP,9X6X2.47OZ,Frz,9
21155K,ALMOND CHOCOLATE YAKGWA (9P),아몬드 쇼콜라 약과 (9P),CS,104,275,60,SAMLIP,10X11.11 OZ,Frz,10
21156D,PASSION FRUIT MANGO ICE CREAM,패션후르츠 망고 아이스크림,CS,97,335,90,MAVENS,12X14 OZ,Frz,12
21157D,THAI TEA ICE CREAM,타이티 아이스크림,CS,101,335,90,MAVENS,12X14 OZ,Frz,12
21158D,BLACK SESAME ICE CREAM,흑임자 아이스크림,CS,98,335,90,MAVENS,12X14 OZ,Frz,12
21177K,FROZEN COOKED RED BEAN BUN (HOPANG),찜통에서 도망나온 단팥호빵,CS,57,460,90,ASSI,16X12.69 OZ,Frz,16
21191K,"SAMANCO (RED BEAN JAM, 4P)","붕어 싸만코 (단팥, 4P)",CS,31,650,90,BINGGRAE,6X4X5.1 OZ,Frz,6
21192K,"SAMANCO (MATCHA, 4P)","붕어 싸만코 (녹차, 4P)",CS,30,650,90,BINGGRAE,6X4X5.1 OZ,Frz,6
21193K,"SAMANCO (CHOCOLATE, 4P)","붕어 싸만코 (초코, 4P)",CS,31,650,90,BINGGRAE,6X4X5.1 OZ,Frz,6
21194K,"SAMANCO (STRAWBERRY, 4P)","붕어 싸만코 (딸기, 4P)",CS,31,650,90,BINGGRAE,6X4X5.1 OZ,Frz,6
21199K,TANGO TANGO ICE BAR(5P),생귤탱귤 아이스바 (5P),CS,27,640,90,BINGGRAE,8X5X2.4 OZ,Frz,8
21202K,MELONA (HONEYDEW MELON),메로나 (메론맛),CS,41,640,90,BINGGRAE,8X8X2.4 OZ,Frz,8
21203K,MELONA (STRAWBERRY),메로나 (딸기맛),CS,40,640,90,BINGGRAE,8X8X2.4 OZ,Frz,8
21204K,MELONA (BANANA),메로나 (바나나맛),CS,39,640,90,BINGGRAE,8X8X2.4 OZ,Frz,8
21205K,MELONA (MANGO),메로나 (망고맛),CS,40,640,90,BINGGRAE,8X8X2.4 OZ,Frz,8
21206K,MELONA (COCONUT),메로나 (코코넛 맛),CS,39,640,90,BINGGRAE,8X8X2.4 OZ,Frz,8
21207K,MELONA (PUPPLE YAM),메로나 (타로맛),CS,40,640,90,BINGGRAE,8X8X2.4 OZ,Frz,8
21213J,SUPER BIKURI SOFT ICE CREAM W/ GREEN TEA,수퍼 비쿠리 소프트 아이스크림 W/ 녹차,CS,22,640,90,TOYO,16X5.6 OZ,Frz,16
21215K,MELONA CHOCOLATE DIPPED BANANA,메로나 초콜릿 딥 바나나,CS,41,700,90,BINGGRAE,8X8X2.6 OZ,Frz,8
21216K,MELONA CHOCOLATE DIPPED STRAWBERRY,메로나 초콜릿 딥 딸기,CS,40,700,90,BINGGRAE,8X8X2.6 OZ,Frz,8
21217K,MELONA (PISTACHIO),메로나 (피스타치오맛),CS,38,652,90,BINGGRAE,8X8X2.37 OZ,Frz,8
21218K,BRAVO MILK,부라보 우유,CS,26,650,90,HAITAI,6X4X5.07 OZ,Frz,6
21219K,BRAVO CHOCOLATE CHUNK,부라보 초콜렛,CS,26,650,90,HAITAI,6X4X5.07 OZ,Frz,6
21220K,MACARON ICE CREAM (STRAWBERRY CHEESECAKE),마카롱 아이스크림 (딸기치즈케익),CS,30,460,90,SAMLIP,12X2.93 OZ,Frz,12
21221K,MACARON ICE CREAM (COOKIE & CREAM),마카롱 아이스크림 (쿠키&크림),CS,30,460,90,SAMLIP,12X2.93 OZ,Frz,12
21222K,MACARON(DARK CHOCOLATE_ CHEESE_ STRAW YOGURT),점보 마카롱 (BLUE),CS,59,280,90,ASSIXNULDAM,10X5.82 OZ,Frz,10
21223K,MACARON(PEACH YOG_VAN BROWNIE_CEREAL LATTE),점보 마카롱 (PINK),CS,63,280,90,ASSIXNULDAM,10X5.82 OZ,Frz,10
21224K,MACARON (G.TEA BROWNIE_EARGRAY MILKTEA_ OREO),점보 마카롱 (GREEN),CS,59,280,90,ASSIXNULDAM,10X5.82 OZ,Frz,10
21225K,MACARON(CRE.CHEESE_CHO.TIRAMI_BLUE CR.CHEESE),점보 마카롱 (YELLOW),CS,60,280,90,ASSIXNULDAM,10X5.82 OZ,Frz,10
21230J,CROISSANT TAIYAKI (CHOCOLATE),크루아상 붕어빵 (초콜렛),CS,76,285,90,CACAO,48X2.82 OZ,Frz,48
21231J,CROISSANT TAIYAKI (HIRUZEN MILK),크루아상 붕어빵 (우유),CS,81,285,90,CACAO,48X2.82 OZ,Frz,48
21232J,CROISSANT TAIYAKI TSUBUAN (SWEET RED BEAN),크루아상 붕어빵 (단팥),CS,77,285,90,CACAO,48X2.82 OZ,Frz,48
21235K,BRAVO STRAWBERRY,부라보 딸기,CS,31,650,90,HAITAI,6X4X5.07 OZ,Frz,6
21236K,BRAVO VANILLA PLUS,부라보 바닐라맛 플러스,CS,31,640,90,HAITAI,6X4X5.41 OZ,Frz,6
21241D,MOCHI ICE CREAM (RED BEAN),단팥 모찌 아이스크림,CS,29,335,90,SWEETY,6X8.4 OZ,Frz,6
21242D,MOCHI ICE CREAM (MANGO),망고 모찌 아이스크림,CS,28,335,90,SWEETY,6X8.4 OZ,Frz,6
21243D,MOCHI ICE CREAM (GREEN TEA),녹차 모찌 아이스크림,CS,28,335,90,SWEETY,6X8.4 OZ,Frz,6
21244D,MOCHI ICE CREAM (VANILLA),바닐라 모찌 아이스크림,CS,27,335,90,SWEETY,6X8.4 OZ,Frz,6
21245D,MOCHI ICE CREAM (STRAWBERRY),딸기 모찌 아이스크림,CS,27,335,90,SWEETY,6X8.4 OZ,Frz,6
21246D,MOCHI ICE CREAM (COFFEE),커피 모찌 아이스크림,CS,26,335,90,SWEETY,6X8.4 OZ,Frz,6
21247D,MOCHI ICE CREAM (RED BEAN),단팥 모찌 아이스크림,CS,32,335,90,SWEETY,6X7.5 OZ,Frz,6
21248D,MOCHI ICE CREAM (MANGO),망고 모찌 아이스크림,CS,31,335,90,SWEETY,6X7.5 OZ,Frz,6
21249D,MOCHI ICE CREAM (GREEN TEA),녹차 모찌 아이스크림,CS,30,335,90,SWEETY,6X7.5 OZ,Frz,6
21250D,MOCHI ICE CREAM (VANILLA),바닐라 모찌 아이스크림,CS,31,335,90,SWEETY,6X7.5 OZ,Frz,6
21251D,MOCHI ICE CREAM (STRAWBERRY),딸기 모찌 아이스크림,CS,31,335,90,SWEETY,6X7.5 OZ,Frz,6
21252D,MOCHI ICE CREAM (COFFEE),커피 모찌 아이스크림,CS,31,335,90,SWEETY,6X7.5 OZ,Frz,6
21253K,STICKY RICE CAKE (4P),쫄깃한 찹쌀떡(4입),CS,37,450,60,SAMLIP,40X5.29 OZ,Frz,40
21254K,STRAWBERRY ROLL CAKE,딸기롤케익,CS,31,126,60,SAMLIP,9X7.94 OZ,Frz,9
21255K,CASTELLA ROLL CAKE,미각 제빵소 카스테라 롤케익,CS,43,285,90,SAMLIP,30X4.52 OZ,Frz,30
21256K,HOIHOI SWEET BUN(1P),호이호이 삼립 호떡(1P),CS,23,450,60,SAMLIP,40X2.29 OZ,Frz,40
21257K,BLACK SUGAR CASTELLA CAKE,미각 제빵소 흑당 카스테라,CS,51,285,90,SAMLIP,24X6 OZ,Frz,24
21258K,HONEY CASTELLA CAKE,허니카스테라,CS,33,285,90,SAMLIP,16X4.94 OZ,Frz,16
21259K,MILK CASTELLA CAKE,우유 카스테라,CS,28,285,90,SAMLIP,30X3.35 OZ,Frz,30
21260K,CHOCOLATE CORNET BREAD,미각 제빵소 초코 소라빵,CS,28,285,90,SAMLIP,25X3.17 OZ,Frz,25
21261K,SWEET POTATO PANG BREAD,고구마 팡,CS,29,285,90,SAMLIP,36X3.17 OZ,Frz,36
21262K,MILK PANG BREAD,밀크 요팡,CS,29,285,90,SAMLIP,36X2.29 OZ,Frz,36
21263K,CONDENSED MILK PANG BREAD,연유 요팡,CS,29,285,90,SAMLIP,36X2.82 OZ,Frz,36
21264K,MILKY FILLING PANG BREAD,밀키 앙꼬팡,CS,24,285,90,SAMLIP,30X3.53 OZ,Frz,30
21265K,EGG BALL BREAD,에그볼 ,CS,20,460,90,SAMLIP,16X8.11 OZ,Frz,16
21266K,MILK FRESH PANG W/ CHEESE FLAVOR,치즈 후레쉬 팡,CS,25,460,90,SAMLIP,30X4.94 OZ,Frz,30
21267K,DOUBLE CHEESE FRESH PANG BREAD,더블 치즈 후레쉬 팡,CS,30,460,90,SAMLIP,36X3.46 OZ,Frz,36
21268K,PEANUT CREAM BREAD,나눠먹는 땅콩크림빵,CS,22,460,90,SAMLIP,10X9.7 OZ,Frz,10
21269K,"DORAYAKI PANCAKE (5P, RED BEAN)",명인명작 단팥 도라야끼 (5P),CS,50,460,90,SAMLIP,16X10.58 OZ,Frz,16
21270K,"DORAYAKI PANCAKE (5P, SWEET POTATO)",고구마 도라야끼 (5P),CS,55,460,90,SAMLIP,16X10.58 OZ,Frz,16
21271K,HONEY CASTELLA CAKE(GIFT BOX),벌꿀카스텔라(선물박스),CS,58,285,90,SAMLIP,9X17.99 OZ,Frz,9
21272K,GREEN TEA CASTELLA CAKE(GIFT BOX),녹차카스테라 (선물박스) ,CS,58,285,90,SAMLIP,9X17.99 OZ,Frz,9
21273K,ROLL CAKE (CHOCOLATE),초코 롤케익(슬라이스),CS,27,285,90,SAMLIP,9X7.94 OZ,Frz,9
21274K,HOPANG (SALT & BUTTER),소금버터호빵,CS,39,460,90,SAMLIP,18X8.99 OZ,Frz,18
21275K,HOPANG (RED BEAN & BUTTER ),앙버터 호빵,CS,38,460,90,SAMLIP,18X8.99 OZ,Frz,18
21276K,WHITE CHOUX (8P),마메이드 화이트슈(8P),CS,16,190,90,SAMLIP,8X5.29 OZ,Frz,8
21277K,CHOCO CHOUX (8P),마메이드 초코 슈(8P),CS,16,190,90,SAMLIP,8X5.29 OZ,Frz,8
21278K,SOFT CAKE W/ CHEESE (ORIGINAL_6P),리얼소프트치즈케익 (오리지널_6P),CS,48,460,90,SAMLIP,9X6X2.47OZ,Frz,9
21279K,SOFT CAKE W/ CHEESE (STRAWBERRY_6P),리얼소프트치즈케익 (딸기_6P),CS,49,460,90,SAMLIP,9X6X2.47OZ,Frz,9
21280K,FRESH MILK CREAM BUN(1P),우유 생크림빵 (1P),CS,40,285,90,SAMLIP,18X4.76 OZ,Frz,18
21281K,CHOCOLATE CREAM BUN(1P),초코 생크림빵 (1P),CS,40,285,90,SAMLIP,18X4.76 OZ,Frz,18
21282K,STRAWBERRY CREAM BUN(1P),딸기 생크림빵 (1P),CS,41,285,90,SAMLIP,18X4.76 OZ,Frz,18
21283K,MATCHA CREAM BUN(1P),말차 생크림빵 (1P),CS,41,285,90,SAMLIP,18X4.76 OZ,Frz,18
21284K,COOKIE & CREAM CREAM BUN (1P),쿠키앤크림 생크림빵 (1P),CS,41,285,90,SAMLIP,18X4.76 OZ,Frz,18
21285K,HOPANG HOJJIMI SET(LIMITED),호빵 호찜이 세트(한정판),CS,71,460,90,SAMLIP,6X2.2 LB,Frz,5
21286K,READY B FISH-SHAPED MOCHI BUN (RED BEAN_8P),레디비 단팥 모찌붕어빵 (8입),CS,53,285,90,SAMLIP,8X19.75 OZ,Frz,8
21287K,READY B FISH-SHAPED MOCHI BUN (CHOUX CREAM_8P),레디비 슈크림 모찌붕어빵 (8입),CS,56,285,90,SAMLIP,8X19.75 OZ,Frz,8
21288K,READY B FISH-SHAPED MOCHI BUN (HONEY NUTS_8P),레디비 꿀견과 모찌붕어빵 (8입),CS,56,285,90,SAMLIP,8X19.75 OZ,Frz,8
21289K,MINI CHEESE CAKE (6P),풍미가득 촉촉 미니치즈케익,CS,45,460,90,SAMLIP,12X8.47 OZ,Frz,12
21290K,HOPANG (PIZZA FLAVOR),피자 호빵,CS,35,460,90,SAMLIP,18X9 OZ,Frz,18
21291K,HOPANG (SWEET POTATO),고구마 호빵,CS,34,460,90,SAMLIP,18X9 OZ,Frz,18
21292K,BIZEUN GGULTTEOK RICE CAKE (20P),빚은 한입 꿀떡 (20P),CS,46,285,90,SAMLIP,10X12.70 OZ,Frz,10
21293K,"SEOUL CASTELLA CAKE (FRESH MILK, 4P)",서울 카스텔라 우유 (4P),CS,56,285,60,SAMLIP,6X12.7 OZ,Frz,6
21294K,"SEOUL CASTELLA CAKE (STRAWBERRY, 4P)",서울 카스텔라 딸기 (4P),CS,56,285,60,SAMLIP,6X12.7 OZ,Frz,6
21295K,"SEOUL CASTELLA CAKE (CHOCOLATE, 4P)",서울 카스텔라 초코 (4P),CS,56,285,60,SAMLIP,6X12.7 OZ,Frz,6
21300D,MUDFISH (GUTTED_ 800-1000G_ 15 PCS),머드피쉬 (GUTTED_ 800-1000_ 15 P),CS,98,640,90,VIETWAY,26.50 LB,Frz,26.5
21302D,MUDFISH (CHUNK),머드피쉬 (CHUNK),CS,134,640,90,VIETWAY,30X14 OZ,Frz,30
21303D,ROUND SCAD,라운드 스케드,CS,80,640,90,VIETWAY,12X2 LB,Frz,12
21304D,BABY ROUND SCAD,베이비 라운드 스케드,CS,79,640,90,VIETWAY,12X2 LB,Frz,12
21306D,MULLET FISH,뮤렛피쉬,CS,95,640,90,VIETWAY,12X2 LB,Frz,12
21307D,GRAY ANCHOVY,그레이 앤쵸비,CS,97,640,90,VIETWAY,30X14 OZ,Frz,30
21308D,WHITE ANCHOVY,화이트 앤쵸비,CS,107,640,90,VIETWAY,30X14 OZ,Frz,30
21311D,PARROTFISH,페롯피쉬,CS,98,640,90,VIETWAY,30X14 OZ,Frz,30
21312D,SEASONING SALTED SEA CRAB,양념 바닷게,CS,124,640,90,VIETWAY,30X14 OZ,Frz,30
21313D,SALTED SEA CRAB (W/R),염장 바닷게 (W/R),CS,111,640,90,VIETWAY,30X14 OZ,Frz,30
21314D,FEATHER BACK FISH PASTE,퓌더백 피쉬 페이스트,CS,139,640,90,VIETWAY,30X14 OZ,Frz,30
21315D,SPINY GOBY (12 CM UP),스파이니 고비 (12 CM UP),CS,291,640,90,VIETWAY,30X14 OZ,Frz,30
21316D,APPLE SNAIL MEAT (COOKED),소라살 (COOKED),CS,91,640,90,VIETWAY,30X14 OZ,Frz,30
21317D,RED-TAIL TINFOIL BARD (250G UP_19 PCS),레드테일 틴포일 바드 (250 UP),CS,112,640,90,VIETWAY,26.50 LB,Frz,26.5
21350D,RAW SHRIMP (PND_T-ON 21/25),깐새우 (PND_ T-ON_ 21/25),CS,122,640,90,WILDSEA,20X12 OZ,Frz,20
21351D,RAW SHRIMP (PND_T-ON 26/30),깐새우 (PND_ T-ON_ 26/30),CS,114,640,90,WILDSEA,20X12 OZ,Frz,20
21352D,RAW SHRIMP (PND_T-ON 31/40),깐새우 (PND_ T-ON_ 31/40),CS,92,640,90,WILDSEA,20X12 OZ,Frz,20
21353D,RAW SHRIMP (PND_T-ON 41/50),깐새우 (PND_ T-ON_ 41/50),CS,91,640,90,WILDSEA,20X12 OZ,Frz,20
21360D,RAW SHRIMP (PND_T-ON 21/25),깐새우 (PND_ T-ON_ 21/25),CS,195,640,90,WILDSEA,12X2 LB,Frz,12
21361D,RAW SHRIMP (PND_T-ON 26/30),깐새우 (PND_ T-ON_ 26/30),CS,179,640,90,WILDSEA,12X2 LB,Frz,12
21363D,RAW SHRIMP (PND_T-ON 41/50),깐새우 (PND_ T-ON_ 41/50),CS,164,640,90,WILDSEA,12X2 LB,Frz,12
21370D,COOKED SHRIMP (PND_T-ON 16/20),쿡트 깐새우 (PND_ T-ON_16/20),CS,143,640,90,WILDSEA,20X12 OZ,Frz,20
21372D,COOKED SHRIMP (PND_T-ON 26/30),쿡트 깐새우 (PND_T-ON_26/30),CS,121,640,90,WILDSEA,20X12 OZ,Frz,20
21374D,COOKED SHRIMP (PND_T-ON 41/50),쿡트 깐새우 (PND_ T-ON_41/50),CS,117,640,90,WILDSEA,20X12 OZ,Frz,20
21382D,"COOKED SHRIMP (PND,T-ON 26/30)","깐새우 (PND, COOKED, T-ON, 26/30)",CS,203,650,90,WILDSEA,12X2 LB,Frz,12
21384D,"COOKED SHRIMP (PND,T-ON 41/50)","깐새우 (PND, COOKED, T-ON, 41/50)",CS,173,650,90,WILDSEA,12X2 LB,Frz,12
21386D,"COOKED SHRIMP (PND,T-OFF 91/110)","깐새우 (PND, COOKED, T-OFF, 91/110)",CS,183,650,90,WILDSEA,12X2 LB,Frz,12
21501K,CUTTED BELTFISH WITH SPICY SAUCE,갈치조림,CS,152,640,90,430CHEF,20X14.46 OZ,Frz,20
21502K,CUTTED POLLACK SOUP WITH SPICY SAUCE,동태탕,CS,141,640,90,430CHEF,20X1.1 LB,Frz,20
21503K,MIXED SEAFOOD SOUP WITH SPICY SAUCE,해물탕,CS,155,640,90,430CHEF,20X1.1 LB,Frz,20
22000D,FROZEN DURIAN (THAILAND),두리안 (THAILAND),CS,176,640,90,UNBRANDED,31.0 LB,Frz,31
22001T,FROZEN DURIAN (THAILAND),두리안 (THAILAND),CS,156,640,90,UNBRANDED,26.4 LB,Frz,26.4
22010T,YOUNG COCONUT JUICE,영코코넛 주스,CS,37,640,90,AROYD,24X10.5 OZ,Frz,24
22031T,COCONUT JELLY,코코넛 젤리,CS,42,640,90,AROYD,12X10.5 OZ,Frz,12
22032T,STICKY RICE WITH MANGO (DESSERT),망고 라이스 (디저트),CS,45,640,90,AROYD,12X8.8 OZ,Frz,12
23010K,SPICY SEASONNED SMALL OCTOPUS,양념 불쭈꾸미,CS,108,460,90,ASSA,20X10.58 OZ,Frz,20
23040K,FRIED BEAN CURD (5.99 OZ),삼각유부초밥 (5.99 OZ),CS,41,285,90,DONGWON,20X5.99 OZ,Frz,20
23041K,FRIED BEAN CURD (12 OZ),삼각유부초밥 (12 OZ),CS,57,285,90,DONGWON,10X12 OZ,Frz,10
23042K,BEAN CURD SQUARE (FOR SUSHI),사각유부초밥,CS,23,285,90,DONGWON,10X5.6OZ,Frz,10
23043K,BEAN CURD BIG SQUARE,큰사각유부초밥,CS,84,285,90,DONGWON,15X13.3OZ,Frz,15
23044K,CUISINE SEASONED FIRED POTATOES,퀴진 에어 크리스피 양념감자,CS,82,650,90,DONGWON,12X28.2 OZ ,Frz,12
23045K,CUISINE AIR CRISPY CHEESE MINI HOTDOG,퀴진 에어 크리스피 치즈 미니 핫도그 ,CS,107,285,90,DONGWON,16X14.3 OZ,Frz,16
23046K,TOPOKKI WITH FISH CAKE,어묵 떡볶이,CS,56,285,90,DONGWON,12X15.5 OZ ,Frz,12
23050K,PLANT-BASED GALBI,숯불직화 갈비살 (대체육),CS,72,460,90,ASSI,20X10 OZ,Frz,20
23056K,ZERO MEAT BUGER STEAK,제로미트 베지 함박,CS,76,280,90,LOTTE,12X13.2 OZ,Frz,12
23057K,ZERO MEAT BURGER STEAK MASHSED POTATO,제로미트 베지 함박 메쉬드 포테이토,CS,76,280,90,LOTTE,12X13.2 OZ,Frz,12
23098D,KOREAN STYLE PATTY TTEOKGALBI,육즙가득 숯불 떡갈비,CS,167,335,90,FOODIE,18X16 OZ,Frz,18
23099D,KOREAN STYLE MEAT PATTIES & DEMI-GLACE SAUCE,경양식 함박스테이크&데미글라스소스,CS,126,335,90,FOODIE,16X12 OZ,Frz,16
23102D,SPICY SAUCE CHICKEN SKEWERS (4 SKEWERS),불 닭꼬치 (4꼬치),CS,108,330,90,SKEWERMASTER,16X11 OZ,Frz,16
23103D,TERIYAKI SAUCE CHICKEN SKEWERS,데리야끼 닭꼬치,CS,135,330,90,SKEWERMASTER,16X10 OZ,Frz,16
23104D,CHICKEN SKEWERS CLASSIC,클래식 닭꼬치,CS,101,330,90,SKEWERMASTER,16X11 OZ,Frz,16
23105D,STARRY NIGHT SPICY CHICKEN GIZZARD,별밤안주 매콤 닭똥집,CS,120,330,90,ASSI,16X12 OZ,Frz,16
23106D,STARRY NIGHT GARLIC CHICKEN GIZZARD,별밤안주 마늘 닭똥집,CS,123,330,90,ASSI,16X12 OZ,Frz,16
23107D,STARRY NIGHT MARINATED ABOMASUM BEEF TRIPE,별밤안주 소막창,CS,181,330,90,ASSI,16X8 OZ,Frz,16
23108D,STARRY NIGHT COOKED SPICY CHICKEN FEET,별밤안주 매콤 닭발,CS,151,330,90,ASSI,20X16 OZ,Frz,20
23109D,SPICY STIR-FRIED BALL SUNDAE,볼순대볶음,CS,130,330,90,ASSI,14X17 OZ,Frz,14
23110D,ONE BITE MEAT PATTY W/ SAUCE,한입 함박스테이크,CS,152,335,90,FOODIE,18X17 OZ,Frz,18
23111D,ONE BITE PORK PATTY FRITTER,한입 꼬마돈까스,CS,134,335,90,FOODIE,18X16 OZ,Frz,18
23112D,SLICED SPICY BONELESS PORK HOCKS,매콤 불족발,CS,114,330,90,EMARTPK,16X7.1 OZ,Frz,16
23113D,SPICY BEEF SMALL INTESTINE WITH VEGETABLES,매콤 곱창 야채볶음,CS,114,330,90,EMARTPK,16X5.6 OZ,Frz,16
23114D,SPICY PORK SKIN WITH VEGETABLES,매콤 돼지 껍데기,CS,101,330,90,EMARTPK,16X7.1 OZ,Frz,16
23115D,SLICED PORK BELLY,돼지고기 수육,CS,114,330,90,EMARTPK,16X7.1 OZ,Frz,16
23116D,CHICKEN LEG MEAT SKEWERS W/TERIYAKI SAUCE,데리야끼 닭꼬치,CS,103,330,90,EMARTPK,16X7.1 OZ,Frz,16
23117D,CHICKEN GIZZARD WITH VEGETABLES,닭근위 볶음,CS,103,330,90,EMARTPK,16X6.3 OZ,Frz,16
23120D,GRILLED GOCHUJANG PORK BELLY,고추장삼겹살,CS,138,330,90,EMARTPK,12X16 OZ,Frz,12
23121D,GRILLED PORK BULGOGI,돼지불고기,CS,97,330,90,EMARTPK,12X16 OZ,Frz,12
23122D,GRILLED BEEF GALBI,소갈비,CS,172,330,90,EMARTPK,12X16 OZ,Frz,12
23123D,GRILLED BEEF BULGOGI,소불고기,CS,142,330,90,EMARTPK,12X16 OZ,Frz,12
23124D,GRILLED CHICKEN BULGOGI,닭불고기,CS,90,330,90,EMARTPK,12X16 OZ,Frz,12
23125D,GRILLED BULDAK CHICKEN,불닭고기,CS,92,330,90,EMARTPK,12X16 OZ,Frz,12
24013K,HOT CHICKEN FLAVOR GYOZA DUMPLINGS,불닭만두,CS,31,460,90,SAMYANG,12X21.16 OZ,Frz,12
24017K,HOT CHICKEN FLAVOR FRIED RICE,불닭 볶음밥,CS,34,460,90,SAMYANG,10X15.52 OZ,Frz,10
24018K,CARBO HOT CHICKEN FLAVOR GYOZA DUMPLINGS,까르보 불닭만두,CS,33,460,90,SAMYANG,12X21.16 OZ,Frz,12
24019K,CARBO HOT CHICKEN FLAVOR FRIED RICE,까브로 불닭 볶음밥,CS,40,460,90,SAMYANG,10X15.52 OZ,Frz,10
24020K,PORK & VEGETABLE JUMBO MANDU,왕만두,CS,93,330,90,OTOKI,12X1.5 LB,Frz,12
24031K,BULDAK FRIED RICE,불닭 볶음밥,CS,65,460,90,SAMYANG,10X15.52 OZ,Frz,10
24032K,BULDAK DUMPLINGS ,불닭 왕교자,CS,16,460,90,SAMYANG,10X24.69 OZ,Frz,10
24033K,CARBONARA BULDAK FRIED RICE,까르보나라 불닭 볶음밥,CS,65,460,90,SAMYANG,10X15.52 OZ,Frz,10
24034K,KIMCHI BULDAK DUMPLINGS,김치 불닭 왕교자,CS,59,460,90,SAMYANG,10X24.69 OZ,Frz,10
24035K,BULDAK TOPOKKI,불닭 떡볶이,CS,72,460,90,SAMYANG,10X16.93 OZ,Frz,10
24036K,CARBONARA BULDAK DUMPLINGS,까르보나라 왕교자,CS,63,460,90,SAMYANG,10X24.69 OZ,Frz,10
24100K,BANCHAN BIBIMBAP VEGETABLES,반찬 비빔밥 나물,CS,71,280,90,ASSI,20X4.6 OZ,Frz,20
24108K,BANCHAN SEASONED DRIED RADISH,반찬 무말랭이,CS,50,280,90,ASSI,4X2.2 LB,Frz,4
24110K,BANCHAN SEASONED BURDOCK,반찬 우엉 조림,CS,62,280,90,ASSI,4X2.2 LB,Frz,4
24125K,BANCHAN FROZEN SEASONED BELT FISH,반찬 갈치젓,CS,61,640,90,HYOSONG,12X7.05 OZ,Frz,12
24126K,BANCHAN FROZEN SALTED OCTOPUS,반찬 낙지젓,CS,73,640,90,HYOSONG,12X7.05 OZ,Frz,12
24127K,BANCHAN FROZEN SEASONED POLLOCK ROE,반찬 명란젓,CS,94,640,90,HYOSONG,12X7.05 OZ,Frz,12
24128K,BANCHAN FROZEN SEASONED OCTOPUS,반찬 비빔낙지젓,CS,74,640,90,HYOSONG,12X7.05 OZ,Frz,12
24129K,BANCHAN FROZEN SEASONED SQUID,반찬 오징어젓 (국산),CS,87,640,90,HYOSONG,12X7.05 OZ,Frz,12
24130K,BANCHAN FROZEN SALTED POLLOCK TRIPE,반찬 창란젓,CS,85,640,90,HYOSONG,12X7.05 OZ,Frz,12
24131K,VEGETABLE & SEASONED ALASKA POLLACK TRIP,야채창난젓,CS,0,640,90,GIJANGSUHYEOB,24X4.23 OZ,Frz,24
24132K,SEASONED LONG-LEGGED OCTOPUS,낙지젓,CS,0,640,90,GIJANGSUHYEOB,24X4.23 OZ,Frz,24
24133K,SEASONED SQUID,오징어젓,CS,0,640,90,GIJANGSUHYEOB,24X4.23 OZ,Frz,24
24134K,SALTED & SEASONED POLLACK ROE,명란젓,CS,0,640,90,GIJANGSUHYEOB,24X7.05 OZ,Frz,24
25001K,SEASONED LOTUS ROOT (8#),연근조림 (8#),CS,0,680,90,ASSI,2X8 LB,Frz,2
25004K,SEASONED RED PEPPER LEAVES (8#),고추잎무침 (8#),CS,0,680,90,ASSI,2X8 LB,Frz,2
25008K,SEASONED PERILLA LEAVES (8#),깻잎 된장 (8#),CS,0,680,90,ASSI,2X8 LB,Frz,2
25010K,SEASONED BABY CRAB (8#),방게조림 (8#),CS,0,680,90,ASSI,2X8 LB,Frz,2
25011K,BANCHAN SEASONED PEPPER LEAF (7 OZ),반찬 고추잎 무침 (7 OZ),CS,60,280,90,ASSI,20X7 OZ,Frz,20
25012K,BANCHAN SEASONED PERILLA LEAF (7 OZ),반찬 양념 깻잎 (7 OZ),CS,109,280,90,ASSI,20X7 OZ,Frz,20
25014K,BANCHAN SEASONED GREEN LAVER (7 OZ),반찬 파래 무침 (7 OZ),CS,112,280,90,ASSI,20X7 OZ,Frz,20
25016K,BANCHAN SEASONED RADISH SLICE (7 OZ),반찬 무말랭이 무침 (7 OZ),CS,86,280,90,ASSI,20X7 OZ,Frz,20
25017K,BANCHAN SEASONED DRIED CODONOPSIS (7 OZ),반찬 더덕 무침 (7 OZ),CS,102,280,90,ASSI,20X7 OZ,Frz,20
25019K,BANCHAN SEASONED GREEN PEPPER (7 OZ),반찬 고추 무침 (7 OZ),CS,98,280,90,ASSI,20X7 OZ,Frz,20
25020K,BANCHAN SEASONED GARLIC STEMS (7 OZ),반찬 마늘쫑 무침 (7 OZ),CS,90,280,90,ASSI,20X7 OZ,Frz,20
25022K,BANCHAN SEASONED SQUID (7 OZ),반찬 오징어 젓 (7 OZ),CS,86,280,90,ASSI,20X7 OZ,Frz,20
25023K,SEASONED POLLACK TRIPE (7 OZ),창란젓 (7 OZ),CS,0,325,90,ASSI,20X7 OZ,Frz,20
25026K,BANCHAN SEASONED CHOPPED SQUID (7 OZ),반찬 비벼먹는 오징어 젓 (7 OZ),CS,93,280,90,ASSI,20X7 OZ,Frz,20
25028K,SEASONED POLLACK ROE RICE TOPPER (7 OZ),비벼먹는 명란젓 (7 OZ),CS,0,325,90,ASSI,20X7 OZ,Frz,20
25032K,SEASONED OCTOPUS RICE TOPPER (7 OZ),비벼먹는 낙지젓 (7 OZ),CS,0,325,90,ASSI,20X7 OZ,Frz,20
25037K,BANCHAN SEASONED BELL FLOWER ROOT (7 OZ),반찬 도라지 무침 (7 OZ),CS,114,280,90,ASSI,20X7 OZ,Frz,20
25038K,SEASONED RADISH & CUCUMBER (7 OZ),오복채 무침 (7 OZ),CS,0,325,90,ASSI,20X7 OZ,Frz,20
26007D,FROZEN EDIBLE GREEN LEAVES (5.5#),생 취나물 (5.5#),CS,82,640,90,ASSI,4X5.5 LB,Frz,4
26017K,SHEPHERDS PURSE (S),냉이 나물 (S),CS,106,640,90,ASSI,24X12 OZ,Frz,24
26018K,SHEPHERDS PURSE (L),냉이 나물 (L),CS,112,640,90,ASSI,4X5.51 LB,Frz,4
26020C,BOILED SWEET CORN,찰 옥수수,CS,80,640,90,ASSI,24X28.57 OZ,Frz,24
26021C,BOILED SWEET CORN (FIVE COLOR),오색 찰 옥수수,CS,82,640,90,ASSI,24X29.98 OZ,Frz,24
26022K,BOILED SWEET CORN (FIVE COLOR),웰빙 오색 찰 옥수수,CS,96,460,90,OHYANG,24X15.8 OZ,Frz,24
26023D,CODONOPSIS (12 OZ),생 더덕 (12 OZ),CS,148,460,90,ASSI,24X12 OZ,Frz,24
26026D,MINCED CODONOPSIS (12 OZ),두들겨 다진 생더덕 (12 OZ),CS,137,460,90,ASSI,24X12 OZ,Frz,24
26030K,VEGETABLE DUMPLINGS (TRAY),야채만두 (TRAY),CS,37,460,90,SAMLIP,24X5.9 OZ,Frz,24
26031K,KIMCHI VEGETABLE DUMPLINGS (TRAY),김치만두 (TRAY),CS,36,460,90,SAMLIP,24X5.9 OZ,Frz,24
26032K,SPICY VEGETABLE DUMPLINGS (TRAY),매콤만두 (TRAY),CS,36,460,90,SAMLIP,24X5.9 OZ,Frz,24
26040K,YOUNG RAPE LEAVES,유채 나물,CS,44,640,90,MATSARANG,20X17.6 OZ,Frz,20
27015K,DRIED ANCHOVIES (KOREA_DASHI_3.3#),다시 멸치 (3.3#),BX,28,640,90,UNBRANDED,6X3.3 LB,Frz,1
27021K,DRIED ANCHOVIES (DASHI_14 OZ_PKG),다시 멸치 (14 OZ_PKG),CS,110,640,90,ASSI,12X14 OZ,Frz,12
27023K,DRIED ANCHOVIES (DASHI_2#_BOX),다시 멸치 (2#_BOX),CS,273,640,90,ASSI,12X2 LB,Frz,12
27024K,DRIED ANCHOVIES (DASHI_1#_BOX),다시 멸치 (1#_BOX),CS,289,640,90,ASSI,24X1 LB,Frz,24
27025K,DRIED ANCHOVIES (DASHI_1#_BOX),소문난 다시멸치 (1#_BOX),CS,305,640,90,YISSINE,24X1 LB,Frz,24
27031K,SPLIT DRIED POLLOCK (CHINA_10#),북어채 (10#),CS,160,460,90,ASSI,10 LB,Frz,10
27033K,SPLIT DRIED POLLOCK (8 OZ),북어채 (8 OZ),CS,246,460,90,ASSI,24X8 OZ,Frz,24
27041K,DRIED ANCHOVIES (CHIRIMEN_1#_BOX),지리 멸치 (1#_BOX),CS,200,640,90,YISSINE,12X1 LB,Frz,12
27042K,DRIED ANCHOVIES (KAERI_1#_BOX),볶음 멸치 (1#_BOX),CS,201,640,90,YISSINE,12X1 LB,Frz,12
27043K,DRIED ANCHOVIES (KOREA_KAERI_3.3#),볶음 멸치 (3.3#),BX,52,640,90,UNBRANDED,6X3.3 LB,Frz,1
27051K,DRIED SQUID (2P),맛좋은 오징어 (2P),CS,280,640,90,UNBRANDED,24X4.93 OZ,Frz,24
27066K,DRIED SQUID (7 OZ),한치 (7 OZ),CS,436,640,90,ASSI,30X7 OZ,Frz,30
27080K,DRIED ANCHOVIES (DASHI_12 OZ),다시 멸치 (12 OZ),CS,116,640,90,ASSI,12X12 OZ,Frz,12
27081K,DRIED ANCHOVIES (12 OZ),볶음 멸치 (12 OZ),CS,174,640,90,ASSI,12X12 OZ,Frz,12
27082K,DRIED ANCHOVIES (CHIRIMEN_12 OZ),지리 멸치 (12 OZ),CS,173,640,90,ASSI,12X12 OZ,Frz,12
27202D,COD MILT (USA_ BLOCK),대구 곤이(블락),CS,232,690,90,UNBRANDED,3X16.5 LB,Frz,3
27357K,SHREDDED SEASONED SQUID (1#),오징어채 (1#),CS,290,460,90,ASSI,20X1 LB,Frz,20
27358K,SHREDDED SEASONED SQUID (2#),오징어채 (2#),CS,280,460,90,ASSI,10X2 LB,Frz,10
27359K,SHREDDED SEASONED SQUID (8 OZ),오징어채 (8 OZ),CS,151,460,90,ASSI,20X8 OZ,Frz,20
27360K,SHREDDED SEASONED SQUID (10#),오징어채 (10#),CS,499,460,90,ASSI,4X10 LB,Frz,4
27400K,SEASONED DRIED SQUID SLICES,백진미,CS,0,640,90,GIJANGSUHYEOB,20X7.05 OZ,Frz,20
27401K,SEASONED DRIED FILEFISH FILLET,쥐포,CS,0,640,90,GIJANGSUHYEOB,20X4.94 OZ,Frz,20
27402K,DRIED SLICED POLLACK,북어채,CS,0,640,90,GIJANGSUHYEOB,20X5.29 OZ,Frz,20
27403K,DRIED ANCHOVY,볶음멸치,CS,0,640,90,GIJANGSUHYEOB,30X4.94 OZ,Frz,30
27404K,DRIED ANCHOVY,지리멸치,CS,0,640,90,GIJANGSUHYEOB,30X4.94 OZ,Frz,30
27405K,BONELESS HAIRTAIL,순갈치살,CS,0,640,90,GIJANGSUHYEOB,30X7.05 OZ,Frz,30
27406K,SALTED ATKA MACKEREL,임연수 팔렛,CS,0,640,90,GIJANGSUHYEOB,24X9.4 OZ,Frz,24
27407K,SALTED MACKEREL,고등어 필렛,CS,0,640,90,GIJANGSUHYEOB,24X9.4 OZ,Frz,24
27777K,BULGOGI KIMBAP,불고기 김밥,CS,56,460,90,SUNLIT,24X8.1 OZ,Frz,24
27778K,KIMCHI SPICY BULGOGI KIMBAP,제육 김밥,CS,57,460,90,SUNLIT,24X8.1 OZ,Frz,24
27779K,VEGETABLE KIMBAP,야채 김밥,CS,46,460,90,SUNLIT,24X8.1 OZ,Frz,24
27780K,SEASONED SHREDDED SQUID KIMBAP,진미채 김밥,CS,56,460,90,SUNLIT,24X8.1 OZ,Frz,24
27781K,TUNA MAYO KIMBAP,참치마요 김밥,CS,61,460,90,SUNLIT,24X8.1 OZ,Frz,24
27782K,PULLED PORK KIMBAP,돼지고기 김밥,CS,48,460,90,SUNLIT,24X8.1 OZ,Frz,24
27911N,"HORSE MACKEREL (NORWAY,300-400)",아지 (300-400),CS,69,640,90,UNBRANDED,44 LB,Frz,44
27912N,HORSE MACKEREL (NOTWAY_200-300),아지 (200-300),CS,69,640,90,UNBRANDED,44 LB,Frz,44
27913K,HORSE MACKEREL (KOREA_300-400),아지 (300-400),CS,47,650,90,UNBRANDED,22 LB,Frz,22
27914K,HORSE MACKEREL (KOREA_300-400),아지 (300-400),CS,83,650,90,UNBRANDED,44 LB,Frz,44
28004D,TUNA SAKU (INDONESIA_AAA),참치 사시미 (AAA),CS,132,640,90,UNBRANDED,10 LB,Frz,10
28005K,CLEANED SQUID (2 PC),손질한 물 오징어 (2 PC),CS,154,640,90,GIJANGSUHYEOB,15X15.87 OZ,Frz,15
28020J,SQUID (ARGENTINE_L_400-600),물 오징어 (L_400-600),CS,87,640,90,UNBRANDED,29.7 LB,Frz,29.7
28022J,SQUID (ARGENTINE_400-600),물 오징어 (L_400-600),CS,67,640,90,UNBRANDED,27.78LB,Frz,27.78
28023J,SQUID (TAIWAN_400-600),물 오징어 (400-600),CS,133,640,90,UNBRANDED,31 LB,Frz,31
28024J,SQUID (TAIWAN_400-600),물 오징어 (400-600),CS,124,640,90,UNBRANDED,37.1 LB,Frz,37.1
28025J,SQUID (ARGENTINA_L_400-600),물 오징어 (L_400-600),CS,69,640,90,UNBRANDED,27.60 LB,Frz,27.6
28026K,SQUID (KOREA_ 11.46#),한국 생 오징어 (11.46#),CS,97,640,90,UNBRANDED,11.46 LB,Frz,11.46
28027J,SQUID (ARGENTINE_M_300-400),물 오징어 (M_300-400),CS,50,640,90,UNBRANDED,22 LB,Frz,22
28028K,SQUID (TAIWAN_L_400-600),물 오징어 (L_400-600),CS,129,650,90,UNBRANDED,38.0 LB,Frz,38
28029J,SQUID (KOREA_2L_600UP),물 오징어 (2L_600UP),CS,107,640,90,UNBRANDED,45.1 LB,Frz,45.1
28030J,SQUID (ARGENTINE_400/600),물 오징어 (400/600),CS,95,640,90,UNBRANDED,32.0 LB,Frz,27.6
28031J,SQUID (TAIWAN_L_400-600),물 오징어 (L_400-600),CS,128,650,90,UNBRANDED,40.7 LB,Frz,41
28032J,SQUID (TAIWAN_400-600),물 오징어 (400-600),CS,128,640,90,UNBRANDED,36.28 LB,Frz,38.28
28033J,SQUID (NEWZEALAND_L_400-600),물 오징어 (L_400-600),CS,200,640,90,UNBRANDED,66.13 LB,Frz,66.13
28034J,SQUID (ARGENTINA_L_400-600),물 오징어 (L_400-600),CS,67,640,90,UNBRANDED,22 LB,Frz,22
28035J,SQUID (TAIWAN_M_300-400),물 오징어 (M_300-400),CS,65,650,90,UNBRANDED,40 LB,Frz,40
28036J,SQUID (ARGENTINA_M_300-400),물 오징어 (M_300-400),CS,53,650,90,UNBRANDED,19.80 LB,Frz,19.8
28037J,SQUID (TAIWAN_400-600),물 오징어 (400-600),CS,102,650,90,UNBRANDED,40.5 LB,Frz,40.5
28038J,SQUID (ARGENTINA_M_300-400),물 오징어 (M_300-400),CS,58,650,90,UNBRANDED,25.34 LB,Frz,25.34
28039J,SQUID (ARGENTINA_600UP),물 오징어 (600UP),CS,46,640,90,UNBRANDED,26.46 LB,Frz,26.45
28040J,LOLIGO (KOREA),오징어 (롤리고),CS,133,640,90,UNBRANDED,42.90 LB,Frz,42.9
28045D,SHRIMP (AG_PINK_HOSO_WILD_10UP),자연산 머리새우,CS,163,640,90,PESQUERASANTACRUZ,6X4.4 LB,Frz,6
28062V,COOKED BLOOD ARK COCKLE CLAM,꼬막,CS,138,640,90,VIETWAY,20X1 LB,Frz,20
28087K,BABY OCTOPUS (12 OZ),냉동 쭈꾸미 (12 OZ),CS,155,640,90,WILDSEA,30X12 OZ,Frz,30
28089K,BABY OCTOPUS (5#),냉동 쭈꾸미 (5#),CS,183,640,90,WILDSEA,6X5 LB,Frz,6
28101D,BABY OCTOPUS (1.5#),쭈꾸미 (1.5#),CS,205,640,90,ASSI,20X1.5 LB,Frz,20
28104D,BABY OCTOPUS (12 OZ),쭈꾸미 (12 OZ),CS,183,640,90,ASSI,40X12 OZ,Frz,40
28105D,SEAFOOD MIX (S),해물 모듬 (S),CS,189,640,90,ASSI,40X12 OZ,Frz,40
28106D,SEAFOOD MIX (L),해물 모듬 (L),CS,190,640,90,ASSI,15X2 LB,Frz,15
28107C,SEAFOOD MIX (S),해물 모듬 (S),CS,115,460,90,WILDSEA,40X12 OZ,Frz,40
28108C,SEAFOOD MIX (L),해물 모듬 (L),CS,115,460,90,WILDSEA,15X2 LB,Frz,15
28114C,YELLOW CROAKER (80-100_5#),참조기 (80-100_5#),CS,112,640,90,ASSI,6X5 LB,Frz,6
28115C,YELLOW CROAKER (120-150_5#),참조기 (120-150_5#),CS,161,640,90,ASSI,6X5 LB,Frz,6
28116K,YELLOW CROAKER (200-300_3#),서해 참조기 (200-300_3#),CS,142,640,90,UNBRANDED,12X3 LB,Frz,12
28118K,YELLOW CROAKER W/ROE (CHINA_300-400_10#),알배기 조기 (300-400_10#),CS,43,640,90,ASSI,10 LB,Frz,10
28119K,YELLOW CROAKER W/ROE (CHINA_400-500_10#),알배기 조기 (400-500_10#),CS,45,640,90,ASSI,10 LB,Frz,10
28121K,YELLOW CROAKER W/ROE (300-400_4#),[수출전용] 알배기 조기 (300-400_4#),CS,197,640,90,ASSI,12X4 LB,Frz,12
28901D,SMELTS,스멜트,CS,61,640,90,PESCANOVA,20X1 LB,Frz,20
29001K,SOYBEAN PASTE SOUP WITH BRISKET,차돌박이 된장찌개,CS,140,330,90,EMARTPK,24X19.4 OZ,Frz,24
29004K,SPICY BEEF AND VEGETABLE SOUP,육개장,CS,164,330,90,EMARTPK,24X19.4 OZ,Frz,24
29005K,SPICY SAUSAGE AND VEGETABLE SOUP,부대찌개,CS,168,330,90,EMARTPK,24X21.1 OZ,Frz,24
29006K,OX BONE SOUP WITH BEEF,설렁탕,CS,121,330,90,EMARTPK,24X15.9 OZ,Frz,24
29007K,BROWN SEAWEED SOUP WITH BEEF,소고기 미역국,CS,119,330,90,EMARTPK,24X15.9 OZ,Frz,24
29008K,KIMCHI SOUP WITH PORK,돼지고기 김치찌개,CS,125,330,90,EMARTPK,24X15.9 OZ,Frz,24
29009K,STIR FRIED PORK WITH KIMCHI,김치제육볶음,CS,161,330,90,EMARTPK,24X12.3 OZ,Frz,24
29012K,BLACK BEAN SAUCE W/ PORK (JJAJANG),불맛 짜장,CS,151,330,90,EMARTPK,24X17.6 OZ,Frz,24
29013K,SPICY SEAFOOD SOUP W/ PORK & VEGETABLE,불맛 짬뽕탕,CS,172,330,90,EMARTPK,24X17.6 OZ,Frz,24
29014K,BULGOGI W/ MUSHROOMS,뚝배기 버섯 불고기,CS,222,330,90,EMARTPK,24X21.2 OZ,Frz,24
29015K,PORK BACK-BONE STEW W/ DRIED RADISH,시래기 감자탕,CS,192,330,90,EMARTPK,20X24.7 OZ,Frz,20
29016K,BEEF BONE EXTRACT,사골 농축액,CS,113,330,90,EMARTPK,24X22.9 OZ,Frz,24
29017K,BRAISED CHICKEN & VEGETABLE IN SOY SAUCE,안동식 찜닭,CS,149,330,90,EMARTPK,24X17.6 OZ,Frz,24
29018K,SOY SAUCE BRAISED EGGS WITH BEEF,소고기 달걀 장조림,CS,190,330,90,EMARTPK,24X17.6 OZ,Frz,24
29019K,SPICY STIR FRIED VEGETABLES W/ CHICKEN,춘천식 닭갈비,CS,149,330,90,EMARTPK,24X17.6 OZ,Frz,24
29020K,SPICY CHICKEN & VEGETABLE STEW,닭볶음탕,CS,149,330,90,EMARTPK,24X17.6 OZ,Frz,24
29021K,SPICY STIR FRIED VEGE. W/BABY OCT. & PORK,쭈꾸미 삼겹볶음,CS,93,330,90,EMARTPK,15X10.6 OZ,Frz,15
29028K,GALBI TANG (BEEF SHORT RIB SOUP),갈비탕,CS,194,700,90,EMARTPK,20X19.4 OZ,Frz,20
29063K,SERIOLA PURPURASCENS (KOREA_16~22P),잿방어 (16~22P),CS,72,280,90,UNBRANDED,41.8 LB,Frz,41.8
29064K,YELLOW TAIL (KOREA_15~21P_WILD),방어 (15~21P_WILD),CS,68,285,90,UNBRANDED,33.1 LB,Frz,33.1
29096K,GREEN CHILI & MOZZARELLA CORN DOGS,청양고추 통모짜 핫도그,CS,80,285,90,ASSI,12X12.34 OZ,Frz,12
29097K,CRUSHED RAMEN & MOZZARELLA CORN DOGS,라면땅 통모짜 핫도그,CS,81,285,90,ASSI,12X12.34 OZ,Frz,12
29098K,WHOLE RICE CAKE CORN DOGS,가래떡 핫도그,CS,81,285,90,ASSI,12X14.1 OZ,Frz,12
29099K,CRISPY FISH CAKE CORN DOGS,오리지널 핫도그,CS,83,280,90,ASSI,12X14.1 OZ,Frz,12
29100K,CRISPY MOZZARELLA & FISH CAKE CORN DOGS,모짜렐라 핫도그,CS,85,280,90,ASSI,12X14.1 OZ,Frz,12
29101K,KIMCHI FRIED RICE,김치 볶음밥,CS,33,640,90,ASSI,10X19.04 OZ,Frz,10
29102K,RADISH KIMCHI FRIED RICE,깍두기 볶음밥,CS,45,640,90,ASSI,10X19.04 OZ,Frz,10
29120K,VEGETABLE BIBIMBAP,산채비빔밥,CS,111,460,90,FRESHEASY,20X11.11 OZ,Frz,20
29121K,VEGAN BEEF BIBIMBAP,소고기 비빔밥,CS,119,460,90,FRESHEASY,20X10.58 OZ,Frz,20
29122K,VEGAN CHICKEN BIBIMBAP,닭고기 비빔밥,CS,116,460,90,FRESHEASY,20X10.75 OZ,Frz,20
29126K,DRIED SHRIMP (CHINA_AMA EBI_10#),아마 에비 (10#),CS,65,640,90,WILDSEA,10 LB,Frz,10
29292K,DRIED ANCHOVIES (16 OZ_BOX),지리 멸치 (16 OZ_BOX),CS,171,640,90,ASSI,12X16 OZ,Frz,12
29297J,DRIED ANCHOVIES (3#_BOX),지리 멸치 (3#_BOX),CS,103,640,90,ASSI,3X3 LB,Frz,3
29298K,HORIHORI TOPOKKI WHEAT FLOUR CAKE,호리호리 밀떡볶이,CS,24,280,90,MATCHANDLE,10X2.2 LB,Frz,10
29299K,TOPOKKI WHEAT FLOUR CAKE,밀떡볶이,CS,21,280,90,MATCHANDLE,10X2.2 LB,Frz,10
29301K,TOPOKKI WHEAT FLOUR CAKE W/SAUCE,석관동 떡볶이,CS,83,280,90,ORIENT,16X18.34 OZ,Frz,16
29302K,TOPOKKI WHEAT FLOUR CAKE W/SAUCE (HOT),석관동 떡볶이 (매운맛),CS,83,280,90,ORIENT,16X18.34 OZ,Frz,16
29306K,TOPOKKI WHEAT FLOUR CAKE W/SAUCE,석관동 국물 떡볶이,CS,89,280,90,ORIENT,16X17.4 OZ,Frz,16
29312K,SEASONED FILE FISH (10 OZ),맛쥐포 (10 OZ),CS,220,640,90,ASSI,35X10 OZ,Frz,35
29314K,SEASONED FILE FISH (1#),맛쥐포 (1#),CS,233,640,90,ASSI,22X1 LB,Frz,22
29320K,SEASONED FILE FISH (VIETNAM_BULK_16CM),쥐포 (벌크_16CM),CS,212,640,90,ASSI,22 LB,Frz,22
29323D,DRIED RED DATE (1#),큰 대추 (1#),CS,91,640,90,HARVEST,12X1 LB,Frz,12
29326K,DRIED RED DATE (1#),큰 대추 (1#),CS,83,640,90,ASSI,20X1 LB,Frz,20
29331K,DRIED RED DATE (12 OZ),대추 (12 OZ),CS,92,640,90,ASSI,30X12 OZ,Frz,30
29334K,PEELED CHESTNUT,깐 생밤,CS,116,460,90,ASSI,20X14 OZ,Frz,20
29354K,BLACK BEAN NOODLES (JJAJANGMYEON),북경 생 자장면,CS,83,280,90,YISSINE,12X21.1 OZ,Frz,12
29355K,HOT & SPICY SEAFOOD NOODLES (JJAMPPONG),북경 생 짬뽕,CS,67,280,90,YISSINE,12X14.3 OZ,Frz,12
29374K,FRESH KAL NOODLES,생 손칼국수,CS,51,640,90,SAMDOO,10X2.2 LB,Frz,10
29375K,FRESH UDON & JJAJANG NOODLES,생 우동 및 짜장 국수,CS,51,640,90,SAMDOO,10X2.2 LB,Frz,10
29376K,FRESH CHINESE STYLE NOODLES,중화풍 생면,CS,45,640,90,NOODLETREE,10X2.2 LB,Frz,10
29383J,SANUKI UDON (5P),사누끼 우동 (5P),CS,27,460,90,HANA,8X2.75 LB,Frz,8
29388J,YAKISOBA (FRZ_08313),야끼 소바,CS,60,280,90,MARUCHAN,2X10X16.9 OZ,Frz,2
29391K,SANUKI UDON (5P),사누끼 우동 (5P),CS,20,460,90,SAMLIP,8X44.09 OZ,Frz,8
29392K,SANUKI UDON (W/O SOUP BASE),사누끼 우동 (W/O SOUP BASE),CS,20,460,90,UNBRANDED,8X2.75 LB,Frz,8
29394K,FRESH POTATO KAL NOODLES,감자 칼국수,CS,43,640,90,ASSI,16X15.87 OZ,Frz,16
29395K,FRESH SOBA NOODLES,생 메밀국수,CS,53,640,90,SAMDOONOODLETREE,10X2.2 LB,Frz,10
29396K,FRESH SOMEN NOODLES,생 소면,CS,43,640,90,SAMDOONOODLETREE,10X2.2 LB,Frz,10
29577J,SEAWEED SALAD (4.4#),해초 무침 (4.4#),CS,75,640,90,KABUTO,4X4.4 LB,Frz,4
29596J,CHUKA IKA SANSAI (SQUID SALAD),츄카 이까 산사이 (오징어 샐러드),CS,140,690,90,AZUMA,4X4.4 LB,Frz,4
29597J,SQUID & VEGETABLE SALAD,츄카 이까 산사이 (오징어 산채 샐러드),CS,137,690,90,UNBRANDED,8X2.2 LB,Frz,8
29685K,LAVER ROLL FRITTER (L_ 2.2#),김말이 튀김 (L_ 2.2#),CS,47,460,90,SAONGWON,6X2.2 LB,Frz,6
29686K,DEEP FRIED SPICY SQUID (L_ 2.2#),매콤 오징어튀김 (L_ 2.2#),CS,84,460,90,SAONGWON,6X2.2 LB,Frz,6
29687K,DEEP FRIED SWEET PUMPKIN (L_ 2.2#),단호박 튀김 (L_ 2.2#),CS,64,460,90,SAONGWON,6X2.2 LB,Frz,6
29688K,DEEP FRIED SWEET POTATO (L_ 2.2#),고구마 튀김 (L_ 2.2#),CS,51,460,90,SAONGWON,5X2.2 LB,Frz,5
29689K,KIMCHI PANCAKES,김치전,CS,66,460,90,SAONGWON,20X10.58 OZ,Frz,20
29694K,DEEP FRIED SPICY SQUID,매콤 오징어튀김,CS,54,460,90,SAONGWON,12X12.34 OZ,Frz,12
29695K,DEEP FRIED SWEET PUMPKIN,단호박 튀김,CS,37,460,90,SAONGWON,10X12.34 OZ,Frz,10
29696K,DEEP FRIED SWEET POTATO,고구마 튀김,CS,40,460,90,SAONGWON,12X12.34 OZ,Frz,12
29698K,ORIGINAL HOTTEOK-SWEET PANCAKE,옛날 꿀 호떡,CS,54,460,90,SAONGWON,15X14.1 OZ,Frz,15
29699K,ORIGINAL SEED HOTTEOK-SWEET PANCAKE,씨앗 호떡,CS,47,460,90,SAONGWON,15X14.1 OZ,Frz,15
29704J,GREEN TEA RICE CAKE (MOCHI_4P),녹차 모찌 (4P),CS,69,690,90,HANA,2X12X4 OZ,Frz,2
29705J,STRAWBERRY RICE CAKE (MOCHI_4P),딸기 모찌 (4P),CS,69,690,90,HANA,2X12X4 OZ,Frz,2
29731K,FRESH UDON NOODLES,생우동 짜장국수,CS,47,640,90,ASSI,10X2.2 LB,Frz,10
29732K,FRESH KAL-GUKSOO NOODLES,생칼국수,CS,48,640,90,ASSI,10X2.2 LB,Frz,10
29733K,FRESH SOMEN NOODLES,생 소면,CS,50,640,90,ASSI,10X2.2 LB,Frz,10
29815K,WHEAT FLAKE W/POTATO (SUJEBI),감자 수제비,CS,51,640,90,ASSI,20X1 LB,Frz,20
29888K,FRESH KAL NOODLES W/SOUP BASE (KALGUKSU),바지락 생 칼국수,CS,55,280,90,YISSINE,12X13.5 OZ,Frz,12
29900D,YOGURT FLAVORED DRINK,요구르트,CS,6.6,180,30,BIOCOOL2,4X5X10.5 OZ,Frz,4
29903K,YOGURT FLAVORED DRINK,요구르트,CS,13,280,90,ASSI,4X5X10.5 OZ,Frz,4
29904K,STRAWBERRY YOGURT FLAVORED DRINK,딸기맛 요구르트,CS,13.6,280,90,ASSI,4X5X10.5 OZ,Frz,4
29905K,APPLE YOGURT FLAVORED DRINK,사과맛 요구르트,CS,14.3,280,90,ASSI,4X5X10.5 OZ,Frz,4
29912K,PEACH YOGURT FLAVORED DRINK,복숭아맛 요구르트,CS,14.3,280,90,ASSI,4X5X10.5 OZ,Frz,4
29930V,THIN SLICED & ROLLED PORK BELLY (1#),대패 삼겹살 (1#),CS,119,358,90,ASSI,12X1 LB,Frz,12
29931V,THIN SLICED & ROLLED BRISKET (1#),대패 차돌박이 (1#),CS,187,358,90,ASSI,12X1 LB,Frz,12
29932K,JUMBO PORK & VEGETABLE DUMPLINGS,고기 왕만두,CS,101,510,90,OTOKI,12X23.98 OZ,Frz,12
29933K,JUMBO KIMCHI & PORK DUMPLINGS,김치 왕만두,CS,103,510,90,OTOKI,12X23.98 OZ,Frz,12
29934K,PORK & VEGETABLE GYOZA,고기 교자만두,CS,102,510,90,OTOKI,12X21.16 OZ,Frz,12
29935K,CHICKEN GYOZA W/ GINGER,치킨 교자만두,CS,99,510,90,OTOKI,12X21.16 OZ,Frz,12
29936K,PORK & VEGETABLE MINI WONTON ,고기 물만두,CS,97,510,90,OTOKI,12X21.16 OZ,Frz,12
29937K,PORK & VEGETABLE DUMPLINGS,고기 손만두,CS,103,510,90,OTOKI,12X24.69 OZ,Frz,12
29938K,KIMCHI & PORK DUMPLINGS,김치 손만두,CS,104,510,90,OTOKI,12X24.69 OZ,Frz,12
29939K,CRISPY FLAT PORK & VEGETABLE POTSTICKERS,바삭한 납작 군만두,CS,104,510,90,OTOKI,12X21.16 OZ,Frz,12
29940K,PORK & VEGETABLE JUICY DUMPLINGS,촉촉한 육즙 포자만두,CS,102,510,90,OTOKI,12X21.16 OZ,Frz,12
29941K,PREMIUM PORK LOIN FRITTER,숙성된 등심돈까스,CS,138,335,90,OTOKI,16X12 OZ,Frz,16
29942K,PREMUIM PORK LOIN FRITTER WITH MOZZARELLA CHEESE,푸짐한 치즈돈까스,CS,155,335,90,OTOKI,16X12 OZ,Frz,16
29952D,FRIED BEAN CURD ROLL,튀긴 빈 커드 롤,CS,88,190,60,NATURESOY,24X4.2 OZ,Frz,24
29965V,SEASONED PORK RIB IN STEAK,양념 돼지 등심 스테이크,LB,5.6,330,90,QMI,12 LB,Frz,12
29966V,"KOREAN COOKED PORK HOCKS (BONLESS, SLICED)",뼈 없는 썬 족발 ,CS,187,700,90,HANOVERRANCH,10X1 LB,Frz,10
29973V,GALBI(KOREAN BBQ BEEF SHORT RIBS),양념 소갈비,CS,219,330,90,HANOVERRANCH,10X1.6 LB,Frz,10
29974V,BEEF BULGOGI(KOREAN BBQ BEEF),양념 소 불고기,CS,144,330,90,HANOVERRANCH,16X1 LB,Frz,16
29975V,PORK GOCHUJANG BULGOGI(KOREAN BBQ SPICY PORK),고추장 양념 돼지 불고기,CS,101.7,330,90,HANOVERRANCH,16X1 LB,Frz,16
29977V,KOREAN BBQ PORK RIBS & SHOULDER,양념 돼지갈비 플러스 목살,CS,90.5,330,90,HANOVERRANCH,10X1.5 LB,Frz,10
29981V,SLICED PORK BELLIES (USA_2#),슬라이스 삼겹살 (2#),CS,217,330,90,ASSI,18X2 LB,Frz,18
29982V,SLICED PORK SHOULDER BUTT,슬라이스 돼지 불고기,CS,60,330,90,ASSI,10X1 LB,Frz,10
29991V,SLICED BEEF SHORT RIBS (AVG 18#),LA 갈비 (AVG 18#),LB,13.55,330,90,HANOVERRANCH,18 LB,Frz,1
29992V,SLICED BEEF RIBEYES  (AVG 25#),소불고기  (AVG 25#),LB,9.25,330,90,HANOVERRANCH,26 LB,Frz,1
29993V,BEEF OX TAIL (AVG 15#),소꼬리 (AVG 15#),LB,12.15,330,90,HANOVERRANCH,15 LB,Frz,1
30103F,BEEF RIBEYE (USA_8UP),소 불고기 (USA_8UP),LB,6.05,690,90,LONGPRAIRIE,55 LB,Frz,1
30114F,BEEF NAVEL (CANADA),소 차돌백이 (CANADA),LB,6.6,690,90,EXCEL,65 LB,Frz,1
30125F,BEEF HONEYCOMB TRIPE (USA_CLEANED),손질한 소 양 (USA),LB,4.65,690,90,UNBRANDED,25 LB,Frz,1
30126F,BEEF OMASSUM TRIPE (USA_CLEANED),손질한 소 천엽 (USA),LB,5.5,690,90,UNBRANDED,25 LB,Frz,1
30127F,BEEF INTESTINE (USA_VEAL),송아지 곱창 (USA),LB,3.1,690,90,UNBRANDED,10 LB,Frz,1
30128F,BEEF INTESTINE (USA),소 곱창 (USA),LB,1.9,690,90,UNBRANDED,30 LB,Frz,1
30130F,BEEF LARGE INTESTINE (USA),소 대창 (USA),LB,1.3,690,90,UNBRANDED,20 LB,Frz,1
30131F,BEEF BONE (USA),소 사골 (USA),LB,1.05,690,90,UNBRANDED,55 LB,Frz,1
30202F,PORK BELLIES (USA_ US#1 BUTCH ER HOG),흑돼지 삼겹살 (USA),LB,5.15,330,90,UNBRANDED,45 LB,Frz,1
30204F,PORK  BELLIES (CANADA_JAPANESE SPEC),돼지 삼겹살 (CANADA_일본 수출용 ),LB,4.15,280,90,OLYMEL,55 LB,Frz,1
30205F,PORK C.T. BUTTS (USA),돼지 목살 (USA),LB,3.05,330,90,IBPCHOICE,40 LB,Frz,1
30206F,PORK BELLIES (CHILE_JAPANESE SPEC),돼지 오겹살 (CHILE_일본 스펙),LB,3.55,460,90,AGROSUPER,38 LB,Frz,1
30211F,PORK BELLIES (CHILE_KOREAN SPEC),돼지 오겹살 (CHILE_한국 스펙),LB,3.45,460,90,AGROSUPER,38 LB,Frz,1
30215F,PORK HOCKS (CANADA),돼지 무릎 (CANADA),LB,2.15,280,90,OLYMEL,33 LB,Frz,1
30217F,PORK LACONES (CANADA_HOCK+FEET),돼지 장족 (CANADA_무릎+족),LB,2.25,280,90,OLYMEL,33 LB,Frz,1
30220F,PORK BELLIES (USA_RIND-ON),껍질 있는 돼지 삼겹살 (USA_RIND-ON),LB,5.3,330,90,UNBRANDED,45 LB,Frz,1
30226F,PORK BELLIES(MEXICO_JAPANESE SPEC),돼지 삼겹살 (MEXICO_일본 수출용),LB,3.1,610,90,UNBRANDED,39 LB,Frz,1
30227F,PORK BELLIES-DUROC (CANADA_JAPANESE SPEC),붉은 돼지 삼겹살(CANADA_일본 수출용 ),LB,3.85,610,90,UNBRANDED,46 LB,Frz,1
30301F,CORNISH HEN (USA),약 병아리 (USA_18 OZ),CS,49,330,90,TYSON,16X18 OZ,Frz,16
30309F,SLICED BONESLESS SMOKED DUCK (HALF),슬라이스 훈제오리 (반마리),LB,19.75,280,90,KINGCOLE,10 LB,Frz,1
30312F,LAMB LEG BONE-IN (AUSTRALIA),뼈 있는 양다리 (AUSTRALIA),LB,5.9,640,90,UNBRANDED,48 LB,Frz,1
30315F,LAMB SHOULDER ROLL(NEW ZEALAND),뼈없는 양 어깨살 롤 (NEW ZEALAND),LB,9.5,640,90,UNBRANDED,30 LB,Frz,1
40004K,SOY BEAN DRINK (BLACK BEAN _GIFT SET),두유 (검은콩_선물용),CS,0,286,60,SAHMYOOK,4X16X6.42 OZ,Ref,4
40006K,SHRIMP SNACK,새우 스낵,CS,24,280,90,PALDO,20X2.64 OZ,Dry,20
40009K,SOY BEAN DRINK (BLACK BEAN),두유 (검은콩),CS,0,286,60,SAHMYOOK,4X24X6.42 OZ,Ref,4
40011K,SOY BEAN DRINK (REGULAR),두유 (레귤러),CS,0,286,60,SAHMYOOK,4X24X6.42 OZ,Ref,4
40014K,SOY BEAN SOUP,콩국,CS,0,286,60,SAHMYOOK,12X32.12 OZ,Ref,12
40026K,SOY MILK (PLAIN A _GIFT SET),고소한 두유 (플레인_선물용),CS,0,286,60,SAHMYOOK,4X16X6.42 OZ,Ref,4
40027K,SOY MILK (BLACK SESAME_GIFT SET),두유 (검은참깨_선물용),CS,0,286,60,SAHMYOOK,4X16X6.42 OZ,Ref,4
40105K,CAPSAICIN SAUCE,캡사이신 매운맛 소스,CS,0,325,90,CHEONGWOO,12X19.4 OZ,Ref,12
40115K,ORIGINAL PEPERO (FAMILY PACK_8P),오리지널 빼빼로 (패밀리팩_8P),CS,52,285,90,LOTTE,8X8.47 OZ,Dry,8
40116K,ALMOND PEPERO (FAMILY PACK_8P),아몬드 빼빼로 (패밀리팩_8P),CS,48,285,90,LOTTE,6X9.03 OZ,Dry,6
40117K,CHOCO FILLED PEPERO (FAMILY PACK_8P),누드 빼빼로 (패밀리팩_8P),CS,44,285,90,LOTTE,6X9.03 OZ,Dry,6
40118K,WHITE COOKIE PEPERO (FAMILY PACK_8P),화이트 쿠키 빼빼로 (패밀리팩_8P),CS,49,285,90,LOTTE,6X9.03 OZ,Dry,6
40119K,CHOCO COOKIE PEPERO (FAMILY PACK_8P),초코 쿠키 빼빼로 (패밀리팩_8P),CS,44,285,90,LOTTE,6X9.03 OZ,Dry,6
40120K,CRUNCHY PEPERO (FAMILY PACK_8P),크런키 빼빼로 (패밀리팩_8P),CS,49,285,90,LOTTE,6X11.01 OZ,Dry,6
40121K,FRIENDS PEPERO (LIMITED EDITION_ 3P),프렌즈 빼빼로 (한정 상품_ 3P),CS,0,280,90,LOTTE,6X3.9 OZ,Dry,6
40123K,WAFER PEPERO (LIMITED EDITION_ 10P),웨이퍼 빼빼로 (한정 상품_ 10P),CS,0,280,90,LOTTE,15X4.5 OZ,Dry,15
40125K,"O JELLY (ASSORTED, SPECIAL EDITION) ","오 젤리 (종합, 기획상품)",CS,28,285,90,ORION,4X23.2 OZ,Dry,4
40126K,"CHOCO MONT (10P, SPECIAL EDITION)","초코몽 (10P, 기획상품)",CS,28,285,90,ORION,4X17.64 OZ,Dry,4
40127K,PEPERO(STRAWBERRY_LIMITED),빼빼로(딸기맛_한정판),CS,44,285,90,LOTTE,40X1.28 OZ,Dry,40
40128K,PEPERO(CITRON YUJA_LIMITED),빼빼로(유자맛_한정판),CS,46,285,90,LOTTE,40X1.28 OZ,Dry,40
40129K,O-ING (POLLACK FLAVORED CHIPS_S),오잉 노가리칩(청양마요맛_S),CS,35,220,90,LOTTE,16X2.12 OZ,Dry,16
40130K,O-ING (POLLACK FLAVORED CHIPS_L),오잉 노가리칩(청양마요맛_L),CS,42,220,90,LOTTE,12X4.23 OZ,Dry,12
40131K,RICE SNACK (L),쌀로별 고소한맛(L),CS,37,220,90,LOTTE,12X5.5 OZ,Dry,12
40133K,CHOCO COOKIE PEPERO (L),초코 쿠키 빼빼로 (L),CS,39,280,90,LOTTE,9X4.52 OZ,Dry,9
48249K,SEASONED PERILLA LEAF (8#),양념 깻잎 (8#),CS,0,680,90,YISSINE,2X8 LB,Frz,2
48250K,SEASONED DRIED RADISH (8#),무말랭이 무침 (8#),CS,0,680,90,YISSINE,2X8 LB,Frz,2
48252K,SEASONED POLLACK ROE (KOREA),한국산 조미 명란젓,CS,0,680,90,UNBRANDED,22 LB,Frz,1
48253K,SEASONED SEAWEED (8#),파래 무침 (8#),CS,0,680,90,YISSINE,2X8 LB,Frz,2
50001L,PEANUT SAUCE,피넛 소스,CS,42,640,90,LKK,12X8 OZ,Dry,12
50007L,PREMIUM SOY SAUCE,프리미엄 소이 소스,CS,45,460,90,LKK,5 GAL,Dry,1
50022L,CHEFS SELECT SOY SAUCE (JAPANESE STYLE),쉐프스 셀렉트 소이 소스 (일본식),CS,30,280,90,LKK,5 GAL,Dry,1
50031K,CHICKEN TERIYAKI SAUCE,치킨 테리야키 소스,CS,87,640,90,BAPSANG,44 LB,Dry,1
50072L,SWEET SOY SAUCE,스윗 소이 소스,CS,59,640,90,ABC,12X20.28 OZ,Dry,12
50074L,SWEET SOY SAUCE,스윗 소이 소스,CS,59,640,90,ABC,12X20.9 OZ,Dry,12
50524P,SOY SAUCE,간장,CS,32,640,90,DATUPUTI,12 X 25.36 OZ,Dry,12
50560K,CHAL GOCHUJANG GOLD (37.5#),찰 고추장 골드 (37.5#),CS,101,460,90,OFOOD,37.5 LB,Dry,1
50561L,RICE STICK (BUN TUOI DAC BIET #802),쌀국수 (BUN TUOI DAC BIET #802),CS,143,640,90,OLDMANQUEHUONG,30X2 LB,Dry,30
50602L,RICE FLOUR,쌀가루,CS,30,640,90,ERAWAN,24X16 OZ,Dry,24
50603L,GLUTINOUS RICE FLOUR,찹쌀가루,CS,33,640,90,ERAWAN,24X16 OZ,Dry,24
50604L,TAPIOCA STARCH,타피오카가루,CS,30,640,90,ERAWAN,24X16 OZ,Dry,24
50710L,FERMENTED BEAN CURD W/SESAME OIL,두부 (참기름),CS,72,280,90,HRS,24X10.5 OZ,Dry,24
51001L,YAN YAN (CHOCOLATE),얀얀 초콜릿,CS,123,330,90,MEIJI,8X10X2 OZ,Dry,80
51002L,YAN YAN (STRAWBERRY),얀얀 딸기,CS,123,330,90,MEIJI,8X10X2 OZ,Dry,80
51003L,YAN YAN (VANILLA),얀얀 바닐라,CS,114,330,90,MEIJI,8X10X2 OZ,Dry,8
51004L,SKYFLAKES CRACKERS,스카이후레익스 크래커,CS,52,280,90,MYSAN,8X28.21 OZ,Dry,8
51009L,SUNFLOWER SEED (SPICED),해바라기씨 (SPICED),CS,51,280,90,CHACHA,18X8.82 OZ,Dry,18
51010L,WAFERS (STRAWBERRY),딸기맛 웨하스,CS,43,280,90,GARDEN,24X7 OZ,Dry,24
51011L,WAFERS (CHOCOLATE),초콜릿 웨하스,CS,43,280,90,GARDEN,24X7 OZ,Dry,24
51012L,WAFERS (VANILLA),바닐라 웨하스,CS,43,280,90,GARDEN,24X7 OZ,Dry,24
51013L,WAFERS (DURIAN),두리안 웨하스,CS,48,280,90,GARDEN,24X7 OZ,Dry,24
51014L,WAFER (CAPPUCCINO),카푸치노 웨하스,CS,43,280,90,GARDEN,24X7 OZ,Dry,24
51015L,SENBEI,센베이,CS,30,280,90,WANTWANT,20X3.95 OZ,Dry,20
51016L,SHELLY SENBEI,설 센베이,CS,39,280,90,WANTWANT,20X4.3 OZ,Dry,20
51017L,ITALIAN APRICOT GLAZED PUFF PASTRY,이태리 퍼프 페이스트리 (살구),CS,36,280,90,FORRELLI,20X7 OZ,Dry,20
51018L,ITALIAN SUGAR TOPPED PUFF PASTRY,이태리 퍼프 페이스트리 (설탕),CS,37,280,90,FORRELLI,20X7 OZ,Dry,20
51025L,CALAMANSI DRINK,칼라만지 드링크,CS,42,280,90,GINA,30X8.5 OZ,Dry,30
51026L,MANGO NECTAR,망고 넥타,CS,44,280,90,GINA,30X8 OZ,Dry,30
51029L,MUSHROOM SEASONING,버섯 다시다,CS,101,1000,90,LOTUS,12X17.6 OZ,Dry,12
51031L,CONDENSED MILK (PARROT),연유,CS,64,690,90,PARROT,24X14 OZ,Dry,24
51033L,CONDENSED MILK (LONGEVITY),연유,CS,85,690,90,LONGEVITY,24X14 OZ,Dry,24
51035L,COFFEE,커피,CS,181,690,90,CAFEDUMONDE,24X15 OZ,Dry,24
51037L,SHRIMP CHIP (ORIGINAL),쉬림프 칩 (오리지널),CS,55,150,30,MARCOPOLO,24X2.5 OZ,Dry,24
51038L,SHRIMP CHIP (B.B.Q.),쉬림프 칩 (바베큐맛),CS,54,150,30,MARCOPOLO,24X2.5 OZ,Dry,24
51040L,SHRIMP CHIP (ONION&GARLIC),쉬림프 칩 (양파&마늘맛),CS,53,150,30,MARCOPOLO,24X2.5 OZ,Dry,24
51041L,COFFEE MILK BISCUIT,커피맛  비스킷,CS,45,280,90,PARROT,24X7 OZ,Dry,24
51042L,WAFERS (COCONUT),코코넛 웨하스,CS,43,280,90,GARDEN,24X7 OZ,Dry,24
51043L,SUNFLOWER SEED (NATURAL),해바라기씨 (NATURAL),CS,50,280,90,CHACHA,18X8.82 OZ,Dry,18
51044L,BUTTER COCONUT BISCUIT,버터 코코넛 비스킷,CS,51,280,90,PARROT,24X7 OZ,Dry,24
51072L,SPICY PEANUT,매운 땅콩,CS,66,280,90,HUANGFEIHONG,30X3.88 OZ,Dry,30
51078L,GINGER HONEY CRYSTALS (30P),생강 꿀차 (30P),CS,222,1000,90,PRINCEOFPEACE,30X18.9 OZ,Dry,30
51079L,GINGER HONEY CRYSTALS (10P),생강 꿀차 (10P),CS,110,1000,90,PRINCEOFPEACE,36X6.3 OZ,Dry,36
51080L,GINGER CHEWS,생강 캔디,CS,60,640,90,PRINCEOFPEACE,40X4 OZ,Dry,40
51081L,GINGER CHEWS (4 OZ_ORIGINAL),생강캔디 (4 OZ_ORIGINAL),CS,20,700,90,PRINCEOFPEACE,12X4 OZ,Dry,12
52002L,LYCHEE DRINK,리치 드링크,CS,20,640,90,YEOS,24X10.1 OZ,Dry,24
52003L,ICE GREEN TEA DRINK,아이스 그린티,CS,22,640,90,YEOS,24X10.1 OZ,Dry,24
52004L,CHRYSANTHEMUM TEA DRINK,국화차 드링크,CS,22,640,90,YEOS,24X10.1 OZ,Dry,24
52005L,SUGARCANE DRINK,사탕수수 드링크,CS,22,640,90,YEOS,24X10.1 OZ,Dry,24
52006L,SOY MILK (VIETNAMESE STYLE_CAN),월남식 소이 밀크 (두유_캔),CS,21,640,90,YEOS,24X10.1 OZ,Dry,24
52009L,COCONUT JUICE,코코넛 주스,CS,39,640,90,FOCO,24X17.6 OZ,Dry,24
52010L,SOY DRINK,소이 드링크,CS,34,640,90,VITASOY,8X6X8.45 OZ,Dry,8
52014L,CHRYSANTHEMUM TEA DRINK,국화차 드링크,CS,33,640,90,VITA,8X6X8.45 OZ,Dry,8
52016L,LEMON TEA DRINK,레몬차 드링크,CS,33,640,90,VITA,8X6X8.45 OZ,Dry,8
52020L,SOY MILK (250 ML),소이 밀크 (두유_250 ML),CS,16,160,60,YEOS,4X6X8.5 OZ,Dry,4
52022L,CHRYSANTHEMUM TEA DRINK (250 ML),국화차 드링크 (250 ML),CS,19,340,90,YEOS,4X6X8.5 OZ,Dry,4
52024L,LYCHEE DRINK (250 ML),리치 드링크 (250 ML),CS,18,340,90,YEOS,4X6X8.5 OZ,Dry,4
56104L,PANCAKE (GREEN ONION),팬케익 (파),CS,45,280,90,IMEI,18X18.5 OZ,Frz,18
56124L,ROAST PORK BUNS (4P),돼지고기 통만두 (4P),CS,76,150,30,CHEFHON,30X10 OZ,Frz,30
56125L,VEGETABLE BUNS (4P),야채 통만두 (4P),CS,76,150,30,CHEFHON,30X10 OZ,Frz,30
56132L,CHINESE TWIST CRULLER,트위스트 크럴러,CS,56,150,30,CHEFHON,20X3 PC,Frz,20
56139L,PORK SIOPAO,포크 쇼파오 (돼지고기),CS,89,330,90,MANILASIHAWAN,12X28.5 OZ,Frz,12
56140L,CHICKEN SIOPAO,치킨 쇼파오 (치킨),CS,89,330,90,MANILASIHAWAN,12X28.5 OZ,Frz,12
56152L,THIN SHNAGHAI PLAIN NOODLES,상해 유면,CS,46,150,30,TWINMARQUIS,20X16 OZ,Frz,20
56155L,UDON NOODLE,상해식 우동면,CS,34,150,30,TWINMARQUIS,12X16 OZ,Frz,12
56182L,HONG KONG PAN-FRIED NOODLES,철판 볶음 국수,CS,59,150,30,TWINMARQUIS,20X16 OZ,Frz,20
56184L,PRE BOILED NOODLE,유면,CS,32,150,30,TWINMARQUIS,12X16 OZ,Frz,12
56188L,STIR-FRIED NOODLES,스터 프라이 국수,CS,62,150,30,TWINMARQUIS,20X16 OZ,Frz,20
56189L,WONTON NOODLES (THICK),굵은 완탕 국수,CS,63,150,30,TWINMARQUIS,20X12 OZ,Frz,20
56190L,WONTON NOODLES (THIN),가는 완탕 국수,CS,62,150,30,TWINMARQUIS,20X12 OZ,Frz,20
56195L,PHO (VIETNAMESE RICE NOODLES_1#),월남 쌀국수 (1#),CS,50,150,30,SINCERE,30X1 LB,Frz,30
56196L,BANH CANH RED (VIETNAMESE RICE NOODLES),월남 쌀국수 (레드),CS,78,330,90,SINCERE,40X15 OZ,Frz,40
56197L,BANH CANH BLUE (VIETNAMESE RICE NOODLES),월남 쌀국수 (블루),CS,80,330,90,SINCERE,40X15 OZ,Frz,40
56198L,PHO (VIETNAMESE RICE NOODLES_5#),월남 쌀국수 (5#),CS,43,150,30,SINCERE,6X5 LB,Frz,6
56199L,PAD THAI (1#),태국 쌀국수 (1#),CS,0,136,30,SINCERE,30X1 LB,Frz,30
56205L,SWEET PORK LONGANISA,스윗 포크 롱가니자,CS,71,330,90,MANILASIHAWAN,20X12 OZ,Frz,20
56206L,HOT CURED LONGANISA,핫 롱가니자,CS,75,330,90,MANILASIHAWAN,20X14 OZ,Frz,20
56207L,CHICKEN LONGANISA,치킨 롱가니자,CS,88,330,90,MANILASIHAWAN,20X12 OZ,Frz,20
56208L,PORK TOCINO,포크 토치노,CS,85,330,90,MANILASIHAWAN,20X12 OZ,Frz,20
56210L,CHINESE PORK SAUSAGE,중국식 포크 쏘세지,CS,237,330,90,HARBORSAUSAGE,24X16 OZ,Frz,24
56211L,CHINESE PORK & CHICKEN SAUSAGE,중국식 포크 앤 치킨 쏘세지,CS,238,330,90,HARBORSAUSAGE,24X16 OZ,Frz,24
56218D,ORIGINAL PORK SAUSAGE,대만식 오리지널 돼지 소시지,CS,184,330,90,CHUNWEI,30X12 OZ,Frz,30
56219D,SWEET PORK SAUSAGE,대만식 스윗 돼지 소시지,CS,184,330,90,CHUNWEI,30X12 OZ,Frz,30
56220D,GARLIC PORK SAUSAGE,대만식 마늘 돼지 소시지,CS,171,330,90,CHUNWEI,30X12 OZ,Frz,30
56259L,TOFU (HOT&SPICY),매운 두부,CS,39,83,999,NATURESOY,20X8 OZ,Ref,20
56260L,TOFU (SOY SAUCE STEW),소이소스 스튜 두부,CS,43,83,999,NATURESOY,20X8 OZ,Ref,20
56261L,TOFU (CURRY FLAVORED),커리맛 두부,CS,39,83,999,NATURESOY,20X8 OZ,Ref,20
56262L,TOFU (VEGAN CHICKEN),닭고기맛 두부 (VEGAN),CS,39,83,999,NATURESOY,20X8 OZ,Ref,20
56263L,TOFU (VEGAN BEEF),소고기맛 두부 (VEGAN),CS,39,83,999,NATURESOY,20X8 OZ,Ref,20
56264L,SOY MILK(UNSWEETENED),무당 두유,CS,18,23,999,NATURESOY,6X0.5 GAL,Ref,6
56265L,SOY MILK (SWEET),스윗 두유,CS,14.6,23,999,NATURESOY,6X0.5 GAL,Ref,6
56266L,TOFU (FIRM),부침용 두부,CS,15,83,999,NATURESOY,12X1 LB,Ref,12
56267L,TOFU (SILKEN),생두부,CS,15,83,999,NATURESOY,12X1 LB,Ref,12
56268L,TOFU (SOFT),찌개용 두부,CS,16,83,999,NATURESOY,12X1 LB,Ref,12
56269L,TOFU (LARGE PACK),두부 (LARGE PACK),CS,20,53,999,NATURESOY,4X6LB,Ref,4
56270L,SOY PUFF (18~21PC),유부,CS,43,53,999,NATURESOY,18X4 OZ,Ref,18
56272L,TOFU (FIVE FLAVORED),오향 두부,CS,36,83,999,NATURESOY,20X10 OZ,Ref,20
56273L,TOFU (EXTRA FIRM),단단한 두부,CS,35,83,999,NATURESOY,20X10 OZ,Ref,20
56276L,SOY NOODLE,콩국수,CS,38,23,999,NATURESOY,20X6 OZ,Ref,20
56278L,RICE NOODLE,쌀국수,CS,32,83,999,NATURESOY,30X1 LB,Ref,30
56280L,MINI SOY PUFF,미니 유부,CS,43,83,999,NATURESOY,24X2 OZ,Ref,24
56284L,TOFU (FOR RESTAURANT),식당용 두부,CS,16,53,999,NATURESOY,4X6LB,Ref,4
56285L,TOFU (SOON),순두부,CS,20,83,999,NATURESOY,4X7.5 LB,Ref,4
56286L,SOY MILK ( HIGH FIBER),저당 두유,CS,18,83,999,NATURESOY,6X4 LB,Ref,6
56287L,SOY MILK (BLACK SESAME),검정깨 두유,CS,21,83,999,NATURESOY,6X4 LB,Ref,6
56288L,MATCHA SOY MILK,녹차 두유,CS,23,83,999,NATURESOY,6X4 LB,Ref,6
56301L,FRIED TOFU (9 OZ),튀긴 두부 (9 OZ),CS,38,83,999,NATURESOY,20X9 OZ,Ref,20
56317K,RED GINSENG EXTRACT BEVERAGE (30PC),일품 6년근 홍삼 (30PC),CS,88,640,90,JONGKEUNDANG,5X30X2.3 OZ,Dry,5
56318K,BLACK GARLIC EXTRACT BEVERAGE (30PC),일품 흑마늘 (30PC),CS,104,640,90,JONGKEUNDANG,5X30X2.3 OZ,Dry,5
56321K,PERSIAN POMEGRANATE BEVERAGE (30PC),일품 페르시아 석류 (30PC),CS,84,640,90,JONGKEUNDANG,5X30X2.3 OZ,Dry,5
56322K,KOREAN RED GINSENG PURE EXTRACT DRINK (30P),순홍삼액 순,CS,186,640,90,DONGWON,4X30X2.36 OZ,Dry,4
56323K,KOREAN RED GINSENG CONCENTRATE STICK (30P),홍삼정 데일리원,CS,234,640,90,DONGWON,6X30X0.33 OZ,Dry,6
56324K,KOREAN GINSENG LIQUID PREMIUM EXTRACT (30P),일품 6년근 홍삼 (30P),CS,81,1000,90,DONGWON,5X30X2.46 OZ,Dry,5
56328L,EGG ROLL WRAPPER,에그롤 피,CS,57,330,90,FIVESTAR,10X5 LB,Frz,10
56335L,SPRING ROLL WRAPPER,스프링롤 래퍼,CS,59,100,30,SPRINGHOME,40X25 PC,Frz,40
56336L,ROTI PARATHA (PLAIN),로티 파라타 (플레인),CS,42,100,30,SPRINGHOME,24X5 PC,Frz,24
56337L,ROTI PARATHA (ONION),로티 파라타 (양파),CS,42,100,30,SPRINGHOME,24X5 PC,Frz,24
56341L,FRESH RICE STICK,월남 쌀국수,CS,57,150,30,RAMA,30X16 OZ,Frz,30
60014L,FRIED NOODLES MI GORENG,푸라이드 누들 미고랭,CS,0,351,90,INDOMIE,30X3 OZ,Dry,30
60015L,HOT & SPICY NOODLES MI GORENG,매운 누들 미고랭,CS,0,351,90,INDOMIE,30X3 OZ,Dry,30
60016L,BBQ CHICKEN NOODLES MI GORENG,바베큐 치킨 누들 미고랭,CS,0,351,90,INDOMIE,30X3 OZ,Dry,30
60017L,SPECIAL CHICKEN NOODLES MI GORENG,스페셜 치킨 누들 미고랭,CS,0,351,90,INDOMIE,30X2.65 OZ,Dry,30
60018L,ONION CHICKEN NOODLES MI GORENG,양파 치킨 누들 미고랭,CS,0,351,90,INDOMIE,30X2.65 OZ,Dry,30
60019L,CHICKEN CURRY NOODLES MI GORENG,치킨 카레 누들 미고랭,CS,0,351,90,INDOMIE,30X2.82 OZ,Dry,30
60020L,VEGETABLE NOODLES MI GORENG,야채 누들 미고랭,CS,0,351,90,INDOMIE,30X2.65 OZ,Dry,30
60032L,SWEET & SOUR SAUCE,스윗 앤 싸워 소스 17.5 OZ,CS,0,640,90,DRAGONFLY,24X17.5 OZ,Dry,12
60092L,MINI Q MOCHI ORIGINAL,미니 큐 빙수떡 모찌,CS,0,325,90,ROYALFAMILY,24X10.58 OZ,Dry,24
60093L,MINI Q MOCHI (STRAWBERRY),미니 큐 빙수떡 모찌 (딸기),CS,0,325,90,ROYALFAMILY,24X10.58 OZ,Dry,24
60094L,MINI Q MOCHI (GREEN TEA),미니 큐 빙수떡 모찌 (녹차),CS,0,325,90,ROYALFAMILY,24X10.58 OZ,Dry,24
60095L,MINI Q MOCHI MIXED,미니 큐 빙수떡 모찌 (종합),CS,0,325,90,ROYALFAMILY,24X10.58 OZ,Dry,24
60505L,GRAPESEED OIL PLUS (2L),포도씨유 플러스 (2L),CS,0,716,90,ASSI,6X67.6 OZ,Dry,6
60506L,AVOCADO OIL PLUS,아보카도유 플러스,CS,47,690,90,ASSI,6X67.6 OZ,Dry,6
61114L,SWEET & SMOKEY PORK SAUSAGE,스윗 훈제 소세지,CS,0,351,90,YISSINE,12X12 OZ,Frz,12
61115L,SPICY SWEET & SMOKEY PORK SAUSAGE,매콤 스윗 훈제 소세지,CS,0,351,90,YISSINE,12X12 OZ,Frz,12
77006K,SHOPPING BAG (VINYL_1000P_16MICRON),쇼핑백 (비닐_1000P),CS,49,330,999,UNBRANDED,1000 PC,Dry,1000
77500K,CUSTOM CHOPSTICK (49),주문 젓가락 (49),CS,80,280,999,UNBRANDED,1800 PR,Dry,1800
77501K,CUSTOM CHOPSTICK (49+5 COLOR),주문 젓가락 (49+5 COLOR),CS,77,280,999,UNBRANDED,1800 PR,Dry,1800
77502K,CUSTOM CHOPSTICK (53),주문 젓가락 (53),CS,70,280,999,UNBRANDED,1800 PR,Dry,1800
77503K,CUSTOM CHOPSTICK (48),주문 젓가락 (48),CS,87,280,999,UNBRANDED,1800 PR,Dry,1800
80000V,NAPA (CANADA),배추 (CANADA),CS,13,23,999,UNBRANDED,45 LB,Ref,45
80001V,NAPA (USA),배추 (USA),CS,20,23,999,UNBRANDED,45 LB,Ref,45
80006V,YOUNG NAPA (USA),풋 배추(USA),CS,32,23,999,UNBRANDED,45 BUN,Ref,45
80008V,YOUNG NAPA (CANADA),풋 배추(CANADA),CS,37,23,999,UNBRANDED,45 BUN,Ref,45
80009V,SPRING NAPA (USA_BULK),봄동배추  (USA_BULK),CS,40,23,999,UNBRANDED,25 LB,Ref,25
80011V,RADISH (CANADA),닦은 무(CANADA),CS,13,23,999,UNBRANDED,45 LB,Ref,45
80016V,RADISH (USA),닦은 무(USA),CS,27,23,999,UNBRANDED,40 LB,Ref,40
80018V,RADISH (MEXICO),닦은 무(MEXICO),CS,18,70,999,UNBRANDED,40 LB,Ref,40
80021V,JEJU RADISH (KOREA),제주  무(KOREA),CS,26.5,100,999,UNBRANDED,44 LB,Ref,44
80033V,JAPANESE DAIKON (USA),일본 무,CS,20,23,999,UNBRANDED,40 LB,Ref,40
80076V,HORSERADISH (USA),호스래디시 (와사비 무),CS,25,23,999,UNBRANDED,5 LB,Ref,5
80101V,YOUNG RADISH (U.S.A),총각무(USA),CS,32,23,999,UNBRANDED,45 BUN,Ref,45
80102V,YOUNG RADISH (CANADA),총각무(CANADA),CS,45,23,999,UNBRANDED,45 BUN,Ref,45
80106V,BABY RADISH (USA),열무(USA),CS,32,23,999,UNBRANDED,45 BUN,Ref,45
80107V,BABY RADISH (CANADA),열무(CANADA),CS,37,23,999,UNBRANDED,45 BUN,Ref,45
80111V,DONGCHIMI RADISH (CANADA),동치미무(CANADA),CS,45,23,999,UNBRANDED,20 BUN,Ref,20
80113V,DONGCHIMI RADISH (USA),동치미무(USA),CS,32,23,999,UNBRANDED,20 BUN,Ref,20
80116V,RADISH LEAVES (USA),무청 (USA),CS,36,23,999,UNBRANDED,15 LB,Ref,15
80120V,[PRE]GREEN CABBAGE(CANADA),양배추,CS,20,23,999,UNBRANDED,45LB,Ref,45
80121V,[PRE]GREEN CABBAGE (USA),양배추(BOX),CS,16,23,999,UNBRANDED,50 LB,Ref,50
80122V,[PRE]GREEN CABBAGE (CANADA_BAG),양배추 (BAG),CS,12.7,23,999,UNBRANDED,50 LB,Ref,50
80136V,FLAT  CABBAGE (USA),한국 양배추(USA),CS,29,23,999,UNBRANDED,40 LB,Ref,40
80137V,FLAT (KOREAN) CABBAGE (CANADA),한국 양배추(CANADA),CS,20,23,999,UNBRANDED,40 LB,Ref,40
80151V,GREEN LEAVES LETTUCE (USA)- CA,푸른 상추,CS,32,23,999,UNBRANDED,24 BUN,Ref,24
80175V,ESCAROLE LETTUCE (USA),에스케롤,CS,23,23,999,UNBRANDED,18 BUN,Ref,18
80229V,RED FINGER HOT PEPPER (NETHERLANDS),레드 핑거 핫 고추,CS,65,23,999,UNBRANDED,6.5 LB,Ref,6.5
80231V,GREEN KOREAN PEPPER (USA),조선 고추(USA),CS,43,23,999,UNBRANDED,25 LB,Ref,25
80232V,GREEN KOREAN PEPPER (CANADA),조선 고추 (CANADA),CS,78,23,999,UNBRANDED,20 LB,Ref,20
80241V,GREEN LONG HOT PEPPER (USA),그린 풋 고추,CS,31,23,999,UNBRANDED,15 LB,Ref,15
80256V,GREEN TWIST PEPPER (USA),꽈리 고추(USA),CS,58,23,999,UNBRANDED,25 LB,Ref,25
80257V,GREEN TWIST PEPPER (CANADA),꽈리 고추 (CANADA),CS,76,23,999,UNBRANDED,20 LB,Ref,20
80268V,JALAPENO PEPPER (USA),할라피뇨 고추,CS,38,23,999,UNBRANDED,25 LB,Ref,25
80281V,CUBANELLE PEPPER(USA),큐바넬 고추,CS,23,23,999,UNBRANDED,18 LB,Ref,18
80341V,[PRE]SPANISH JUMBO ONION (USA),스패니쉬 점보 양파,CS,32,23,999,UNBRANDED,44 LB,Ref,44
80347V,YELLOW ONION (USA),노란 양파,CS,5.9,23,999,UNBRANDED,10 LB,Ref,10
80410V,KOREAN  SQUASH (USA),한국  애 호박 (USA),CS,42,23,999,UNBRANDED,20 LB,Ref,20
80416V,GREEN SQUASH (USA) FANCY,미국 호박,CS,21,23,999,UNBRANDED,25 LB,Ref,25
80419V,GRAY SQUASH (MEXICO) FANCY -GOOD,그레이 호박,CS,20,23,999,UNBRANDED,25 LB,Ref,25
80446V,PUMPKIN (MEXICO_BIN),펌킨 호박 (MEXICO_BIN),CS,450,23,999,UNBRANDED,650 LB,Ref,1
80471V,KABOCHA LARGE (MEXICO) ,가보차(CANADA) LARGE,CS,21,70,999,UNBRANDED,35 LB,Ref,35
80472V,KABOCHA (USA),가보차 (USA),CS,475,23,999,UNBRANDED,35 LB,Ref,35
80473V,KABOCHA(CANADA),가보차 (CANADA),CS,22,23,999,UNBRANDED,35 LB,Ref,35
80492V,KOREAN CUCUMBER (USA) 20 LB,한국 오이 (USA) 20 LB,CS,23,23,999,UNBRANDED,20 LB,Ref,20
80497V,KIRBY CUCUMBER (USA),피클 오이,CS,43,23,999,UNBRANDED,45 LB,Ref,45
80506V,SEEDLESS CUCUMBER (MEXICO),씨없는 오이,CS,10.3,23,999,UNBRANDED,12 PC,Ref,12
80531V,GREEN ONION (MEXICO) Sakua,파,CS,13.4,23,999,UNBRANDED,48 BUN,Ref,48
80541V,GIANT GREEN ONION (USA),대파 (USA),CS,60,70,999,UNBRANDED,30 BUN,Ref,25
80543V,GIANT GREEN ONION (USA),대파 (USA),CS,58,23,999,UNBRANDED,25 BUN,Ref,25
80556V,GARLIC (CHINA_5P),마늘 팩 (CHINA_5P),CS,69,23,999,UNBRANDED,30 LB,Ref,30
80566V,PEELED GARLIC (SPAIN_5#),깐 마늘 (SPAIN_5#),CS,88,23,999,UNBRANDED,4X5 LB,Ref,4
80568V,PEELED GARLIC (CHINA_1#),깐 마늘 (1#),CS,90,23,999,UNBRANDED,20X1 LB,Ref,20
80573V,GARLIC STEM (CANADA),마늘쫑,CS,70,23,999,UNBRANDED,22 LB,Ref,22
80574V,GARLIC STEM (MEXICO),마늘쫑,CS,63,23,999,UNBRANDED,25 LB,Ref,25
80581V,GINGER (CHINA_30#),생강(CHINA_ 30#),CS,33,23,999,UNBRANDED,30 LB,Ref,30
80584V,GINGER (BRAZIL),생강 (브라질),CS,59,23,999,UNBRANDED,30 LB,Ref,30
80591V,AMERICAN EGGPLANT (USA),미국 가지,CS,27,23,999,UNBRANDED,20 LB,Ref,20
80653V,JUMBO CARROT (MEXICO),점보 당근(MEXICO),CS,21,70,999,UNBRANDED,50 LB,Ref,50
80661V,PARSNIP (USA),파스닢,CS,31,23,999,UNBRANDED,20 LB,Ref,20
80671V,CROWN BROCCOLI (MEXICO),크라운 브로콜리,CS,24,23,999,UNBRANDED,20 LB,Ref,20
80701V,KOREAN WATERCRESS (USA),한국 미나리 (USA) 30BUN,CS,56,23,999,UNBRANDED,30 BUN,Ref,30
80706V,WATERCRESS (USA),미나리,CS,25,23,999,UNBRANDED,24 BUN,Ref,24
80716V,SPINACH (USA_CA),캘리포니아 시금치,CS,38,23,999,UNBRANDED,24 BUN,Ref,24
80731V,[PRE]CHIVE (USA),부추,CS,65,23,999,UNBRANDED,25 LB,Ref,25
80766V,GREEN SWISS CHARD (USA),푸른 근대,CS,24,23,999,UNBRANDED,12~24 BUN,Ref,24
80776V,RED SWISS CHARD (USA),빨간 근대,EA,23,23,999,UNBRANDED,12 BUN,Ref,12
80783V,PERILLA LEAVES (USA),깻잎 (USA),CS,44,23,999,UNBRANDED,50 BUN,Ref,50
80796V,RED MUSTARD (USA),붉은 갓 (USA),CS,50,23,999,UNBRANDED,50 BUN,Ref,50
80861V,CELERY ROOT (CANADA),셀러리 뿌리,CS,30,23,999,UNBRANDED,20 LB,Ref,20
80871V,CURLY PARSLEY (USA),파슬리,CS,31,23,999,UNBRANDED,60 BUN,Ref,60
80886V,ITALIAN PARSLEY (USA),이탤리언 파슬리,CS,24,23,999,UNBRANDED,60 BUN,Ref,60
80986V,PURPLE POTATO (USA),보라색 감자,CS,45,23,999,UNBRANDED,50 LB,Ref,50
81021V,SWEET POTATO-CA #1_40LB (USA),캘리포니아 고구마 #1_40 LB (USA),CS,74,23,999,UNBRANDED,40 LB,Ref,40
81022V,SWEET POTATO-CA MED_20LB (USA)-SUGAR DANDY,캘리포니아 고구마 MED_20LB 슈가댄디,CS,40,23,999,UNBRANDED,20 LB,Ref,20
81023V,SWEET POTATO-CA MED_40LB (USA),캘리포니아 고구마 MED_ 40LB_(USA),CS,64,23,999,UNBRANDED,40 LB,Ref,40
81025V,SWEET POTATO-CA MED_10LB (USA),캘리포니아 고구마 M_ 10LB (USA),CS,17,23,999,UNBRANDED,10 LB,Ref,10
81046V,SWEET POTATO (HAWAIIAN PURPLE YAM),보라색 고구마(하와이),CS,90,23,999,UNBRANDED,30 LB,Ref,30
81071V,DAIKON SPROUTS (USA),무순,CS,27,23,999,UNBRANDED,12 PC,Ref,12
81072V,ALFALFA SPROUTS (USA),알파파 순,CS,16,23,999,UNBRANDED,12X4 OZ,Ref,12
81076V,BRUSSEL SPROUTS (MEXICO),브뤼셀 순,CS,62,23,999,UNBRANDED,25 LB,Ref,25
81150V,HOKDO  KING OYSTER MUSHROOM (USA),호크도 새송이 버섯,CS,37,23,999,UNBRANDED,10X10.5 OZ,Ref,10
81170V,OYSTER MUSHROOM (USA_5#),느타리 버섯 (5#),CS,23,23,999,UNBRANDED,5 LB,Ref,5
81176V,MAITAKE MUSHROOM (USA),마이다케 버섯,CS,65,23,999,UNBRANDED,24X3.5 OZ,Ref,24
81193V,BROWN HON-SHIMEIJI MUSHROOM (USA),브라운 혼시메이지 버섯,CS,42,23,999,UNBRANDED,24X3.5 OZ,Ref,24
81200V,KING OYSTER MUSHROOM (KOREA),새송이 버섯(15x300g),CS,33,23,999,UNBRANDED,15X13.5 OZ,Ref,15
81241V,ORGANIC ENOKI MUSHROOM (KOREA_3.5 OZ),팽이 버섯 (3.5 OZ),CS,36,23,999,UNBRANDED,50X3.5 OZ,Ref,50
81242V,SEAFOOD MUSHROOM(USA),해산물 버섯(USA),CS,42,23,999,UNBRANDED,40X5.3 OZ,Ref,40
81245V,ENOKI MUSHROOM (KOREA),팽이 버섯(7 oz),CS,42,100,999,UNBRANDED,25X7 OZ,Ref,25
81247V,ENOKI MUSHROOM(KOREA_ 5.3OZ),팽이 버섯 (5.3 OZ),CS,51,23,999,UNBRANDED,34X5.3 OZ,Ref,34
81261V,WHITE HON-SHIMEIJI MUSHROOM (USA),하얀 혼 시메이지 버섯,CS,42,23,999,UNBRANDED,24X3.5 OZ,Ref,24
81341V,[PRE]SHANGHAI BOKCHOY (USA),상하이 박초이,CS,27,23,999,UNBRANDED,30 LB,Ref,30
81388V,[PRE]YU CHOY (USA),유초이,CS,39,23,999,UNBRANDED,30 LB,Ref,30
81446V,METHI LEAVES (USA),메티 잎,CS,24,23,999,UNBRANDED,24 BUN,Ref,24
81450V,BAY LEAVES(COLUMBIA),베이 잎,CS,23,23,999,UNBRANDED,1 LB,Ref,1
81451V,MARJORAM(MEXICO),마르조람,CS,12,23,999,UNBRANDED,1 LB,Ref,1
81466V,HERB SAGE (COLUMBIA),세이지,CS,12,23,999,UNBRANDED,1 LB,Ref,1
81471V,HERB OREGANO (MEXICO),오레가노,CS,23,23,999,UNBRANDED,2.2 LB,Ref,2.2
81481V,HERB BASIL (USA),베이즐,CS,20,23,999,UNBRANDED,2.2 LB,Ref,2.2
81501V,HERB TARRAGON (COLUMBIA),타라곤,CS,26,23,999,UNBRANDED,2.2 LB,Ref,2.2
81521V,KALE (USA),케일,CS,18,23,999,UNBRANDED,12 BUN,Ref,12
81526V,DANDELION (USA),민들레,CS,21,23,999,UNBRANDED,12 BUN,Ref,12
81531V,ENDIVE (USA),엔다이브,CS,23,23,999,UNBRANDED,18 BUN,Ref,18
81551V,ANISE (USA),에니스,CS,42,23,999,UNBRANDED,30 BUN,Ref,30
81561V,DILL (USA),딜,CS,31,23,999,UNBRANDED,24 BUN,Ref,24
81610V,FRESH GINSENG (CANADA),수삼,CS,380,23,999,UNBRANDED,10 LB,Ref,10
81800V,SEEDS (KOREA),씨앗,EA,1.3,23,999,UNBRANDED,1 OZ,Ref,1
81802V,YOUNG VEGETABLE (USA),모종 박스,BX,28,23,999,UNBRANDED,32/48 PC,Ref,32
81920V,BEAN SPROUT (USA_10#),콩나물 (10#),CS,7.8,23,999,UNBRANDED,10 LB,Ref,10
81923V,MUNG BEAN SPROUT (USA_10#),숙주나물 (10#),BG,9.9,23,999,UNBRANDED,10 LB,Ref,10
81924V,MUNGBEAN SPROUT (1#_USA),숙주나물 (1#),BG,21,23,999,UNBRANDED,20X1 LB,Ref,20
81925V,BEAN SPROUT (USA_1#),콩나물 (1#),BG,21,23,999,UNBRANDED,20X1 LB,Ref,20
85115F,GOLDEN CROWN PEAR (CHINA_4P_1.1KG),황관배 (CHINA_4P_1.1KG),CS,66,40,30,UNBRANDED,12X4 PC,Ref,12
85311F,FUJI APPLE (USA) 48S,후지 사과(USA)  48S,CS,32,23,999,UNBRANDED,48 PC,Ref,48
85312F,FUJI APPLE (56PC)-Ex Fancy,후지 사과,CS,45,23,999,UNBRANDED,56 PC,Ref,56
85350F,SEMI DRIED PERSIMMON (CHINA),곶감 (반건시),CS,102,640,90,UNBRANDED,8X3 LB,Frz,8
85354F,SEMI DRIED PERSIMMON (CHINA),곶감 (반건시),CS,104,640,90,UNBRANDED,16X2 LB,Frz,16
85355F,PERSIMMON (Chile) 20s,단감,CS,19,23,999,UNBRANDED,20'S,Ref,20
85357F,PERSIMMON (USA) 25LB,단감,CS,25,23,999,UNBRANDED,25 LB,Ref,25
85361F,PERSIMMON SHARON(SPAIN),스페인 단감,CS,10.2,23,999,UNBRANDED,9'S,Ref,9
85375F,HACHIYA PERSIMMON (USA) GIFT BOX,연시,CS,27,23,999,UNBRANDED,15~16`S,Ref,1
85376F,HACHIYA PERSIMMON (USA)25LB,연시,CS,23,23,999,UNBRANDED,25 LB,Ref,1
85570F,HAMI MELON (USA)-NEW CROP,하미 멜론,CS,28,23,999,UNBRANDED,5CT-6CT,Ref,5
85580F,KOREAN MELON (USA),참외(USA),CS,22,23,999,UNBRANDED,10-12 LB,Ref,10
85600F,WHITE PEACH(USA),백도,CS,42,23,999,UNBRANDED,2 LAYER (30/32/36's),Ref,36
85630F,KYOHO GRAPE (USA),거봉 포도,CS,28,23,999,UNBRANDED,4X3 LB,Ref,4
85635F,PEONY GRAPE (USA),피오니 포도,CS,59,23,999,UNBRANDED,6X3 LB,Ref,6
85650F,LAGO GRAPE (USA),안양 포도,CS,18,23,999,UNBRANDED,6X3 LB,Ref,6
85652F,LAGO GRAPE(USA),안양 포도,CS,59,23,999,UNBRANDED,6X3LB,Ref,6
85670F,AVOCADO (MEXICO),아보카도,CS,59,23,999,UNBRANDED,48 PC,Ref,48
86010F,PLUM TOMATO (MEXICO) XL,플럼 토마토,CS,38,23,999,UNBRANDED,25 LB,Ref,25
86016F,CLUSTER TOMATO (MEXICO),줄기 토마토,CS,19,23,999,UNBRANDED,11 LB,Ref,11
86040F,TOMMY MANGO (BRAZIL),타미   망고,CS,9.2,23,999,UNBRANDED,8 PC,Ref,8
86041F,KENT MANGO (MEXICO),켄트 망고,CS,7.1,23,999,UNBRANDED,8 PC,Ref,8
86042F,TOMMY MANGO (BRAZIL),타미 맹고 (브라질),CS,0,23,999,UNBRANDED,8 PC,Ref,8
86045F,KEIT MANGO (MEXICO),키트 망고,CS,7.1,23,999,UNBRANDED,8 PC,Ref,8
86086F,GOLDEN KIWI (NEW ZEALAND_ ZESPRI_1LYR),골든 키위,CS,24,100,999,UNBRANDED,1 LAYER 25 CT,Ref,25
86130F,KOREAN MANDARIN (KOREA),제주 감귤,CS,27,23,999,UNBRANDED,22 LB,Ref,22
86141F,MANDARIN( USA) CLEMN TINAS,만다린,CS,38,23,999,UNBRANDED,10X3 LB,Ref,10
86144F,JAFFA MANDARIN  1X (ISRAEL),만다린 자파,CS,25,23,999,UNBRANDED,6.5 KG,Ref,6.5
86146F,MANDARINE -BLUE JAY(USA) 22LB,블루제 만다린,CS,40,23,999,BLUEJAY,22 LB,Ref,22
86180F,PINEAPPLE (MEXICO),파인애플,CS,12.6,23,999,UNBRANDED,6 PC,Ref,6
86205F,EMERALD PLUM (USA),파란 자두,CS,12.7,23,999,UNBRANDED,1 LAYER(32's),Ref,1
86235F,LIME (MEXICO) Fancy,라임,CS,26,23,999,UNBRANDED,175 PC,Ref,175
86255F,CHESTNUT (KOREA) 25LB,한국 밤,CS,124,53,999,UNBRANDED,25 LB,Ref,25
86270F,FRESH JUJUBE (USA),생 대추,CS,54,23,999,UNBRANDED,40 LB,Ref,40
86275F,DRIED JUJUBE (USA) Organic,말린  대추,CS,100,330,90,UNBRANDED,20 LB,Ref,20
86810F,YOUNG COCONUT (THAILAND),영 코코넛,CS,28,23,999,UNBRANDED,9 PC,Ref,9
86900F,JAPANESE PLUM (USA_UME),매실,CS,176,23,999,UNBRANDED,25 LB,Ref,25
87001F,SINGO PEAR (KOREA_5P_2.5KG),신고 배 (5과_2.5KG),CS,13.7,40,30,YISSINE,5.5 LB,Ref,1
87002F,SINGO PEAR (KOREA_6P_2.5KG),신고 배 (6과_2.5KG),CS,11.7,40,30,YISSINE,5.5 LB,Ref,1
87003F,SINGO PEAR (KOREA_6P),신고 배 (6과),CS,28,40,30,YISSINE,11 LB,Ref,1
87004F,SINGO PEAR (KOREA_7P),신고 배 (7과),CS,28,40,30,YISSINE,11 LB,Ref,1
87005F,SINGO PEAR (KOREA_8P),신고 배 (8과),CS,28,40,30,YISSINE,11 LB,Ref,1
87006F,SINGO PEAR (KOREA_9P),신고 배 (9과),CS,27,40,30,YISSINE,11 LB,Ref,1
87007F,SINGO PEAR (KOREA_10P),신고 배 (10과),CS,24,40,30,YISSINE,11 LB,Ref,1
87008F,SINGO PEAR (KOREA_11P),신고 배 (11과),CS,21,40,30,YISSINE,11 LB,Ref,1
87009F,SINGO PEAR (KOREA_12P),신고 배 (12과),CS,20,40,30,YISSINE,11 LB,Ref,1
87010F,SINGO PEAR (KOREA_13P),신고 배 (13과),CS,16,40,30,YISSINE,11 LB,Ref,1
87011F,SINGO PEAR KOREA (3P_1.5KG),신고 배 (3과_1.5KG),CS,55,40,30,YISSINE,8X3 PC,Ref,8
87012F,SINGO PEAR KOREA (3P_1.2KG),신고 배 (3과_1.2KG),CS,50,40,30,YISSINE,8X3 PC,Ref,8
87046F,WONHWANG PEAR (KOREA_6P),원황 배 (6과),CS,32,40,30,UNBRANDED,11 LB,Ref,1
87047F,WONHWANG PEAR (KOREA_7P),원황 배 (7과),CS,32,40,30,UNBRANDED,11 LB,Ref,1
87048F,WONHWANG PEAR (KOREA_9P),원황 배 (9과),CS,31,40,30,UNBRANDED,11 LB,Ref,1
87049F,WONHWANG PEAR (KOREA_11P),원황 배 (11과),CS,20,40,30,UNBRANDED,11 LB,Ref,1
87051F,WONHWANG PEAR (KOREA_8P),원황 배 (8과),CS,32,40,30,UNBRANDED,11 LB,Ref,1
87052F,WONHWANG PEAR (KOREA_10P),원황 배 (10과),CS,28,40,30,UNBRANDED,11 LB,Ref,1
87053F,WONHWANG PEAR (KOREA_12P),원황 배 (12과),CS,25,40,30,UNBRANDED,11 LB,Ref,1
87060F,SINGO PEAR (CHINA_6P),명품 신고 배 (6과),CS,15,40,30,EVERGREEN,11 LB,Ref,1
87061F,SINGO PEAR (CHINA_7P),명품 신고 배 (7과),CS,29,40,30,EVERGREEN,11 LB,Ref,1
87062F,SINGO PEAR (CHINA_8P),신고 배 (8과),CS,27,40,30,EVERGREEN,11 LB,Ref,1
87089F,SINGO PEAR USA(3P) California,신고 배 (3과 1.5 LB),CS,57,40,30,EVERGREEN,10X3 PC,Ref,10
87090F,SINGO PEAR (CHINA_9P),신고 배 (9과),CS,28,40,30,EVERGREEN,11 LB,Ref,1
87091F,SINGO PEAR (CHINA_10P),신고 배 (10과),CS,22,40,30,EVERGREEN,10 LB,Ref,1
87092F,SINGO PEAR (CHINA_11P),신고 배 (11과),CS,16,40,30,EVERGREEN,11 LB,Ref,1
87095F,SINGO PEAR (CHINA 3P_1.5KG),신고 배 (CHINA_3과_1.5KG),CS,65,40,30,EVERGREEN,8X3 PC,Ref,8
87096F,WONHWANG PEAR (KOREA 3P_1.5KG),원황 배 (3과_1.5KG),CS,52,40,30,UNBRANDED,8X3 PC,Ref,8
87097F,WONHWANG PEAR (KOREA 3P_1.2KG),원황 배 (3과_ 1.2KG),CS,57,40,30,UNBRANDED,8X3 PC,Ref,8
89100K,STIR FRYING SAUCE,불순대 소스,CS,0,280,90,ASSI,150X2.8 OZ,Dry,150
89815D,[PRE]PREMIUM VEGAN CABBAGE KIMCHI(7LB),야채 맛 김치 (7LB),CS,105,23,999,WANGSAN,4X7LB,Ref,4
89816D,[PRE]PREMIUM VEGAN CABBAGE KIMCHI(5GAL),야채 맛 김치(5GAL),CS,143,23,999,WANGSAN,1X5 GAL,Ref,1
89820D,[PRE]PREMIUM WHOLE CABBAGE KIMCHI(7LB),통배추 김치 (7LB),CS,125,23,999,WANGSAN,4X7 LB,Ref,4
89821D,[PRE]PREMIUM WHOLE CABBAGE KIMCHI(4LB),통배추 (4LB),CS,93,23,999,WANGSAN,6X4LB,Ref,6
89822D,[PRE]PREMIUM WHOLE CABBAGE KIMCHI(5GAL),통배추 김치(5GAL),CS,154,23,999,WANGSAN,1X5GAL,Ref,1
89823D,[PRE]PREMIUM SLICED CABBAGE KIMCHI(7LB),맛 김치 (7LB),CS,87,23,999,WANGSAN,4X7 LB,Ref,4
89824D,[PRE]PREMIUM SLICED CABBAGE KIMCHI(4LB),맛 김치 (4LB),CS,81,23,999,WANGSAN,6X4LB,Ref,6
89825D,[PRE]PREMIUM SLICED CABBAGE KIMCHI(32OZ),맛 김치(32OZ),CS,84,23,999,WANGSAN,12X32OZ,Ref,12
89826D,[PRE]PREMIUM SLICED CABBAGE KIMCHI(16OZ),맛 김치(16OZ),CS,67,23,999,WANGSAN,12X16 OZ,Ref,12
89827D,[PRE]PREMIUM SLICED CABBAGE KIMCHI(5GAL),맛 김치 (5GAL),CS,131,23,999,WANGSAN,1X5GAL,Ref,1
89828D,[PRE]PREMIUM YOUNG RADISH KIMCHI(7LB),총각 김치(7LB),CS,101,23,999,WANGSAN,4X7 LB,Ref,4
89829D,[PRE]PREMIUM YOUNG RADISH KIMCHI(4LB),총각 김치 (4LB),CS,91,23,999,WANGSAN,6X4 LB,Ref,6
89832D,[PRE]PREMIUM YOUNG CABBAGE KIMCHI (4LB),풋배추 김치 (4 LB),CS,104,23,999,WANGSAN,6X4 LB,Ref,6
89834D,[PRE]PREMIUM DICED RADISH KIMCHI (7LB),깍두기 (7LB),CS,114,23,999,WANGSAN,4X7 LB,Ref,4
89835D,[PRE]PREMIUM DICED RADISH KIMCHI (4LB),깍두기 (4LB),CS,87,23,999,WANGSAN,6X4 LB,Ref,6
89836D,[PRE]PREMIUM DICED RADISH KIMCHI (32OZ),깍두기 (32OZ),CS,96,23,999,WANGSAN,12X32 OZ,Ref,12
89838D,[PRE]PREMIUM WHITE CABBAGE KIMCHI (4LB),백김치 (4LB),CS,103,23,999,WANGSAN,6X4 LB,Ref,6
89840D,[PRE]PREMIUM RADISH WATER KIMCHI (4LB),동치미 (4LB),CS,87,23,999,WANGSAN,6X4 LB,Ref,6
89846D,[PRE]PREMIUM SLICED RADI.&CAB. KIMCHI (4LB),나박김치 (4LB),CS,93,23,999,WANGSAN,6X4 LB,Ref,6
89857D,[PRE]PREMIUM BABY RADISH KIMCHI (4LB),열무김치 (4LB),CS,109,23,999,WANGSAN,6X4 LB,Ref,6
89860D,[PRE]PREMIUM BABY RADISH KIMCHI (7LB),열무김치 (7LB),CS,0,23,999,WANGSAN,4X7 LB,Ref,4
90134C,YELLOW CROAKER FILLET (1.5#),손질한 참조기살 (1.5#),CS,0,680,90,ASSI,20X1.5 LB,Frz,20
90153K,SEASONED PRECUT MONKFISH W/ SAUCE,마산식 아귀찜,CS,0,690,90,CHAMBADA,10X1.52 LB,Frz,10
91009K,SEASONED BURDOCK,손맛 우엉,CS,0,320,60,EUDDEUM,10X2.2 LB,Ref,10
91191K,VITAMIN C CANDY,상큼한 비타 C 캔디,CS,0,325,90,MAMMOS,20X3.52 OZ,Dry,20
91192K,JEJU ORANGE CANDY,제주감귤 캔디,CS,0,325,90,MAMMOS,20X3.52 OZ,Dry,20
91194K,PEPPERMINT FLAVOR CANDY,박하향 사탕,CS,0,325,90,MAMMOS,24X4.75 OZ,Dry,24
91195K,RASPBERRY CANDY,달콤한 복분자 캔디,CS,0,325,90,MAMMOS,20X3.52 OZ,Dry,20
91196K,BLUEBERRY CANDY,달콤하고 상큼한 블루베리 캔디,CS,0,325,90,MAMMOS,20X3.52 OZ,Dry,20
92146K,CAPSAICIN POWDER,캡사이신 매운 분말,CS,0,325,90,CHEONGWOO,12X14.1 OZ,Dry,12
92327K,BAMBOO CHOPSTICKS,대나무젓가락,CS,0,680,999,ASSI,24X100 PC,Dry,24
92487K,FROZEN SEASONED SMALL OCTOPUS (8#),꼴뚜기젓 (8#),CS,0,680,90,YISSINE,2X8 LB,Dry,2
92530K,SCHISANDRA TEA,오미자차,CS,0,690,90,YISSINE,8X7.7 OZ,Dry,8
92531K,BOXTHORN TEA,구기자차,CS,0,690,90,YISSINE,8X7 OZ,Dry,8
92532K,CASSIA TOAR LINNE TEA,결명자차,CS,0,690,90,YISSINE,8X13.7 OZ,Dry,8
92533K,CORNUS FRUIT TEA,산수유차,CS,0,690,90,YISSINE,8X5.2 OZ,Dry,8
92534K,ROASTED BUCKWHEAT TEA,볶은메밀차,CS,0,690,90,YISSINE,8X4.9 OZ,Dry,8
92627K,SEASONED FERMENTED SOYBEAN PASTE,양념 청국장,CS,0,690,90,DDUKBAEGIPYO,20X6.3 OZ,Frz,20
92708K,ALOEVERA SUGAR FREE (1.5L),무설탕 알로에 (1.5L),CS,0,526,90,PALDO,12X1.5 L,Dry,12
92712K,ALOE THE NATURE'S (500ML),알로에 드링크 (500ML),CS,0,526,90,PALDO,20X16.9 OZ,Dry,20
92713K,ALOE THE NATURE'S (1.5L),알로에 드링크 (1.5L),CS,0,526,90,PALDO,12X1.5 L,Dry,12
95011K,DRIED SWEET POTATO STEM,마른 고구마순,CS,0,320,60,BETHANY,16X2.8 OZ,Dry,16
95012K,DRIED RED PEPPER LEAVES,마른 고춧잎,CS,0,320,60,BETHANY,16X2.8 OZ,Dry,16
95013K,DRIED TARO STEM,마른 토란대,CS,0,680,90,BETHANY,16X2.8 OZ,Dry,16
95014K,DRIED SQUASH SLICE,마른 호박말림,CS,0,320,60,BETHANY,16X3.5 OZ,Dry,16
95015K,TREE EAR MUSHROOM,목이 버섯,CS,0,500,60,BETHANY,20X1 OZ,Dry,20
95031D,PUREX PAPER SALT (BULK),소금,CS,11.5,330,90,MORTON,50 LB,Dry,1
95032D,FOODSERVICE ROUND IODIZED SALT (PAPER BTL),소금 (IODIZED),CS,41,330,90,MORTON,24X26 OZ,Dry,24
95033D,FOOD SERVICE ROUND PLAIN SALT (PAPER BTL),소금,CS,40,330,90,MORTON,24X26 OZ,Dry,24
95034C,SARDINES IN TOMATO SAUCE,사딘 인 토마토 소스 (정어리),CS,123,640,90,LIGO,100X5.5 OZ,Dry,100
95035C,SARDINES IN TOMATO SAUCE W/CHILI,사딘 인 토마토 소스 (정어리_매운맛),CS,128,640,90,LIGO,100X5.5 OZ,Dry,100
95054K,DRIED EDIBLE GREEN LEAVES,마른 뽕잎나물,CS,0,680,90,NATURESTORY,16X2.1 OZ,Dry,16
95055K,DRIED EDIBLE GREEN LEAVES,부지갱이,CS,0,680,90,NATURESTORY,16X2.1 OZ,Dry,16
95106K,MILK CANDY,대관령 우유 캔디,CS,0,325,90,CHEONGWOO,24X1.3 OZ,Dry,24
95107K,EGG COOKIE 3PK,계란 과자 3팩,CS,0,325,90,CHEONGWOO,12X5.29 OZ,Dry,12
95110K,BROWN RICE STICK SNACK (BROWN RICE),현미 롱스틱 스낵 (현미),CS,0,325,90,LITTLESPOON,15X1.05 OZ,Dry,15
95111K,BROWN RICE STICK SNACK (BLACK RICE),현미 롱스틱 스낵 (흑미),CS,0,325,90,LITTLESPOON,15X1.05 OZ,Dry,15
95112K,BROWN RICE STICK SNACK (APPLE & CARROT),현미 롱스틱 스낵 (사과 & 당근),CS,0,325,90,LITTLESPOON,15X1.05 OZ,Dry,15
95113K,BROWN RICE STICK SNACK (SWEET PUMPKIN & SWEET POTATO),현미 롱스틱 스낵 (단호박 & 고구마),CS,0,325,90,LITTLESPOON,15X1.05 OZ,Dry,15
95114K,BROWN RICE SOFT SNACK (CITRUS FLAVOR),현미 소프트팡 스낵 (감귤),CS,0,325,90,LITTLESPOON,15X1.05 OZ,Dry,15
95115K,BROWN RICE SOFT SNACK (BROWN RICE),현미 소프트팡 스낵 (현미),CS,0,325,90,LITTLESPOON,15X1.05 OZ,Dry,15
95116K,BROWN RICE SOFT SNACK (APPLE & CARROT),현미 소프트팡 스낵 (사과 & 당근),CS,0,325,90,LITTLESPOON,15X1.05 OZ,Dry,15
95401K,FROZEN SEASONED LOACH SOUP,추어탕,CS,0,690,90,NABIGOL,20X1.1 LB,Frz,20
95416K,MONACA (RED BEAN),모나카 (단팥),CS,0,325,90,LILY,10X10.5 OZ,Ref,10
95417K,MONACA (CHESTNUT),모나카 (밤),CS,0,325,90,LILY,10X10.5 OZ,Ref,10
95418K,MOCHI MONACA (RED BEAN),친환경 찹쌀 모나카 (단팥),CS,0,325,90,LILY,20X3.9 OZ,Ref,20
95419K,MOCHI MONACA (CHESTNUT),친환경 찹쌀 모나카 (밤),CS,0,325,90,LILY,20X3.95 OZ,Ref,20
95421K,SEA SQUIRT (KOREA),손질한 충무멍게,CS,0,680,90,YISSINE,20X1.1 LB,Frz,20
95428K,SALTED SEAWEED STEM,미역줄기,CS,0,325,90,YOUNGSHIM,15X10.5 OZ,Ref,15
95429K,SALTED SEAWEED,쇠미역,CS,0,325,90,YOUNGSHIM,15X10.5 OZ,Ref,15
95431K,SALTED KELP,쌈 다시마,CS,0,325,90,YOUNGSHIM,15X10.5 OZ,Ref,15
95432K,SALTED SEAWEED FUSIFORME,톳,CS,0,325,90,YOUNGSHIM,15X6.34 OZ,Ref,15
95433K,SALTED SEA STRING,꼬시래기,CS,0,325,90,YOUNGSHIM,15X7.05 OZ,Ref,15
95455K,PURPLE CORN SILK DRINK (1.5L),자색 옥수수 수염차 (1.5L),CS,0,325,90,WOONGJIN,12X50.7.OZ,Ref,12
95456K,PURPLE CORN SILK DRINK (500ML),자색 옥수수 수염차 (500ML),CS,0,325,90,WOONGJIN,20X16.9.OZ,Ref,20
95457K,FZ SEASONED WEBFOOT OCTOPUS (SPICY),양념 불쭈꾸미 (매운맛),CS,0,500,90,ASSA,20X10.58 OZ,Frz,20
95458K,FZ SEASONED WEBFOOT OCTOPUS,양념 불쭈꾸미 (보통맛),CS,0,500,90,ASSA,20X10.58 OZ,Frz,20
95459K,PICKLED CUCUMBER,생 오이피클,CS,0,260,60,EUDDEUM,18X8.1 OZ,Ref,18
95460K,SLICED & PICKLED RADISH,슬라이스 단무지,CS,0,260,60,EUDDEUM,18X8.1 OZ,Ref,18
95472K,BEEF BONE SOUP,진한 사골곰탕,CS,0,325,90,JINHANSIKPUM,24X10.58 OZ,Dry,24
95476K,JEJU ISLAND MANDARINE EXTRACT DRINK (M),한라봉 제주 감귤 (M),CS,0,325,90,NONGHYUP,20X11.4.OZ,Ref,20
95477K,APPLE KOREAN DRINK (M),우리 사과 (M),CS,0,325,90,NONGHYUP,20X11.4.OZ,Ref,20
95486K,RED PEPPER POWDER JAR,청양 매운 고춧가루,CS,0,500,90,YANGJI,15X7.05 OZ,Dry,15
95507K,ROASTED & SEASONED DRIED FISH SNACK,꼬마 꾸이맨,CS,0,325,90,KYONGJIN,60X2.46 OZ,Dry,60
95509K,APPLE SODA FLAVOR CANDY,애플 소다 캔디,CS,0,325,90,MAMMOS,20X3.5 OZ,Dry,20
95510K,COLA FLAVOR CANDY,콜라 캔디,CS,0,325,90,MAMMOS,20X3.5 OZ,Dry,20
95511K,ASSORTED CANDY,종합 캔디,CS,0,325,90,MAMMOS,20X3.5 OZ,Dry,20
95515K,DINOSAUR SHAPE MILK BISCUIT,우유먹은 공룡,CS,0,325,90,CHEONGWOO,10X2.11 OZ,Dry,10
95516K,DINOSAUR SHAPE CACAO BISCUIT,초코먹은 공룡,CS,0,325,90,CHEONGWOO,10X2.11 OZ,Dry,10
95518K,TEOKBOKI - RICE,추억의 국물떡볶이,CS,0,260,90,SONGHAK,10X13.15 OZ,Ref,10
95528K,COOKED VEGETABLE DUMPLING (JUMBO),야채 발효왕만두,CS,0,500,90,YISSINE,6X2.64 LB,Frz,6
95529K,MINI KOREAN COOKIE W/RICE,쌀로만든 미니약과,CS,0,325,90,DONGHWA,20X4.23 OZ,Ref,20
95532K,STRAWBERRY TART COOKIES,플랑 딸기 타르트 쿠키,CS,0,325,90,CHEONGWOO,8X5.64 OZ,Dry,8
95534K,SWEET RICE SNACK ,쌀대롱,CS,0,325,90,CHEONGWOO,12X8.81 OZ,Dry,12
95535K,TOFU STICK BISCUIT,두부 스틱,CS,0,325,90,CHEONGWOO,12X7.76 OZ,Dry,12
95537K,COOKED WHITE RICE,가마솥 아침밥,CS,0,325,90,ACHIM,10X7.4 OZ,Dry,10
95538K,SHRIMP TEMPURA UDON (BIG BOWL),새우튀김 프리미엄우동 큰사발,CS,0,351,90,NONGSHIM,6X4.02 OZ,Dry,6
95541K,MARENGO PREMIUM COOKIES,마렝고 프리미엄 쿠키,CS,0,325,90,CHEONGWOO,12X3.7 OZ,Dry,12
95542K,PEACH TART COOKIES,플랑 납작 복숭아 타르트 쿠키,CS,0,325,90,CHEONGWOO,8X5.64 OZ,Dry,8
96021C,BOILED SWEET CORN (FIVE COLOR),오색 찰옥수수,CS,0,680,90,MATSARANG,24X13.05 OZ,Dry,24
96024K,CORNISH HEN PREPARATION KIT,한국산 삼계탕 재료,CS,0,320,60,TJ,15X4 OZ,Dry,15
96033K,CORNISH HEN PREPARATION KIT,찹쌀 삼계탕 재료,CS,0,320,60,DAYE,20X4.2 OZ,Dry,20
96100K,DRIED RADISH LEAVES,무시래기,CS,0,500,90,ASSI,15X12 OZ,Dry,15
97034C,DRIED ALASKA POLLACK,순살 황태채,CS,0,680,90,MATSARANG,24X4 OZ,Frz,24
97070K,DRIED SQUID,산골 오징어,CS,0,680,90,YONGDONG,25X8.1 OZ,Frz,25
97152K,ROASTED & SEASONED LAVER (16P),[도시락 김] 곱창김 (16P),CS,0,260,60,KWANGCHEON,8X16X0.17 OZ,Dry,8
97153K,ROASTED & SEASONED LAVER (10SHT),[전장 김] 간편조미 김밥김 (10SHT),CS,0,260,60,KWANGCHEON,30X10X0.78 OZ,Dry,30
97154K,ROASTED LAVER FOR TRIANGLE KIMBAP,달인 김병만의 삼각김밥용김 (리필),CS,0,325,90,KWANGCHEON,20X0.63 OZ,Dry,20
97158N,ROASTED LAVER FOR TRIANGLE KIMBAP (W/PATTERN),달인 김병만의 삼각김밥용김 (W/김밥틀),CS,0,325,90,KWANGCHEON,15X0.63 OZ,Dry,15
97508K,KOREA JEJU ISLAND MANDARINE DRINK,제주감귤 한라봉,CS,0,325,90,NONGHYUP,12X49.71.OZ,Dry,12
98024K,2 PKG. SWEET POTATO NOODLES,2 PKG. 당면,CS,87,640,90,ASSI,22X2X12 OZ,Dry,22
98060D,TOFU (LARGE PACK FIRM 5.5#),두부 (5.5#),CS,39,53,30,ASA,4X5.5 LB,Ref,4
98061D,[PRE]TOFU(LARGE SOON 7.5LB),순두부 (7.5LB),CS,29,53,30,MEECHUN,4X7.5 LB,Ref,4
98229K,MAT CHAMPONG NOODLES (4P),맛 짬뽕 (4P),CS,0,351,90,NONGSHIM,8X4X4.58 OZ,Dry,8
98498K,FRIED FISH CAKE  (KOREA_20#),부산 어묵  (KOREA_20#),CS,0,500,90,ASSI,20 LB,Frz,1
98499K,FRIED FISH CAKE,통통 부산어묵,CS,0,500,90,ASSI,10X2.2 LB,Frz,10
98503K,CASSIA TORA LINNE TEA DRINK (1.5L),결명자차 (1.5L),CS,0,325,90,WOONGJIN,12X50.7.OZ,Ref,12
98704K,MONK FISH - HEAD/GUT OFF (CHINA_200/300_22#),두절아구 (CHINA_200-300_22#),CS,0,680,90,WILDSEA,22 LB,Frz,1
98730K,VOLCANO CHICKEN NOODLE (CUP_6P),볼케이노 치킨볶음면 컵 (6P),CS,0,351,90,PALDO,6X2.49 OZ,Dry,6
98734K,STIR-FRIED CHICKEN NOODLE (SPICY SOY SAUCE),치킨 볶음면 (매콤 간장맛),CS,0,351,90,PALDO,4X4X4.58 OZ,Dry,4
98757K,KORENO(KIMCHI) NOODLE,꼬레노 (김치맛),CS,0,351,90,PALDO,4X5X3.52 OZ,Dry,4
98758K,KORENO(SHRIMP) NOODLE,꼬레노 (새우맛),CS,0,351,90,PALDO,4X5X3.52 OZ,Dry,4
98759K,KORENO(MUSHROOM) NOODLE,꼬레노 (버섯맛),CS,0,351,90,PALDO,4X5X3.52 OZ,Dry,4
98760K,KORENO(VOLCANO CHICKEN) NOODLE,꼬레노 (볼케이노 닭갈비맛),CS,0,351,90,PALDO,4X5X4.16 OZ,Dry,4
98902C,SWIMMING CRAB PRE-CUT (2L),손질한 절단 참꽃게 (2L),CS,0,680,90,WILDSEA,12X1.5 LB,Frz,12
98903C,SWIMMING CRAB PRE-CUT (3L),손질한 절단 참꽃게 (3L),CS,0,680,90,WILDSEA,12X1.5 LB,Frz,12
99001K,FRESH SWEET SQUASH KAL NOODLE (KNIFE CUT),단호박 생 칼국수,CS,0,690,90,NOODLETREE,10X2.2 LB,Frz,10
99002K,DRIED SEAWEED (1+1),완도 고급미역 산모용 (1+1),CS,0,680,90,WONHAE,15X7 OZ,Dry,15
99021K,OLIGO SYRUP,올리고당,CS,0,690,90,QONE,12X42.3 OZ,Dry,12
99022K,OLIGO COOKING SYRUP,요리 올리고당,CS,0,690,90,QONE,12X42.3 OZ,Dry,12
99023K,TOFU SNACK (HAND MADE),두부 과자 (수제),CS,0,325,90,METDOLKONG,20X3.88 OZ,Dry,20
99024K,TOFU SNACK (GAPYUNG'S PINENUT),두부 과자 (가평잣),CS,0,325,90,METDOLKONG,20X3.88 OZ,Dry,20
99025K,TOFU SNACK (ONION),두부 과자 (양파),CS,0,325,90,METDOLKONG,20X4.23 OZ,Dry,20
99123K,SALTED JELLY FISH,염장 해파리,CS,0,500,90,HANKUKHEPARI,20X15.8 OZ,Ref,20
99124K,SALTED JELLY FISH,염장 해파리,CS,0,500,90,HANKUKHEPARI,10X2.2 LB,Ref,10
99137K,KOREAN TWIST SNACK,한입 꽈배기과자,CS,0,325,90,ARIRANG,10X12.3 OZ,Dry,10
99140K,KOREAN RING SNACK,참 한입 짱이야,CS,0,325,90,ARIRANG,10X11.9 OZ,Dry,10
99158K,BARLEY HARDTACK (L),보리 건빵 (L),CS,0,325,90,ARIRANG,10X1.54 LB,Dry,10
99159K,PUFFED CORN (L),우리왕찰옥 콘스토리 (L),CS,0,325,90,ARIRANG,8X14.1 OZ,Dry,8
99161K,OLD FASHIONED CANDY (M),옛날 십리사탕 (M),CS,0,325,90,ARIRANG,12X9.17 OZ,Dry,12
99164K,RICE CANDY,누룽지맛 캔디,CS,0,325,90,ARIRANG,10X9.87 OZ,Dry,10
99201J,YUKI NO YADO RICE CRACKERS (20PCS),유끼노 야도 센베이 (20PCS),CS,0,325,90,SANKO,12X4.58 OZ,Dry,12
99348N,SLICED PICKLED RADISH (GIMBAP),손맛 단무지 (김밥용),CS,0,320,90,EUDDEUM,5X4.4 LB,Ref,5
99504K,PUFFED CEREAL SNACK,고소하고 맛있는 강냉이,CS,0,325,90,ASSI,10X15.8 OZ,Dry,10
99505K,KOREAN SNACK (PUFFED STAR SNACK-MACARONI),고소하고 맛있는 마카로니,CS,0,325,90,ASSI,10X10.5 OZ,Dry,10
99506K,PUFFED RICE SNACK,고소하고 맛있는 쌀튀밥,CS,0,325,90,ASSI,12X1.1 LB,Dry,12
99578J,SEAWEED SALAD (WASABI_SEASONED),해초무침 (와사비),CS,0,680,90,KABUTO,24X7.05 OZ,Frz,24
99640K,RED GINSENG PORORO (APPLE),뽀로로 홍삼쏙쏙 (사과 매실맛),CS,0,351,90,PALDO,4X10X3.38 OZ,Dry,4
99641K,RED GINSENG PORORO (GRAPE),뽀로로 홍삼쏙쏙 (포도 블루베리맛),CS,0,351,90,PALDO,4X10X3.38 OZ,Dry,4
99642K,RED GINSENG PORORO (ORANGE),뽀로로 홍삼쏙쏙 (오렌지맛),CS,0,351,90,PALDO,4X10X3.38 OZ,Dry,4
99753K,CASSIA TORA LINNE TEA DRINK (500ML),결명자차 (500ML),CS,0,325,90,WOONGJIN,20X16.9.OZ,Dry,20
99798K,"BULDAK RAMEN (BIG BOWL, 6P)",불닭 볶음면 큰컵 (6P),CS,8.2,285,90,SAMYANG,6X3.7 OZ,Dry,6
99799K,"HABANERO LIME BULDAK RAMEN (BIG BOWL, 6P)",하바네로 라임 불닭 볶음면 큰컵 (6P),CS,8.2,285,90,SAMYANG,6X3.88 OZ,Dry,6
99849K,YOPOKKI SWEET&SPICY (CUP),요뽀끼 컵 (매콤달콤떡볶이),CS,0,325,90,YOUNGPOONG,20X4.9 OZ,Dry,20
99946K,GINSENG CANDY,고려 인삼 캔디,CS,0,325,90,MAMMOS,20X3.52 OZ,Dry,20
99947K,RED GINSENG CANDY,고려 홍삼 캔디,CS,0,325,90,MAMMOS,20X3.52 OZ,Dry,20
99950K,ORGANIC CALIFORNIA DRIED JUJUBES,유기농 캘리포니아 대추,CS,0,346,90,ASSI,20X12 OZ,Frz,20
AMF0002,BAMBOO SHOOT STRIP (6.5#),채썬 죽순 (6.5#),CS,32,1000,180,YUETHEUNGYUEN,6X6.5 LB,Dry,6
AMF0003,WATER CHESTNUT (SLICE),워터 체스넛 (SLICE),CS,36,1000,180,EMPEROR,6X6.6 LB,Dry,6
AMF0004,MUSHROOM DARK SOY SAUCE,머쉬룸 다크 소이 소스,CS,38,1000,180,KOONCHUN,6X60 OZ,Dry,6
AMF0007,RICE NOODLES,라이스 스틱,CS,47,640,180,EMPEROR,30X16 OZ,Dry,30
AMF0008,SWEET CHILI SAUCE FOR CHICKEN  (XL),치킨 스윗 칠리 소스 (XL),CS,29,640,180,MAEPLOY,3X8.8 LB,Dry,3
AMF0009,DRIED RED PEPPER,통고추 말림,CS,115,280,180,EMPEROR,6X5 LB,Dry,6
AMF0010,SHIITAKE MUSHROOM (5#),표고 버섯 (5#),CS,368,640,180,EMPEROR,6X5 LB,Dry,6
AMF0011,PLUM SAUCE,플럼 소스,CS,92,1000,180,KOONCHUN,6X5 LB,Dry,6
AMF0012,HOISIN SAUCE,호이신 소스,CS,74,1000,180,KOONCHUN,6X5 LB,Dry,6
AMF0015,SAMBAL OELEK (L),삼발 오렉 (L),CS,59,690,180,HUYFONG,3X8.5 LB,Dry,3
AMF0016,PURE BEAN SOY SAUCE,퓨어 빈 소이소스,CS,39,640,180,YUETHEUNGYUEN,6X5 LB,Dry,6
AMF0018,RICE STICK (M),라이스 스틱 (M),CS,49,640,180,VIETWAY,30X14 OZ,Dry,30
AMF0020,TAMARIND CONCENTRATE,타마린드 컨센츄레이트,CS,67,640,180,DOUBLESEAHORSE,24X14 OZ,Dry,24
AMF0022,VEGETARIAN MUSHROOM OYSTER SAUCE,베지테리언 머쉬룸 오이스터 소스,CS,84,1000,180,WANJASHAN,12X33.8 OZ,Dry,12
AMF0025,DRIED GARLIC MINCED,건 마늘 다대기,CS,43,460,180,EMPEROR,10 LB,Dry,1
AMF0026,WATER CHESTNUT (SMALL DICE),워터 체스넛 (SMALL DICE),CS,41,1000,180,EMPEROR,6X6.6 LB,Dry,6
AMF0029,BLACK BEAN DRIED SALTED,절임 검정콩,CS,33,460,180,EMPEROR,20X16 OZ,Dry,20
AMF0030,SZECHUAN PRESERVED VEGETABLE STRIPS,사천 절인 야채,CS,51,1000,180,WHITERABBIT,48X12 OZ,Dry,48
AMF0038,MIRIN,미린,CS,50,1000,180,WANJASHAN,6X50 OZ,Dry,6
AMF0039,SRIRACHA CHILI SAUCE (28OZ),스리라차 칠리 소스 (28OZ),CS,33,690,180,HUYFONG,12X28 OZ,Dry,12
AMF0042,MADRAS CURRY POWDER,커리 파우더,CS,114,1050,180,SUNBRAND,12X1 LB,Dry,12
AMF0043,BLACK VINEGAR,흑식초,CS,35,1000,180,KOONCHUN,12X16.9 OZ,Dry,12
AMF0044,WHITE PEPPER POWDER,흰 후추가루,CS,113,640,180,ASA,10 LB,Dry,1
AMF0045,RED CHILI FLAKES,고추 플레이크,CS,93,640,180,EMPEROR,6X5 LB,Dry,6
AMF0046,COOKING MICHIU,미주 (요리주),CS,19,640,180,CHAMPION,4X3L,Dry,4
AMF0050,FRIED SHALLOT,후라이드 샬롯,CS,64,510,180,ASA,5X2.2 LB,Dry,5
AMF0051,STAINLESS STEEL SCOURER (AMF-ASA),스텐수세미 (AMF-ASA),CS,56,280,180,ASA,6X24 PC,Dry,6
AMF0052,FISH SAUCE,피쉬 소스,CS,49,640,180,THOUSANDELEPHANTS,3X4500 ML,Dry,3
AMF0054,PRESERVED RED GINGER SLICES IN SYRUP,생강 절임 인 시럽 (RED),CS,65,1000,180,MEECHUN,12X18 OZ,Dry,12
AMF0063,DRIED BLACK FUNGUS SHREDDED,썰은 석이버섯,CS,220,640,180,FORTUNE,5X5 LB,Dry,5
AMF0067,PURE BEAN SOY SAUCE (PLASTIC JUGS),퓨어 빈 소이 소스,CS,40,1000,180,YUETHEUNGYUEN,6X5 LB,Dry,6
AMF0069,SWEET POTATO NOODLES (JAPCHAE_1.5#),잡채 당면 (1.5#),CS,43,640,180,ASSI,15X1.5 LB,Dry,15
AMF0070,FRIED SHALLOTS,후라이드 샬롯,CS,81,465,180,EMPEROR,5X2.2 LB,Ref,5
AMF0075,PRESERVED RED GINGER SLICE IN SYRUP,생강 절임 인 시럽 (RED),CS,57,640,180,EMPEROR,12X18 OZ,Dry,12
AMF0076,PURE 25 BURSTING BOBA PEACH,터지는 보바,CS,82,460,180,BOSSEN,4X7.04 LB,Dry,4
AMF0077,BANSANKAN EEL COATING SAUCE,반산칸 장어 코팅 소스,CS,97,280,180,NIPPONSHOKKEN,6X5.2 LB,Dry,6
AMF0078,ROASTED SAWEED NORI (HALF SHEET_100SHT),구운김 (반장_ 100장 ),CS,91,640,180,SILVERSPRING,10X5.12 OZ,Dry,10
AMF0079,PICKLED GINGER (SUSHI GINGER_NATURAL),스시 생강 (내츄럴),CS,39,280,180,ASA,10X2.2 LB,Ref,10
AMF0080,SUSHI LAVER (SUSHI NORI_GOLD_HALF CUT),스시김 (스시 노리_골드_반장),CS,0,640,180,UNBRANDED,10X4.4 OZ,Dry,10
AMF0081,COOKING WINE (WHITE_ 3L),쿠킹 와인 (WHITE_ 3L),CS,20,640,180,EMPEROR,4X3 L,Dry,4
AMF0082,STRAIGHT CUT RICE STICK (M),라이스 스틱 (M),CS,59,640,180,THOUSANDELEPHANTS,25 LB,Dry,1
AMF0083,BAMBOO CHOPSTICKS,대나무 젓가락,CS,70,1360,180,PFCHANGS,10X200 PR,Dry,10
AMF0084,RICE STICK NOODLE (M),라이스 스틱 (M),CS,61,640,180,THOUSANDELEPHANTS,30X14 OZ,Dry,30
AMF0085,SWEET CHILI SAMBAL OELEK,스윗칠리소스 (삼발올렉),CS,65,690,180,LPE,4X160 OZ,Dry,4
AMF0086,SRIRACH HOT CHILI SAUCE,스리라차 핫 칠리소스,CS,52,640,180,3MIEN,12X28 OZ,Dry,12
AMF0087,WASABI POWDER,와사비 가루,CS,113,690,180,SHIRAKIKU,10X2.2 LB,Dry,10
AMF0088,FISH SAUCE,멸치액젓,CS,23,640,180,ASSI,3X1.18 GAL,Dry,3
AMF0089,SRIRACHA HOT CHILI SAUCE (29 OZ),스리라차 핫 칠리 소스 (29 OZ),CS,35,640,180,ASA,12X29 OZ,Dry,12
AMF0090,SAMBAL OELEK (127 OZ),삼발 올렉 (127 OZ),CS,48,640,180,ASA,4X127 OZ,Dry,4
AMF0091,"COOKING WINE (WHITE, 10L)","쿠킹 와인 (WHITE, 10L)",CS,34,1015,180,EMPEROR,2X10L,Dry,2
AMF0092,PAGODA PAIL(26OZ),파고다 투고 박스(26OZ),CS,64,1745,180,PFCHANGS,450PC,Dry,1
AMF0093,NO MSG HOT PEPPER PASTE (6.6#),NO MSG 햇 고추장 (6.6#),CS,59,440,180,YISSINE,6X6.6 LB,Dry,6
AMF0094,MUSTARD POWDER,겨자분,CS,215,700,180,LIANHOW,1X50 LB,Dry,1
AMF0095,BLACK VINEGAR (17.8L),흑식초 (17.8L),CS,76,520,180,KOONCHUN,17.8L,Dry,1
AMF0096,SWEET GINGER PEACH DECAF (50TB),스윗 생강 복숭아 디카페인 (50TB),CS,112,690,180,DIVINESPECIALTY,6X7.76 OZ,Dry,6
AMF0097,ORGANIC GREEN TEA (50TB),유기농 녹차 (50TB),CS,124,690,180,DIVINESPECIALTY,6X7.76 OZ,Dry,6
AMF0098,DRAGON EYE OOLONG TEA (50TB),드래곤 아이 우롱티 (50TB),CS,111,690,180,DIVINESPECIALTY,6X7.76 OZ,Dry,6
AMF0099,RED CHILI FLAKES,고추 플레이크,BG,26,640,180,ASA,1X5 LB,Dry,6
AMF0100,CONCENTRATE COOKING TAMARIND,쿠킹 타마린드 컨센츄레이트,CS,51,650,180,GARDEN QUEEN,24X16 OZ,Dry,24
AMF0101,FIVE SPICE POWDER,5 스파이스 파우더,CS,265,640,180,EMPEROR,10 LB,Dry,1
CAL1,CALENDARS (999),달력 (999),EA,999,0,0,UNBRANDED,50X1 PC,Dry,1
CAL2,CALENDARS (998),달력 (998),EA,999,0,0,UNBRANDED,100X1 PC,Dry,1
CSC0003,RAPOKKI,라뽀끼,CS,12.2,285,180,ASSI,6X5.11 OZ,Dry,6
PFG0001,SUSHI RICE (50#),쌀 (50#),BG,33,690,180,ASIANPRIDE,50 LB,Dry,1
PFG0002,100PER PURE SESAME OIL,참기름,CS,152,640,180,ASIANPRIDE,4X1 GAL,Dry,4
PFG0003,RICE VINEGAR - SEASONED,쌀식초,CS,39,640,180,ASIANPRIDE,4X1 GAL,Dry,4
UFI0001,SWEET CHILI SAUCE (BULK),스윗 칠리 소스 (벌크),CS,72,640,180,MAEPLOY,56.2 LB,Dry,1
WGM0001,ORGANIC WHITE RICE NOODLES (3MM),유기농 쌀국수,CS,23,640,180,WEGMANS,12X7.7 OZ,Dry,12
WGM0002,ORGANIC BROWN RICE NOODLES (3MM),유기농 현미 쌀국수,CS,22,640,180,WEGMANS,12X7.7 OZ,Dry,12
WGM0003,GOCHUJANG,고추장,CS,44,460,180,WEGMANS,15X10.58 OZ,Dry,15
WGM0004,ORGANIC WHITE RICE VERMICELLI NOODLES,유기농 가는 쌀국수,CS,27,640,180,WEGMANS,12X6.35 OZ,Dry,12
WGM0005,ORGANIC BROWN RICE VERMICELLI NOODLES,유기농 가는 현미 쌀국수,CS,26,640,180,WEGMANS,12X6.35 OZ,Dry,12
WGM0006,SWEET POTATO GLASS NOODLES,당면,CS,17,640,180,WEGMANS,10X4.23 OZ,Dry,10
WGM0007,WASABI COATED GREEN PEA,와사비 그린피,CS,40,650,180,WEGMANS,12X9.9 OZ,Dry,12
WGM0008,SRIRACHA COATED GREEN PEA,쓰리라차 그린피,CS,39,650,180,WEGMANS,12X9.9 OZ,Dry,12