Item No.,Variant Code,Unit of Measure,Reference Type,Reference Type No.,Reference No.,Description,Description 2,Starting Date,Ending Date,Usage Data Supplier Ref. Entry No.
00002D,,BG,Bar Code,,081652000020,EACH,,2024-07-29,,
00003D,,CS,Bar Code,,081652000037,EACH,,2024-07-29,,
00003D,,CS,Bar Code,,10081652000034,CASE,,2024-07-29,,
00004D,,CS,Bar Code,,081652000044,EACH,,2024-07-29,,
00004D,,CS,Bar Code,,10081652000041,CASE,,2024-07-29,,
00007D,,BG,Customer,GA26,533385,,,,,
00007D,,BG,Bar Code,,081652000075,EACH,,2024-07-29,,
00009D,,BG,Bar Code,,081652000099,EA,,2024-07-29,,
00009D,,BG,Bar Code,,10081652000096,CS,,2024-07-29,,
00010D,,BG,Bar Code,,081652000105,EACH,,2024-07-29,2024-07-30,
00011D,,CS,Bar Code,,081652000112,EACH,,2025-04-15,,
00011D,,CS,Bar Code,,10081652000119,CASE,,2025-04-15,,
00012D,,BG,Bar Code,,081652000129,EACH,,2024-07-29,,
00013D,,CS,Bar Code,,081652000136,EACH,,2024-07-29,,
00013D,,CS,Bar Code,,10081652000133,CASE,,2024-07-29,,
00014D,,CS,Bar Code,,081652000143,EACH,,2024-07-29,,
00014D,,CS,Bar Code,,10081652000140,CASE,,2024-07-29,,
00015D,,BG,Bar Code,,081652000150,BG,,2024-07-29,,
00015D,,BG,Bar Code,,10081652000157,CS,,2024-07-29,,
00016D,,CS,Vendor,10544,FIN-MC-0505,,,2024-07-29,,
00016D,,CS,Bar Code,,081652000167,EACH,,2024-09-25,,
00016D,,CS,Bar Code,,10081652000164,CASE,,2024-09-25,,
00018D,,CS,Bar Code,,081652000181,EACH,,2025-04-15,,
00018D,,CS,Bar Code,,10081652000188,CASE,,2025-04-15,,
00019D,,CS,Bar Code,,081652000198,EACH,,2024-07-29,,
00019D,,CS,Bar Code,,10081652000195,CASE,,2024-07-29,,
00020D,,CS,Bar Code,,081652000204,EACH,,2024-07-29,,
00020D,,CS,Bar Code,,10081652000201,CASE,,2024-07-29,,
00021D,,CS,Bar Code,,081652000211,EACH,,2025-04-15,,
00021D,,CS,Bar Code,,10081652000218,CASE,,2025-04-15,,
00022D,,CS,Bar Code,,081652000228,EACH,,2024-07-29,,
00022D,,CS,Bar Code,,10081652000225,CASE,,2024-07-29,,
00023D,,CS,Bar Code,,081652000235,EACH,,2024-07-29,,
00023D,,CS,Bar Code,,10081652000232,CASE,,2024-07-29,,
00024D,,CS,Bar Code,,081652000242,RETAIL 2023_03_17,,2024-07-29,,
00024D,,CS,Bar Code,,10081652000249,WH 2023_03_17,,2024-07-29,,
00025D,,BG,Bar Code,,081652000259,EACH,,2024-07-29,,
00026D,,BG,Bar Code,,081652000266,EACH,,2024-07-29,,
00027D,,BG,Bar Code,,081652000273,,,2024-07-29,2024-07-30,
00027D,,BG,Bar Code,,10081652000270,,,2024-07-29,2024-07-30,
00028D,,CS,Bar Code,,081652000280,RETAIL 2023_05_22,,2024-07-29,2024-07-30,
00028D,,CS,Bar Code,,10081652000287,WH 2023_05_22,,2024-07-29,2024-07-30,
00029D,,BG,Bar Code,,081652000297,EACH,,2024-07-29,,
00029D,,BG,Bar Code,,10081652000294,CASE,,2024-07-29,,
00030D,,BG,Bar Code,,081652000303,EACH,,2024-07-29,,
00030E,,BG,Bar Code,,081652000303,EACH,,2024-10-08,2024-10-08,
00031D,,BG,Customer,AZ003,2056623,FANCY VARIETY RICE (50#),,,,
00031D,,BG,Customer,CA039,2056623,FANCY VARIETY RICE (50#),,,,
00031D,,BG,Customer,CA40,2056623,FANCY VARIETY RICE (50#),,,,
00031D,,BG,Customer,CO003,2056623,FANCY VARIETY RICE (50#),,,,
00031D,,BG,Customer,FL339,2056623,FANCY VARIETY RICE (50#),,,,
00031D,,BG,Customer,IL89,2056623,FANCY VARIETY RICE (50#),,,,
00031D,,BG,Customer,KS29,2056623,FANCY VARIETY RICE (50#),,,,
00031D,,BG,Customer,MA64,2056623,FANCY VARIETY RICE (50#),,,,
00031D,,BG,Customer,MI69,2056623,FANCY VARIETY RICE (50#),,,,
00031D,,BG,Customer,NC168,2056623,FANCY VARIETY RICE (50#),,,,
00031D,,BG,Customer,OH85,2056623,FANCY VARIETY RICE (50#),,,,
00031D,,BG,Customer,PA142,2056623,FANCY VARIETY RICE (50#),,,,
00031D,,BG,Customer,TN57,2056623,FANCY VARIETY RICE (50#),,,,
00031D,,BG,Customer,TX188,2056623,FANCY VARIETY RICE (50#),,,,
00031D,,BG,Customer,TX189,2056623,FANCY VARIETY RICE (50#),,,,
00031D,,BG,Customer,VA372,2056623,FANCY VARIETY RICE (50#),,,,
00031D,,BG,Customer,WA04,2056623,FANCY VARIETY RICE (50#),,,,
00031D,,BG,Bar Code,,081652000310,EACH,,2024-07-29,,
00031E,,BG,Customer,FL339,2056623,FANCY VARIETY RICE (50#),,,,
00031E,,BG,Customer,MA64,2056623,FANCY VARIETY RICE (50#),,,,
00031E,,BG,Customer,MI69,2056623,FANCY VARIETY RICE (50#),,,,
00031E,,BG,Customer,NC168,2056623,FANCY VARIETY RICE (50#),,,,
00031E,,BG,Customer,OH85,2056623,FANCY VARIETY RICE (50#),,,,
00031E,,BG,Customer,PA142,2056623,FANCY VARIETY RICE (50#),,,,
00031E,,BG,Customer,TN57,2056623,FANCY VARIETY RICE (50#),,,,
00031E,,BG,Bar Code,,081652000310,EACH,,2024-07-01,2024-10-07,
00032D,,BG,Bar Code,,081652000327,EACH,,2024-07-29,,
00033D,,BG,Bar Code,,081652000334,EACH,,2024-07-29,,
00033D,,BG,Bar Code,,10081652000331,CASE,,2024-07-29,,
00033E,,BG,Bar Code,,081652000334,EACH,,2024-10-24,2024-10-24,
00035D,,CS,Bar Code,,081652000358,EACH,,2024-07-29,,
00035D,,CS,Bar Code,,10081652000355,CASE,,2024-07-29,,
00036D,,CS,Bar Code,,081652000365,RETAIL 2023_04_04,,2024-07-29,,
00036D,,CS,Bar Code,,10081652000362,WH 2023_04_04,,2024-07-29,,
00050D,,BG,Bar Code,,081652000501,EACH,,2024-07-29,2024-07-30,
00051D,,CS,Bar Code,,081652000518,EACH,,2024-07-29,2024-07-30,
00053D,,CS,Bar Code,,081652000532,EACH,,2024-07-29,2024-07-30,
00054D,,CS,Bar Code,,081652000549,EACH,,2024-07-29,2024-07-30,
00057D,,BG,Bar Code,,081652000570,EACH,,2024-07-29,2024-07-30,
00057D,,BG,Bar Code,,10081652000577,CASE,,2024-07-29,2024-07-30,
00060D,,BG,Bar Code,,081652000600,EACH,,2024-07-29,2024-07-30,
00061D,,CS,Bar Code,,081652000617,RETAIL 2023_04_04,,2024-07-29,2024-07-30,
00061D,,CS,Bar Code,,10081652000614,WH 2023_04_04,,2024-07-29,2024-07-30,
00066D,,BG,Bar Code,,081652000662,EACH,,2024-07-29,,
00066D,,BG,Bar Code,,100816520006669,CASE,,2024-07-29,,
00072D,,BG,Bar Code,,50758108728900,EACH,,2024-07-29,,
00073D,,BG,Bar Code,,8809183621147,EACH,,2024-07-29,2024-07-30,
00074D,,BG,Bar Code,,8809071504255,EACH,,2024-07-29,2024-07-30,
00075D,,BG,Bar Code,,8809071500424,EACH,,2024-07-29,2024-07-30,
00080D,,CS,Bar Code,,081652000808,RETAIL 2023_04_04,,2024-07-29,,
00080D,,CS,Bar Code,,10081652000805,WH 2023_04_04,,2024-07-29,,
00081D,,CS,Bar Code,,081652000815,EACH,,2024-07-29,,
00081D,,CS,Bar Code,,10081652000812,CASE,,2024-07-29,,
00087D,,CS,Bar Code,,081652000877,RETAIL 2023_03_17,,2024-07-29,,
00087D,,CS,Bar Code,,10081652000874,WH 2023_03_17,,2024-07-29,,
00091D,,BG,Bar Code,,081652000914,EACH,,2024-07-29,2025-08-01,
00092D,,CS,Bar Code,,081652000921,RETAIL 2023_03_17,,2024-07-29,,
00092D,,CS,Bar Code,,10081652000928,WH 2023_03_17,,2024-07-29,,
00093D,,CS,Bar Code,,081652000938,RETAIL 2023_04_04,,2024-07-29,,
00093D,,CS,Bar Code,,10081652000935,WH 2023_04_04,,2024-07-29,,
00094D,,CS,Bar Code,,081652000945,EACH,,2024-07-29,,
00094D,,CS,Bar Code,,10081652000942,CASE,,2024-07-29,,
00097D,,CS,Bar Code,,081652000976,RETAIL 2023_04_04,,2024-07-29,,
00097D,,CS,Bar Code,,10081652000973,WH 2023_04_04,,2024-07-29,,
00098D,,CS,Bar Code,,081652000983,EACH,,2024-07-29,2024-07-30,
00098D,,CS,Bar Code,,10081652000980,CASE,,2024-07-29,2024-07-30,
00099D,,CS,Bar Code,,081652000990,RETAIL 2023_03_17,,2024-07-29,,
00099D,,CS,Bar Code,,10081652000997,WH 2023_03_17,,2024-07-29,,
01009D,,BG,Bar Code,,081652010098,RETAIL,,2024-07-01,2024-10-07,
01009D,,BG,Bar Code,,100816520110095,CASE,,2024-07-01,2024-10-07,
01012D,,CS,Bar Code,,074823001131,EACH,,2024-07-29,2024-07-30,
01015D,,CS,Bar Code,,081652010159,EACH,,2024-07-29,2025-06-20,
01015D,,CS,Bar Code,,10081652010156,CASE,,2024-07-29,2025-06-20,
01020D,,CS,Bar Code,,081652010203,EACH,,2024-07-29,,
01020D,,CS,Bar Code,,10081652010200,,,2024-11-01,,
01021D,,BG,Bar Code,,081652010210,EACH,,2024-07-29,,
01023D,,CS,Bar Code,,081652010234,EACH,,2024-07-29,2024-07-30,
01024D,,CS,Bar Code,,081652010241,EACH,,2024-07-29,2024-07-30,
01025D,,BG,Bar Code,,081652010258,EACH,,2024-07-29,2024-07-30,
01027D,,CS,Bar Code,,081652010272,EACH,,2024-07-29,,
01027D,,CS,Bar Code,,10081652010279,CASE,,2024-07-29,,
01029D,,BG,Customer,VA372,6368609,THAI JASMINE RICE  (20#),,,,
01029D,,BG,Bar Code,,081652010296,EACH,,2024-07-29,,
01030D,,BG,Bar Code,,081652010302,EACH,,2024-07-29,,
01031D,,CS,Bar Code,,081652010319,RETAIL 2023_03_17,,2024-07-29,,
01031D,,CS,Bar Code,,10081652010316,WH 2023_03_17,,2024-07-29,,
01032D,,CS,Bar Code,,081652010326,EACH,,2024-07-29,2024-11-27,
01032D,,CS,Bar Code,,10081652010323,,,2024-11-01,2024-11-27,
01033D,,CS,Bar Code,,081652010333,RETAIL 2023_03_17,,2024-07-29,,
01033D,,CS,Bar Code,,10081652010330,WH 2023_03_17,,2024-07-29,,
01034D,,CS,Bar Code,,081652010340,EACH,,2024-07-29,,
01034D,,CS,Bar Code,,10081652010347,,,2024-11-01,,
01038D,,BG,Bar Code,,10081652010385,EACH,,2024-07-29,,
01039D,,BG,Bar Code,,081652010395,WH 2023_04_04,,2024-07-29,,
01039D,,BG,Bar Code,,10081652010392,CASE,,2024-07-29,,
01041D,,CS,Bar Code,,081652010418,RETAIL 2023_03_17,,2024-07-29,,
01041D,,CS,Bar Code,,10081652010415,WH 2023_03_17,,2024-07-29,,
01043D,,CS,Bar Code,,081652010432,EACH,,2024-07-01,2024-11-27,
01043D,,CS,Bar Code,,10081652010439,CASE,,2024-07-01,2024-11-27,
01044D,,CS,Bar Code,,081652010449,EACH,,2024-07-29,2024-11-27,
01044D,,CS,Bar Code,,10081652010446,,,2024-07-29,2024-11-27,
01045D,,CS,Bar Code,,081652010456,RETAIL 2023_04_10,,2024-07-29,,
01045D,,CS,Bar Code,,10081652010453,WH 2023_04_10,,2024-07-29,,
01047D,,BG,Bar Code,,081652010470,EACH,,2024-07-29,,
01048D,,CS,Bar Code,,081652010487,RETAIL 2023_04_04,,2024-07-29,,
01048D,,CS,Bar Code,,10081652010484,WH 2023_04_04,,2024-07-29,,
01049D,,BG,Bar Code,,BULK,,,2024-07-29,,
01054D,,CS,Bar Code,,081652010548,RETAIL 2023_04_14,,2024-07-29,,
01054D,,CS,Bar Code,,10081652010545,WH 2023_04_14,,2024-07-29,,
01060K,,CS,Bar Code,,081652010609,WH 2023_04_04,,2024-07-29,,
01060K,,CS,Bar Code,,10081652010606,WH 2023_04_04,,2024-07-29,,
01061D,,CS,Bar Code,,081652010616,WH 2023_04_04,,2024-07-29,,
01061D,,CS,Bar Code,,10081652010613,WH 2023_04_04,,2024-07-29,,
01063D,,CS,Bar Code,,081652010630,RETAIL 2023_04_04,,2024-07-29,2025-02-07,
01063D,,CS,Bar Code,,10081652010637,WH 2023_04_04,,2024-07-29,2025-02-07,
01064D,,BG,Bar Code,,BULK,,,2024-07-29,,
01066D,,CS,Bar Code,,081652010661,RETAIL 2023_04_04,,2024-07-29,2025-02-28,
01066D,,CS,Bar Code,,10081652010668,WH 2023_04_04,,2024-07-29,2025-02-28,
01067D,,CS,Bar Code,,081652010678,RETAIL 2023_03_17,,2024-07-29,,
01067D,,CS,Bar Code,,10081652010675,WH 2023_03_17,,2024-07-29,,
01070D,,BG,Bar Code,,081652010708,Retail,,2024-07-29,,
01070D,,BG,Bar Code,,10081652010705,,,2024-07-29,,
01073D,,CS,Bar Code,,081652010739,EACH,,2024-07-29,2024-07-30,
01076D,,BG,Bar Code,,10081652010767,EACH,,2024-07-29,,
01077D,,BG,Bar Code,,10081652010774,EACH,,2024-07-29,,
01078D,,BG,Bar Code,,081652010784,EACH,,2024-07-29,,
01079V,,BG,Bar Code,,081652010791,EACH,,2024-07-29,,
01081D,,BG,Bar Code,,BULK,,,2024-07-29,,
01082D,,CS,Bar Code,,081652010821,EACH,,2024-07-29,,
01082D,,CS,Bar Code,,10081652010828,CASE,,2024-07-29,,
01083D,,CS,Bar Code,,081652010838,RETAIL 2023_04_04,,2024-07-29,2025-03-14,
01083D,,CS,Bar Code,,10081652010835,WH 2023_04_04,,2024-07-29,2025-03-14,
01088V,,CS,Bar Code,,081652010883,EACH,,2024-07-29,2024-09-27,
01088V,,CS,Bar Code,,10081652010880,CASE,,2024-07-29,2024-09-27,
01090D,,BG,Bar Code,,BULK,,,2024-07-29,2024-10-08,
01094K,,CS,Bar Code,,081652010944,RETAIL 2023_04_04,,2024-07-29,2025-02-07,
01094K,,CS,Bar Code,,10081652010941,WH 2023_04_04,,2024-07-29,2025-02-07,
01095D,,BG,Bar Code,,BULK,,,2024-07-29,2025-05-23,
01096D,,CS,Bar Code,,081652010968,RETAIL 2023_04_04,,2024-07-29,2024-11-27,
01096D,,CS,Bar Code,,10081652010965,WH 2023_04_04,,2024-07-29,2024-11-27,
01100V,,BG,Bar Code,,081652011002,EACH,,2024-07-29,,
01103D,,CS,Bar Code,,081652011033,EACH,,2024-07-29,2024-11-27,
01103D,,CS,Bar Code,,10081652011030,,,2024-11-01,2024-11-27,
01106D,,BG,Bar Code,,081652011064,EACH,,2024-07-29,,
01106D,,BG,Bar Code,,10081652011061,BG,,2024-07-29,,
01107D,,CS,Bar Code,,081652011071,EACH,,2025-04-15,,
01107D,,CS,Bar Code,,10081652011078,CASE,,2025-04-15,,
01108D,,CS,Bar Code,,081652011088,RETAIL 2023_04_04,,2024-07-29,,
01108D,,CS,Bar Code,,10081652011085,WH 2023_04_04,,2024-07-29,,
01110D,,CS,Bar Code,,081652011101,EACH,,2025-04-15,,
01110D,,CS,Bar Code,,10081652011108,CASE,,2025-04-15,,
01111K,,CS,Bar Code,,081652011118,EACH,,2025-04-15,,
01111K,,CS,Bar Code,,10081652011115,CASE,,2025-04-15,,
01112K,,CS,Bar Code,,081652011125,EACH,,2025-04-15,,
01112K,,CS,Bar Code,,10081652011122,CASE,,2025-04-15,,
01113K,,CS,Bar Code,,081652011132,RETAIL 2023_04_04,,2024-07-29,,
01113K,,CS,Bar Code,,10081652011139,WH 2023_04_04,,2024-07-29,,
01114K,,CS,Bar Code,,081652011149,EACH,,2025-04-15,,
01114K,,CS,Bar Code,,10081652011146,CASE,,2025-04-15,,
01117D,,CS,Bar Code,,081652011170,RETAIL 2023_03_17,,2024-07-29,,
01117D,,CS,Bar Code,,10081652011177,WH 2023_03_17,,2024-07-29,,
01118D,,CS,Bar Code,,081652011187,RETAIL 2023_04_14,,2024-07-29,,
01118D,,CS,Bar Code,,10081652011184,WH 2023_04_14,,2024-07-29,,
01119D,,CS,Bar Code,,081652011194,RETAIL 2023_04_04,,2024-07-29,,
01119D,,CS,Bar Code,,10081652011191,WH 2023_04_04,,2024-07-29,,
01122J,,CS,Bar Code,,081652011224,WH 2023_04_04,,2024-07-29,,
01122J,,CS,Bar Code,,10081652011221,WH 2023_04_04,,2024-07-29,,
01124D,,CS,Bar Code,,081652011248,EA,,2024-07-29,,
01124D,,CS,Bar Code,,10081652011245,CS,,2024-07-29,,
01126K,,CS,Bar Code,,081652011262,RETAIL 2023_05_22,,2024-07-29,2024-07-30,
01126K,,CS,Bar Code,,10081652011269,WH 2023_05_22,,2024-07-29,2024-07-30,
01127K,,CS,Bar Code,,081652011279,RETAIL 2023_04_10,,2024-07-29,2024-07-30,
01127K,,CS,Bar Code,,10081652011276,WH 2023_04_10,,2024-07-29,2024-07-30,
01128K,,CS,Bar Code,,081652011286,RETAIL 2023_04_24,,2024-07-29,2024-12-10,
01128K,,CS,Bar Code,,10081652011283,WH 2023_04_24,,2024-07-29,2024-12-10,
01135D,,CS,Bar Code,,081652011354,EACH,,2024-07-29,,
01135D,,CS,Bar Code,,10081652011351,CASE,,2024-07-29,,
01136D,,CS,Bar Code,,081652011361,RETAIL,,2024-07-29,,
01136D,,CS,Bar Code,,10081652011368,WH,,2024-07-29,,
01139D,,CS,Bar Code,,081652011392,RETAIL 2023_03_17,,2024-07-29,,
01139D,,CS,Bar Code,,10081652011399,WH 2023_03_17,,2024-07-29,,
01142K,,CS,Bar Code,,081652011422,EACH,,2024-07-29,2024-07-30,
01142K,,CS,Bar Code,,10081652011429,CASE,,2024-07-29,2024-07-30,
01147D,,CS,Bar Code,,081652011477,RETAIL 2023_04_04,,2024-07-29,,
01147D,,CS,Bar Code,,10081652011474,WH 2023_04_04,,2024-07-29,,
01154D,,CS,Bar Code,,081652011545,RETAIL 2023_04_04,,2024-07-29,,
01154D,,CS,Bar Code,,10081652011542,WH 2023_04_04,,2024-07-29,,
01158K,,CS,Bar Code,,18804845202761,WH 2023_04_24,,2024-07-29,2024-07-30,
01158K,,CS,Bar Code,,8804845205000,RETAIL 2023_04_24,,2024-07-29,2024-07-30,
01159K,,CS,Bar Code,,18804845202778,WH 2023_05_09,,2024-07-29,2024-07-30,
01159K,,CS,Bar Code,,8804845202252,EACH,,2024-07-29,2024-07-30,
01159K,,CS,Bar Code,,8804845205017,RETAIL 2023_05_09,,2024-07-29,2024-07-30,
01159K,,CS,Bar Code,,88804845202258,CASE,,2024-07-29,2024-07-30,
01177K,,CS,Bar Code,,081652011774,RETAIL 2023_04_14,,2024-07-29,,
01177K,,CS,Bar Code,,10081652011771,WH 2023_04_14,,2024-07-29,,
01177K,,CS,Bar Code,,4545732011772,BOX,,2024-07-29,,
01192K,,CS,Vendor,10153,85797,,,,,
01192K,,CS,Bar Code,,18801047857843,WH 2023_05_09,,2024-07-29,,
01192K,,CS,Bar Code,,8801047857846,RETAIL 2023_05_09,,2024-07-29,,
01193K,,CS,Bar Code,,18801047857829,CASE,,2024-07-29,,
01193K,,CS,Bar Code,,8801047857822,EACH,,2024-07-29,,
01194K,,CS,Bar Code,,18801047859274,WH 2023_05_09,,2024-07-29,,
01194K,,CS,Bar Code,,8801047857570,EACH,,2024-07-29,,
01194K,,CS,Bar Code,,8801047859277,RETAIL 2023_05_09,,2024-07-29,,
01195K,,CS,Bar Code,,18801047859250,WH 2023_05_09,,2024-07-29,,
01195K,,CS,Bar Code,,8801047859253,RETAIL 2023_05_09,,2024-07-29,,
01196K,,CS,Bar Code,,18801047859311,WH 2023_05_09,,2024-07-29,2024-07-30,
01196K,,CS,Bar Code,,8801047859314,RETAIL 2023_05_09,,2024-07-29,2024-07-30,
01199K,,CS,Bar Code,,18801047857881,CASE,,2024-07-29,,
01199K,,CS,Bar Code,,8801047857884,EACH,,2024-07-29,,
01201D,,CS,Bar Code,,081652012016,EACH,,2024-07-29,2024-11-27,
01202D,,CS,Bar Code,,081652012023,EACH,,2024-07-01,2024-11-27,
01202D,,CS,Bar Code,,10081652012020,CASE,,2024-07-01,2024-11-27,
01203D,,CS,Bar Code,,081652012030,RETAIL 2023_03_17,,2024-07-01,2024-11-27,
01203D,,CS,Bar Code,,10081652012037,WH 2023_03_17,,2024-07-01,2024-11-27,
01206D,,CS,Bar Code,,081652012061,RETAIL,,2024-10-01,,
01206D,,CS,Bar Code,,10081652012068,,,2024-10-01,,
01208D,,CS,Bar Code,,081652012085,EACH,,2024-07-29,,
01208D,,CS,Bar Code,,10081652012082,CASE,,2024-07-29,,
01209D,,CS,Bar Code,,081652012092,RETAIL,,2024-07-01,2024-10-07,
01209D,,CS,Bar Code,,10081652012099,,,2024-07-01,2024-10-07,
01211D,,CS,Bar Code,,081652012115,RETAIL 2023_04_04,,2024-07-29,,
01211D,,CS,Bar Code,,10081652012112,WH 2023_04_04,,2024-07-29,,
01212D,,CS,Bar Code,,081652012122,RETAIL 2023_03_17,,2024-07-29,,
01212D,,CS,Bar Code,,10081652012129,WH 2023_03_17,,2024-07-29,,
01213D,,CS,Bar Code,,081652012139,RETAIL 2023_04_04,,2024-07-29,,
01213D,,CS,Bar Code,,10081652012136,WH 2023_04_04,,2024-07-29,,
01214D,,CS,Bar Code,,081652012146,RETAIL 2023_04_14,,2024-07-29,,
01214D,,CS,Bar Code,,10081652012143,WH 2023_04_14,,2024-07-29,,
01216D,,CS,Bar Code,,081652012160,RETAIL 2023_05_22,,2024-07-29,,
01216D,,CS,Bar Code,,10081652012167,WH 2023_05_22,,2024-07-29,,
01219D,,CS,Bar Code,,081652012191,RETAIL,,2024-10-13,2024-10-13,
01219D,,CS,Bar Code,,10081652012198,,,2024-10-13,2024-10-13,
01220D,,CS,Bar Code,,081652012207,RETAIL 2023_04_04,,2024-07-29,,
01220D,,CS,Bar Code,,10081652012204,WH 2023_04_04,,2024-07-29,,
01221D,,CS,Bar Code,,081652012214,EA,,2024-07-29,,
01221D,,CS,Bar Code,,10081652012211,BOX,,2024-07-29,,
01222D,,CS,Bar Code,,081652012221,RETAIL 2023_05_22,,2024-07-29,,
01222D,,CS,Bar Code,,10081652012228,WH 2023_05_22,,2024-07-29,,
01223D,,CS,Bar Code,,081652012238,EACH,,2024-07-29,,
01223D,,CS,Bar Code,,10081652012235,CS,,2024-07-29,,
01224D,,CS,Bar Code,,10081652012242,,,2025-07-01,2025-07-01,
01224D,,CS,Bar Code,,81652012245,RETAIL ,,2025-07-01,2025-07-01,
01225D,,CS,Bar Code,,10081652012259,,,2025-07-01,2025-07-01,
01225D,,CS,Bar Code,,81652012252,RETAIL,,2025-07-01,2025-07-01,
01226D,,CS,Bar Code,,10081652012266,,,2025-07-01,2025-07-01,
01226D,,CS,Bar Code,,81652012269,RETAIL ,,2025-07-01,2025-07-01,
01227D,,CS,Bar Code,,10081652012273,,,2025-07-01,2025-07-01,
01227D,,CS,Bar Code,,81652012276,RETAIL ,,2025-07-01,2025-07-01,
01228D,,CS,Bar Code,,10081652012280,,,2025-07-01,2025-07-01,
01228D,,CS,Bar Code,,81652012283,RETAIL ,,2025-07-01,2025-07-01,
01229D,,CS,Bar Code,,10081652012297,,,2025-07-01,2025-07-01,
01229D,,CS,Bar Code,,81652012290,RETAIL ,,2025-07-01,2025-07-01,
02002D,,CS,Bar Code,,081652020028,EACH,,2024-07-29,,
02002D,,CS,Bar Code,,10081652020025,CASE,,2024-07-29,,
02008D,,CS,Bar Code,,081652020080,RETAIL 2023_03_17,,2024-07-29,,
02008D,,CS,Bar Code,,10081652020087,WH 2023_03_17,,2024-07-29,,
02010D,,CS,Bar Code,,074823000219,EACH,,2024-07-29,2024-07-30,
02011D,,BG,Bar Code,,074823000233,EACH,,2024-07-29,2024-07-30,
02019T,,CS,Bar Code,,18934734222034,CASE,,2024-07-29,,
02019T,,CS,Bar Code,,8934734222037,EACH,,2024-07-29,,
02020T,,CS,Bar Code,,18934734032039,WH 2023_04_04,,2024-07-29,,
02020T,,CS,Bar Code,,8934734032032,RETAIL 2023_04_04,,2024-07-29,,
02022T,,CS,Bar Code,,18934734082034,WH 2023_04_24,,2024-07-29,,
02022T,,CS,Bar Code,,8934734082037,RETAIL 2023_04_24,,2024-07-29,,
02023T,,CS,Bar Code,,18934734052037,CASE,,2024-07-29,,
02023T,,CS,Bar Code,,8934734052030,RETAIL 2023_04_24,,2024-07-29,,
02024T,,CS,Bar Code,,28934734102104,WH 2023_05_09,,2024-07-29,,
02024T,,CS,Bar Code,,8934734102100,RETAIL 2023_05_09,,2024-07-29,,
02026T,,CS,Bar Code,,18934734022030,WH 2023_05_09,,2024-07-29,,
02026T,,CS,Bar Code,,8934734022033,RETAIL 2023_05_09,,2024-07-29,,
02027D,,CS,Bar Code,,8711553010034,EACH,,2024-07-29,,
02027D,,CS,Bar Code,,8711553013912,,,2024-11-01,,
02029D,,BG,Bar Code,,BULK,,,2024-07-29,,
02030D,,CS,Bar Code,,081652020301,RETAIL 2023_04_04,,2024-07-29,,
02030D,,CS,Bar Code,,10081652020308,WH 2023_04_04,,2024-07-29,,
02032D,,CS,Bar Code,,081652020325,RETAIL 2023_05_22,,2024-07-29,,
02032D,,CS,Bar Code,,10081652020322,WH 2023_05_22,,2024-07-29,,
02035K,,CS,Bar Code,,18809087460146,CASE,,2025-04-15,,
02035K,,CS,Bar Code,,8809087460149,EACH,,2025-04-15,,
02041D,,BG,Bar Code,,BULK,,,2024-07-29,,
02042K,,BX,Bar Code,,081652020424,EACH,,2024-07-29,2025-04-25,
02042K,,BX,Bar Code,,10081652020421,CASE,,2024-07-29,2025-04-25,
02045K,,CS,Bar Code,,081652020455,RETAIL 2023_04_14,,2024-07-29,2025-05-09,
02045K,,CS,Bar Code,,10080650020454,CASE,,2024-07-29,2025-05-09,
02045K,,CS,Bar Code,,10081650020454,WH 2023_04_14,,2024-07-29,2025-05-09,
02048C,,CS,Bar Code,,081652020486,RETAIL 2023_04_24,,2024-07-29,,
02048C,,CS,Bar Code,,10081652020483,WH 2023_04_24,,2024-07-29,,
02051K,,BX,Bar Code,,081652020516,EACH,,2024-07-29,2025-03-28,
02051K,,BX,Bar Code,,10081652020513,CASE,,2024-07-29,2025-03-28,
02054K,,CS,Bar Code,,28801176121539,WH 2023_05_22,,2024-07-29,,
02054K,,CS,Bar Code,,8801176121085,RETAIL 2023_04_04,,2024-07-29,,
02055K,,CS,Bar Code,,28801176101388,CASE,,2024-07-29,,
02055K,,CS,Bar Code,,8801176101179,EACH,,2024-07-29,,
02056D,,CS,Bar Code,,081652020561,RETAIL 2023_04_24,,2024-07-29,,
02056D,,CS,Bar Code,,10081652020568,WH 2023_04_24,,2024-07-29,,
02057K,,CS,Bar Code,,28801176101593,CASE,,2024-07-29,,
02057K,,CS,Bar Code,,8801176101186,EACH,,2024-07-29,,
02058K,,CS,Bar Code,,10081652020582,WH 2023_05_09,,2024-07-29,,
02058K,,CS,Bar Code,,8801176101018,EACH,,2024-07-29,,
02058K,,CS,Bar Code,,8801176111079,RETAIL 2023_05_09,,2024-07-29,,
02059K,,BG,Bar Code,,8801176101049,EACH,,2024-07-29,,
02060K,,CS,Bar Code,,081652020608,RETAIL 2023_04_04,,2024-07-29,2024-07-30,
02060K,,CS,Bar Code,,10081652020605,CASE,,2024-07-29,2024-07-30,
02060K,,CS,Bar Code,,18801013711650,WH 2023_04_04,,2024-07-29,2024-07-30,
02064K,,CS,Bar Code,,081652020646,EACH,,2025-04-15,,
02064K,,CS,Bar Code,,10081652020643,CASE,,2025-04-15,,
02065K,,CS,Bar Code,,081652020653,RETAIL 2023_04_14,,2024-07-29,,
02065K,,CS,Bar Code,,10081652020650,WH 2023_04_14,,2024-07-29,,
02066K,,CS,Bar Code,,081652020660,EACH,,2024-07-29,2024-07-30,
02067D,,CS,Bar Code,,10761720071325,CASE,,2024-07-29,,
02068K,,CS,Bar Code,,10081652020681,WH 2023_05_09,,2024-07-29,2024-07-30,
02068K,,CS,Bar Code,,8809242320011,RETAIL 2023_05_09,,2024-07-29,2024-07-30,
02069K,,CS,Bar Code,,081652020691,RETAIL 2023_04_24,,2024-07-29,2024-07-30,
02071D,,CS,Bar Code,,081652020714,RETAIL 2023_03_17,,2024-07-29,2024-07-30,
02071D,,CS,Bar Code,,10081652020711,WH 2023_03_17,,2024-07-29,2024-07-30,
02075K,,BX,Bar Code,,8809087460088,EACH,,2024-07-29,,
02081K,,CS,Customer,PA142,5791367,KOREAN STUFFED PANCAKE MIX,,,,
02081K,,CS,Bar Code,,18801013797425,WH 2023_04_24,,2024-07-29,,
02081K,,CS,Bar Code,,8801013797428,RETAIL 2023_04_24,,2024-07-29,,
02083K,,CS,Bar Code,,18801013793878,CASE,,2024-07-29,2024-07-30,
02083K,,CS,Bar Code,,8801013793529,EACH,,2024-07-29,2024-07-30,
02083K,,CS,Bar Code,,8801013793871,EACH,,2024-07-29,2024-07-30,
02084K,,CS,Bar Code,,18801013793885,WH 2023_04_24,,2024-07-29,,
02084K,,CS,Bar Code,,8801013793413,EACH,,2024-07-29,,
02084K,,CS,Bar Code,,8801013793888,RETAIL 2023_04_24,,2024-07-29,,
02087K,,CS,Bar Code,,18801013795100,CASE,,2025-04-15,,
02087K,,CS,Bar Code,,8801013795103,EACH,,2025-04-15,,
02088K,,CS,Bar Code,,18801013795209,CASE,,2024-07-29,2024-07-30,
02088K,,CS,Bar Code,,8801013795202,EACH,,2024-07-29,2024-07-30,
02089K,,CS,Bar Code,,188001013797593,CASE,,2025-04-15,,
02089K,,CS,Bar Code,,8801013797596,EACH,,2025-04-15,,
02096D,,CS,Bar Code,,081652020967,RETAIL 2023_04_04,,2024-07-29,,
02096D,,CS,Bar Code,,10081652020964,WH 2023_04_04,,2024-07-29,,
02123K,,CS,Bar Code,,081652021230,RETAIL 2023_05_09,,2024-07-29,,
02123K,,CS,Bar Code,,10081652021237,WH 2023_05_09,,2024-07-29,,
02124K,,CS,Bar Code,,081652021247,RETAIL 2023_04_10,,2024-07-29,,
02124K,,CS,Bar Code,,10081652021244,WH 2023_04_10,,2024-07-29,,
02125K,,CS,Bar Code,,081652021254,EACH,,2024-07-29,,
02125K,,CS,Bar Code,,10081652021251,CASE,,2024-07-29,,
02126K,,CS,Bar Code,,081652021261,RETAIL 2023_04_14,,2024-07-29,2024-11-27,
02126K,,CS,Bar Code,,10081652021268,WH 2023_04_14,,2024-07-29,2024-11-27,
02148K,,CS,Bar Code,,081652021483,RETAIL 2023_03_17,,2024-07-29,,
02148K,,CS,Bar Code,,10081652021480,WH 2023_03_17,,2024-07-29,,
02149K,,CS,Bar Code,,081652021490,RETAIL 2023_04_10,,2024-07-29,,
02149K,,CS,Bar Code,,10081652021497,WH 2023_04_10,,2024-07-29,,
02150K,,CS,Bar Code,,081652021506,RETAIL 2023_04_24,,2024-07-29,,
02150K,,CS,Bar Code,,10081652021503,WH 2023_04_24,,2024-07-29,,
02151K,,CS,Bar Code,,081652021513,RETAIL 2023_05_09,,2024-07-29,,
02151K,,CS,Bar Code,,10081652021510,WH 2023_05_09,,2024-07-29,,
02153K,,CS,Bar Code,,58801176250018,WH 2023_04_24,,2024-07-29,,
02153K,,CS,Bar Code,,8801176250013,RETAIL 2023_04_24,,2024-07-29,,
02155K,,CS,Bar Code,,18801176250027,CASE,,2024-07-29,,
02155K,,CS,Bar Code,,18801176250034,CASE,,2024-07-29,,
02155K,,CS,Bar Code,,8801176250037,EACH,,2024-07-29,,
02156D,,CS,Bar Code,,081652021568,RETAIL 2023_04_04,,2024-07-29,,
02156D,,CS,Bar Code,,10081652021565,WH 2023_04_04,,2024-07-29,,
02161K,,BX,Bar Code,,081652021612,EACH,,2024-07-29,,
02163D,,CS,Bar Code,,081652021636,RETAIL 2023_04_24,,2024-07-29,,
02163D,,CS,Bar Code,,10081652021633,WH 2023_04_24,,2024-07-29,,
02164D,,CS,Bar Code,,081652021643,RETAIL 2023_04_04,,2024-07-29,,
02164D,,CS,Bar Code,,10081652021640,WH 2023_04_04,,2024-07-29,,
02168D,,CS,Bar Code,,081652021681,EACH,,2024-07-29,,
02168D,,CS,Bar Code,,10081652021688,CASE,,2024-07-29,,
02170D,,CS,Bar Code,,081652021704,EA,,2024-07-29,,
02170D,,CS,Bar Code,,10081652021701,,,2024-11-01,,
02174D,,CS,Bar Code,,081652021742,EACH,,2025-01-30,2025-01-30,
02174D,,CS,Bar Code,,10081652027147,CASE,,2025-01-30,2025-01-30,
02179D,,CS,Bar Code,,081652021797,EACH,,2024-07-29,2024-07-30,
02179D,,CS,Bar Code,,10081652021794,CASE,,2024-07-29,2024-07-30,
02192K,,CS,Bar Code,,18801013190301,WH 2023_04_04,,2024-07-29,,
02192K,,CS,Bar Code,,8801013130102,RETAIL 2023_04_04,,2024-07-29,,
02196K,,CS,Bar Code,,18801013120100,WH 2023_04_04,,2024-07-29,,
02196K,,CS,Bar Code,,8801013120103,RETAIL 2023_04_04,,2024-07-29,,
02196K,,CS,Bar Code,,8801013120110,EACH,,2024-07-29,,
02197K,,CS,Bar Code,,8801013130102,EACH,,2024-07-29,2024-07-30,
02198K,,CS,Bar Code,,18801013110101,RETAIL 2023_04_04,,2024-07-29,,
02198K,,CS,Bar Code,,8801013110104,EACH,,2024-07-29,,
02200T,,CS,Bar Code,,084909003904,RETAIL 2023_04_14,,2024-07-29,,
02204K,,BX,Bar Code,,8805972001022,EACH,,2024-07-29,,
02207K,,BX,Bar Code,,645175860105,EACH,,2024-07-29,,
02207K,,BX,Bar Code,,645175930419,CS,,2024-07-29,,
02207K,,CS,Bar Code,,645175930419,CS,,2024-07-29,,
02208K,,CS,Bar Code,,645175860501,RETAIL 2023_04_24,,2024-07-29,,
02208K,,CS,Bar Code,,645175930426,WH 2023_04_24,,2024-07-29,,
02210P,,CS,Bar Code,,14089015280055,CASE,,2024-07-29,2024-07-30,
02210P,,CS,Bar Code,,14809015280420,WH 2023_05_09,,2024-07-29,2024-07-30,
02210P,,CS,Bar Code,,4809015280058,RETAIL 2023_05_09,,2024-07-29,2024-07-30,
02210P,,CS,Bar Code,,48090152880058,EACH,,2024-07-29,2024-07-30,
02211T,,CS,Bar Code,,18934734202036,WH 2023_04_24,,2024-07-29,,
02211T,,CS,Bar Code,,8934734202039,RETAIL 2023_04_24,,2024-07-29,,
02214T,,CS,Bar Code,,18934734212035,WH 2023_05_09,,2024-07-29,,
02214T,,CS,Bar Code,,8934734212038,RETAIL 2023_05_09,,2024-07-29,,
02222T,,CS,Bar Code,,28934734432034,WH 2023_04_04,,2024-07-29,,
02222T,,CS,Bar Code,,8934734432030,RETAIL 2023_04_04,,2024-07-29,,
02227D,,BG,Bar Code,,8801176203149,BG,,2024-07-29,2024-08-09,
02228K,,CS,Bar Code,,8801176200223,CASE,,2025-04-15,,
02229K,,CS,Bar Code,,18801176679569,,,2025-04-04,,
02229K,,CS,Bar Code,,8801176679562,RETAIL,,2025-04-04,,
02230K,,CS,Bar Code,,18801176203726,,,2025-04-04,,
02230K,,CS,Bar Code,,8801176203729,RETAIL,,2025-04-04,,
02231K,,CS,Bar Code,,18801176203719,,,2025-04-04,,
02231K,,CS,Bar Code,,8801176203712,RETAIL,,2025-04-04,,
02303K,,CS,Bar Code,,18801176679576,,,2025-04-04,,
02303K,,CS,Bar Code,,8801176679579,RETAIL,,2025-04-04,,
03005K,,CS,Bar Code,,081652030058,RETAIL 2023_04_10,,2024-07-29,2024-12-27,
03005K,,CS,Bar Code,,10081652030055,WH 2023_04_10,,2024-07-29,2024-12-27,
03008K,,CS,Bar Code,,081652030089,RETAIL 2023_04_04,,2024-07-29,,
03008K,,CS,Bar Code,,10081652030086,WH 2023_04_04,,2024-07-29,,
03012K,,CS,Bar Code,,081652030126,RETAIL 2023_04_04,,2024-07-29,,
03012K,,CS,Bar Code,,10081652030123,WH 2023_04_04,,2024-07-29,,
03016K,,CS,Bar Code,,18801005107027,WH 2023_04_04,,2024-07-29,,
03016K,,CS,Bar Code,,8801005107020,RETAIL 2023_04_04,,2024-07-29,,
03018K,,CS,Bar Code,,18801005107003,WH 2023_04_04,,2024-07-29,,
03018K,,CS,Bar Code,,18810005107003,CASE,,2024-07-29,,
03018K,,CS,Bar Code,,8801005107006,RETAIL 2023_04_04,,2024-07-29,,
03020K,,CS,Bar Code,,18801005116043,WH 2023_03_17,,2024-07-29,,
03020K,,CS,Bar Code,,8801005116046,RETAIL 2023_03_17,,2024-07-29,,
03024K,,CS,Bar Code,,18801301001401,CASE,,2024-07-29,2024-07-30,
03024K,,CS,Bar Code,,8801301001404,EACH,,2024-07-29,2024-07-30,
03026K,,CS,Bar Code,,18801005112311,CASE,,2024-07-29,,
03026K,,CS,Bar Code,,8801005112314,EACH,,2024-07-29,,
03027K,,CS,Bar Code,,18801005140482,WH 2023_03_17,,2024-07-29,,
03027K,,CS,Bar Code,,8801005140485,RETAIL 2023_03_17,,2024-07-29,,
03028K,,CS,Bar Code,,18801005109212,WH 2023_03_17,,2024-07-29,,
03028K,,CS,Bar Code,,8801005109215,RETAIL 2023_03_17,,2024-07-29,,
03030K,,CS,Bar Code,,8801005113359,EACH,,2024-07-29,,
03034K,,CS,Bar Code,,18801005105207,WH 2023_04_24,,2024-07-29,,
03034K,,CS,Bar Code,,8801005105200,RETAIL 2023_04_24,,2024-07-29,,
03035K,,CS,Bar Code,,18801005105085,CASE,,2024-07-29,2024-07-30,
03035K,,CS,Bar Code,,8801005105088,EACH,,2024-07-29,2024-07-30,
03040J,,CS,Bar Code,,BULK,,,2024-07-29,2025-02-04,
03041J,,CS,Bar Code,,073899530309,EACH,,2024-07-29,2025-02-04,
03051J,,CS,Bar Code,,073899559164,EACH,,2024-07-29,2024-07-30,
03051J,,CS,Bar Code,,073899632201,WH 2023_04_04,,2024-07-29,2024-07-30,
03055J,,CS,Bar Code,,073899632508,WH 2023_04_04,,2024-07-29,2025-02-04,
03061D,,CS,Bar Code,,041390001826,EACH,,2024-07-29,,
03061D,,CS,Bar Code,,10041390001823,BOX,,2024-07-29,,
03062D,,CS,Vendor,10260,23513,,,,,
03062D,,CS,Bar Code,,041390001468,RETAIL 2023_03_17,,2024-07-29,,
03062D,,CS,Bar Code,,10041390001465,WH 2023_03_17,,2024-07-29,,
03065D,,CS,Vendor,10260,06048,,,,,
03065D,,CS,Bar Code,,04139344,EACH,,2024-07-29,,
03065D,,CS,Bar Code,,10041390000956,CASE,,2024-07-29,,
03066D,,CS,Vendor,10260,01507,,,,,
03066D,,CS,Bar Code,,04139247,RETAIL 2023_04_24,,2024-07-29,,
03066D,,CS,Bar Code,,10041390000703,WH 2023_04_24,,2024-07-29,,
03068D,,CS,Vendor,10260,01456,,,,,
03068D,,CS,Bar Code,,04139946,EACH,,2024-07-29,,
03068D,,CS,Bar Code,,10041390002806,CASE,,2024-07-29,,
03088D,,CS,Bar Code,,041390030635,EACH,,2024-07-29,2024-07-30,
03090D,,CS,Vendor,10492,00130,,,,,
03090D,,CS,Bar Code,,075810001356,EACH,,2024-07-29,,
03090D,,CS,Bar Code,,10075810001308,CASE,,2024-07-29,,
03099C,,CS,Bar Code,,081652030997,RETAIL 2023_03_17,,2024-07-29,,
03099C,,CS,Bar Code,,10081652030994,WH 2023_03_17,,2024-07-29,,
03100K,,CS,Bar Code,,081652031000,RETAIL 2023_03_17,,2024-07-29,,
03100K,,CS,Bar Code,,10081652031007,WH 2023_03_17,,2024-07-29,,
03101C,,CS,Bar Code,,023452080093,EACH,,2024-07-29,,
03102C,,CS,Bar Code,,023452080086,RETAIL 2023_05_22,,2024-07-29,,
03103C,,CS,Bar Code,,081652031031,RETAIL 2023_03_17,,2024-07-29,,
03103C,,CS,Bar Code,,10081652031038,WH 2023_03_17,,2024-07-29,,
03104C,,CS,Bar Code,,081652031048,RETAIL 2023_03_17,,2024-07-29,,
03104C,,CS,Bar Code,,10081652031045,WH 2023_03_17,,2024-07-29,,
03105C,,CS,Bar Code,,081652031055,RETAIL 2023_05_10,,2024-07-29,,
03105C,,CS,Bar Code,,10081652031051,CASE,,2024-07-29,,
03105C,,CS,Bar Code,,10081652031052,WH 2023_05_10,,2024-07-29,,
03110D,,CS,Vendor,10260,06900,,,,,
03110D,,CS,Bar Code,,011152069005,EACH,,2024-07-29,,
03111D,,CS,Vendor,10260,02137,,,,,
03111D,,CS,Bar Code,,011152021379,RETAIL 2023_03_17,,2024-07-29,,
03111D,,CS,Bar Code,,10011152021376,WH 2023_03_17,,2024-07-29,,
03112D,,CS,Vendor,10260,26337,,,,,
03112D,,CS,Bar Code,,011152263373,RETAIL 2023_04_24,,2024-07-29,,
03112D,,CS,Bar Code,,10011152263370,WH 2023_04_24,,2024-07-29,,
03113D,,CS,Vendor,10260,02140,,,,,
03113D,,CS,Bar Code,,011152021409,EACH,,2024-07-29,,
03119K,,CS,Bar Code,,18801056023737,CASE,,2024-07-29,,
03119K,,CS,Bar Code,,58801056023749,WH 2023_03_17,,2024-07-29,,
03119K,,CS,Bar Code,,8801056023737,RETAIL 2023_03_17,,2024-07-29,,
03121J,,CS,Bar Code,,14902551043242,WH 2023_04_04,,2024-07-29,,
03121J,,CS,Bar Code,,787811043241,RETAIL 2023_04_04,,2024-07-29,,
03122J,,CS,Bar Code,,24902551013143,WH 2023_05_09,,2024-07-29,,
03122J,,CS,Bar Code,,787811013145,RETAIL 2023_05_09,,2024-07-29,,
03123J,,CS,Bar Code,,14902551013153,WH 2023_04_04,,2024-07-29,,
03123J,,CS,Bar Code,,787811013152,RETAIL 2023_04_04,,2024-07-29,,
03127P,,CS,Bar Code,,737964000400,EACH,,1999-01-01,2000-01-01,
03130P,,CS,Bar Code,,737964000455,EACH,,1999-01-01,2000-01-01,
03132P,,CS,Bar Code,,737964000622,RETAIL 2023_03_17,,1999-01-01,2000-01-01,
03133P,,CS,Bar Code,,737964000639,EACH,,1999-01-01,2000-01-01,
03135P,,CS,Bar Code,,737964000868,RETAIL 2023_03_17,,2024-07-01,2024-10-07,
03139P,,CS,Bar Code,,014285002253,RETAIL 2023_04_04,,1999-01-01,2000-01-01,
03143K,,CS,Bar Code,,18801005118139,WH 2023_04_04,,2024-07-29,,
03143K,,CS,Bar Code,,8801005118132,RETAIL 2023_04_04,,2024-07-29,,
03145K,,CS,Bar Code,,18801005133200,WH 2023_04_04,,2024-07-29,,
03145K,,CS,Bar Code,,1881005133200,CASE,,2024-07-29,,
03145K,,CS,Bar Code,,8801005133203,RETAIL 2023_04_04,,2024-07-29,,
03146N,,CS,Bar Code,,18801005105085,CASE,,2025-04-15,,
03146N,,CS,Bar Code,,8801005105088,EACH,,2025-04-15,,
03150J,,CS,Bar Code,,081652031505,EACH,,2024-07-29,,
03150J,,CS,Bar Code,,10081652031502,,,2024-11-26,,
03151D,,CS,Vendor,10260,27533,,,,,
03151D,,CS,Bar Code,,041390001505,RETAIL 2023_03_17,,2024-07-29,,
03151D,,CS,Bar Code,,10041390001502,WH 2023_03_17,,2024-07-29,,
03152D,,CS,Vendor,10260,07470,,,,,
03152D,,CS,Bar Code,,041390001307,RETAIL 2023_03_17,,2024-07-29,,
03152D,,CS,Bar Code,,10041390001304,WH 2023_03_17,,2024-07-29,,
03153D,,CS,Vendor,10260,06621,,,,,
03153D,,CS,Bar Code,,041390001109,EACH,,2024-07-29,,
03153D,,CS,Bar Code,,10041390001106,CASE,,2024-07-29,,
03156C,,CS,Bar Code,,078895740035,EACH,,2024-07-29,,
03156C,,CS,Bar Code,,30078895740036,CASE,,2024-07-29,,
03159C,,CS,Bar Code,,078895138047,RETAIL 2023_03_17,,2024-07-29,,
03159C,,CS,Bar Code,,20078895138041,WH 2023_03_17,,2024-07-29,,
03162C,,CS,Bar Code,,078895400021,RETAIL 2023_05_09,,2024-07-29,,
03162C,,CS,Bar Code,,30078895210027,WH 2023_05_09,,2024-07-29,,
03167C,,CS,Bar Code,,20742812300049,WH 2023_03_17,,2024-07-29,,
03167C,,CS,Bar Code,,742812300045,RETAIL 2023_03_17,,2024-07-29,,
03169C,,CS,Bar Code,,078895300031,RETAIL 2023_03_17,,2024-07-29,,
03169C,,CS,Bar Code,,30078895300032,WH 2023_03_17,,2024-07-29,,
03170C,,CS,Bar Code,,078895300024,RETAIL 2023_04_04,,2024-07-29,2024-07-30,
03170C,,CS,Bar Code,,30078895300025,WH 2023_04_04,,2024-07-29,2024-07-30,
03172C,,CS,Bar Code,,078895300017,EACH,,2024-07-29,,
03172C,,CS,Bar Code,,300788953000018,06082023 OUTER,,2024-07-29,,
03180C,,CS,Bar Code,,30742812330180,WH 2023_05_09,,2024-07-29,,
03180C,,CS,Bar Code,,742812330189,RETAIL 2023_05_09,,2024-07-29,,
03181C,,CS,Bar Code,,078895100020,RETAIL 2023_03_17,,2024-07-29,2025-02-28,
03181C,,CS,Bar Code,,40078895100028,WH 2023_03_17,,2024-07-29,2025-02-28,
03187C,,CS,Bar Code,,078895135237,RETAIL 2023_04_04,,2024-07-29,2024-11-08,
03187C,,CS,Bar Code,,40078895135235,WH 2023_04_04,,2024-07-29,2024-11-08,
03190C,,CS,Bar Code,,737964000875,RETAIL 2023_03_17,,2024-07-29,,
03195K,,CS,Bar Code,,18801005111246,CASE,,2024-07-29,,
03195K,,CS,Bar Code,,8801005111249,EACH,,2024-07-29,,
03198C,,CS,Vendor,10322,1300550814,,,,,
03198C,,CS,Bar Code,,078895143331,EACH,,2024-07-29,,
03198C,,CS,Bar Code,,30078895143332,CASE,,2024-07-29,,
03202C,,CS,Bar Code,,078895610000,EACH,,2024-07-29,,
03202C,,CS,Bar Code,,30078895610001,CASE,,2024-07-29,,
03221C,,CS,Bar Code,,078895142693,RETAIL 2023_04_04,,2024-07-29,,
03221C,,CS,Bar Code,,30078895142694,WH 2023_04_04,,2024-07-29,,
03223C,,CS,Bar Code,,20742812710053,WH 2023_03_17,,2024-07-29,,
03223C,,CS,Bar Code,,742812710059,RETAIL 2023_03_17,,2024-07-29,,
03227P,,CS,Bar Code,,737964000370,RETAIL 2023_03_17,,2024-07-29,,
03228C,,CS,Bar Code,,078895731033,EACH,,2024-07-29,,
03228C,,CS,Bar Code,,30078895731034,CASE,,2024-07-29,,
03230C,,CS,Bar Code,,30742812700617,WH 2023_03_17,,2024-07-29,,
03230C,,CS,Bar Code,,742812700616,RETAIL 2023_03_17,,2024-07-29,,
03231C,,CS,Bar Code,,078895760026,RETAIL 2023_05_09,,2024-07-29,,
03231C,,CS,Bar Code,,30078895760027,WH 2023_05_09,,2024-07-29,,
03232C,,CS,Bar Code,,078895731026,EACH,,2024-07-29,,
03233C,,CS,Bar Code,,078895128031,RETAIL 2023_04_04,,2024-07-29,,
03233C,,CS,Bar Code,,30078895128032,WH 2023_04_04,,2024-07-29,,
03237D,,CS,Bar Code,,30742812710074,WH 2023_05_09,,2024-07-29,,
03237D,,CS,Bar Code,,742812710073,RETAIL 2023_05_09,,2024-07-29,,
03241K,,CS,Bar Code,,081652032410,EACH,,2024-07-29,,
03241K,,CS,Bar Code,,10081652032417,WH 2023_04_24,,2024-07-29,,
03241K,,CS,Bar Code,,8807009000718,RETAIL 2023_04_24,,2024-07-29,,
03242D,,CS,Bar Code,,081652032427,RETAIL 2023_04_24,,2024-07-29,,
03242D,,CS,Bar Code,,10081652032424,WH 2023_04_24,,2024-07-29,,
03244D,,CS,Bar Code,,081652032441,EACH,,2024-07-29,,
03244D,,CS,Bar Code,,10081652032448,CASE,,2024-07-29,,
03249P,,CS,Bar Code,,4801668500224,RETAIL 2023_04_04,,2024-07-29,,
03250C,,CS,Vendor,10322,1300360159,,,,,
03250C,,CS,Bar Code,,078895743050,RETAIL,,2024-07-29,,
03250C,,CS,Bar Code,,30078895743051,,,2024-07-29,,
03256T,,CS,Bar Code,,801635000188,RETAIL 2023_04_04,,2024-07-29,,
03257T,,CS,Bar Code,,801635000096,RETAIL 2023_04_04,,2024-07-29,,
03260D,,CS,Bar Code,,050561826298,RETAIL 2023_04_04,,2024-07-29,,
03260D,,CS,Bar Code,,10793573816679,WH 2023_04_04,,2024-07-29,,
03260D,,CS,Bar Code,,793573816672,CASE,,2024-07-29,,
03261D,,CS,Vendor,10492,02120,,,,,
03261D,,CS,Bar Code,,075810021255,EACH,,2024-07-29,,
03261D,,CS,Bar Code,,10075810021207,CASE,,2024-07-29,,
03262D,,CS,Vendor,10492,02320,,,,,
03262D,,CS,Bar Code,,075810023259,RETAIL 2023_04_24,,2024-07-29,,
03262D,,CS,Bar Code,,10075810023201,WH 2023_04_24,,2024-07-29,,
03263D,,CS,Vendor,10492,00120,,,,,
03263D,,CS,Bar Code,,075810001257,EACH,,2024-07-29,,
03263D,,CS,Bar Code,,10075810001209,CASE,,2024-07-29,,
03264D,,CS,Vendor,10492,00420,,,,,
03264D,,CS,Bar Code,,075810004258,RETAIL 2023_04_10,,2024-07-29,,
03264D,,CS,Bar Code,,10075810004200,WH 2023_04_10,,2024-07-29,,
03265D,,CS,Vendor,10492,02420,,,,,
03265D,,CS,Bar Code,,075810024256,EACH,,2024-07-29,,
03265D,,CS,Bar Code,,10075810024208,CASE,,2024-07-29,,
03266D,,CS,Vendor,10492,14020,,,,,
03266D,,CS,Bar Code,,075810140253,EACH,,2024-07-29,,
03266D,,CS,Bar Code,,10075810140205,CASE,,2024-07-29,,
03267D,,CS,Vendor,10492,11220,,,,,
03267D,,CS,Bar Code,,075810112250,EACH,,2024-07-29,,
03267D,,CS,Bar Code,,10075810112202,CASE,,2024-07-29,,
03268D,,CS,Vendor,10492,04120,,,,,
03268D,,CS,Bar Code,,075810041253,EACH,,2024-07-29,,
03268D,,CS,Bar Code,,10075810041205,CASE,,2024-07-29,,
03269D,,CS,Vendor,10492,02130,,,,,
03269D,,CS,Bar Code,,075810021354,EACH,,2024-07-29,,
03269D,,CS,Bar Code,,10075810021306,,,2024-07-29,,
03272P,,CS,Bar Code,,025407804426,EACH,,2024-07-29,,
03274P,,CS,Bar Code,,025407806062,EACH,,2024-07-29,,
03284T,,CS,Bar Code,,10801635000017,WH 2023_04_04,,2024-07-29,,
03284T,,CS,Bar Code,,801635000010,RETAIL 2023_04_04,,2024-07-29,,
03287T,,CS,Bar Code,,10801635000345,,,2024-07-29,,
03287T,,CS,Bar Code,,801635000348,RETAIL 2023_04_04,,2024-07-29,,
03293T,,CS,Vendor,11250,,,,,,
03293T,,CS,Bar Code,,10649193999998,WH 2023_03_17,,2024-07-29,,
03293T,,CS,Bar Code,,649193999991,RETAIL 2023_03_17,,2024-07-29,,
03294T,,CS,Bar Code,,050561846326,RETAIL 2023_03_17,,2024-07-29,,
03294T,,CS,Bar Code,,1050561846326,CASE,,2024-07-29,,
03294T,,CS,Bar Code,,10793573778878,WH 2023_03_17,,2024-07-29,,
03295T,,CS,Bar Code,,18850620888019,CASE,,2024-07-29,,
03295T,,CS,Bar Code,,8850620888012,EACH,,2024-07-29,,
03297C,,CS,Bar Code,,078895126389,RETAIL 2023_03_17,,2024-07-29,,
03297C,,CS,Bar Code,,30078895126380,WH 2023_03_17,,2024-07-29,,
03298C,,CS,Bar Code,,078895126396,RETAIL 2023_03_17,,2024-07-29,,
03298C,,CS,Bar Code,,30078895126397,WH 2023_03_17,,2024-07-29,,
03299C,,CS,Bar Code,,0788954230,EACH,,2024-07-29,2024-07-30,
03299C,,CS,Bar Code,,078895423037,,,2024-07-29,2024-07-30,
03299C,,CS,Bar Code,,30078895423,CASE,,2024-07-29,2024-07-30,
03299C,,CS,Bar Code,,30078895423038,,,2024-07-29,2024-07-30,
03300T,,CS,Bar Code,,083737230131,RETAIL 2023_04_04,,2024-07-29,,
03301T,,CS,Bar Code,,083737230117,RETAIL 2023_04_04,,2024-07-29,,
03301T,,CS,Bar Code,,48851954100946,WH 2023_04_04,,2024-07-29,,
03304C,,CS,Bar Code,,078895139488,RETAIL 2023_03_17,,2024-07-29,,
03304C,,CS,Bar Code,,20078895139482,WH 2023_03_17,,2024-07-29,,
03308C,,CS,Bar Code,,020717612228,EACH,,2024-07-29,2024-07-30,
03308C,,CS,Bar Code,,12020717612223,CASE,,2024-07-29,2024-07-30,
03309C,,CS,Bar Code,,078895128895,RETAIL 2023_04_04,,2024-07-29,,
03309C,,CS,Bar Code,,30078895128896,WH 2023_04_04,,2024-07-29,,
03310P,,CS,Bar Code,,079809412406,RETAIL 2023_04_04,,2024-07-29,,
03310P,,CS,Bar Code,,10798094124067,CASE,,2024-07-29,,
03311P,,CS,Bar Code,,079809002621,RETAIL 2023_03_17,,2024-07-29,,
03311P,,CS,Bar Code,,079809472400,EACH,,2024-07-29,,
03311P,,CS,Bar Code,,10798090026211,CASE,,2024-07-29,,
03312C,,CS,Bar Code,,00028000002954,WH 2023_04_04,,2024-07-29,,
03312C,,CS,Bar Code,,028000111540,RETAIL 2023_04_04,,2024-07-29,,
03313C,,CS,Bar Code,,00028000691202,WH 2023_03_17,,2024-07-29,,
03313C,,CS,Bar Code,,00074826723061,CASE,,2024-07-29,,
03313C,,CS,Bar Code,,028000235291,RETAIL 2023_03_17,,2024-07-29,,
03313C,,CS,Bar Code,,074826723115,EACH,,2024-07-29,,
03314P,,CS,Bar Code,,079809001624,RETAIL 2023_03_17,,2024-07-29,,
03314P,,CS,Bar Code,,079809719451,EACH,,2024-07-29,,
03314P,,CS,Bar Code,,10798090016243,CASE,,2024-07-29,,
03315T,,CS,Bar Code,,094922202956,WH 2023_03_17,,2024-07-29,,
03315T,,CS,Bar Code,,4933187788880,RETAIL 2023_03_17,,2024-07-29,,
03315T,,CS,Bar Code,,7935737788880,EACH,,2024-07-29,,
03316T,,CS,Bar Code,,094922878885,RETAIL 2023_04_04,,2024-07-29,,
03317T,,CS,Bar Code,,801635000065,RETAIL 2023_03_17,,2024-07-29,,
03319T,,CS,Bar Code,,801635000027,RETAIL 2023_04_04,,2024-07-29,,
03322C,,CS,Bar Code,,028000534608,RETAIL 2023_03_17,,2024-07-29,,
03322C,,CS,Bar Code,,028000696603,WH 2023_03_17,,2024-07-29,,
03323C,,CS,Bar Code,,078895128789,EACH,,2024-07-29,,
03323C,,CS,Bar Code,,30078895128780,CASE,,2024-07-29,,
03327T,,CS,Bar Code,,1849991000045,WH 2023_03_17,,2024-07-29,,
03327T,,CS,Bar Code,,849991000046,RETAIL 2023_03_17,,2024-07-29,,
03328T,,CS,Bar Code,,1849991000120,WH 2023_04_04,,2024-07-29,,
03328T,,CS,Bar Code,,849991000121,RETAIL 2023_04_04,,2024-07-29,,
03329T,,CS,Bar Code,,1849991000052,WH 2023_04_14,,2024-07-29,,
03329T,,CS,Bar Code,,849991000053,RETAIL 2023_04_14,,2024-07-29,,
03330C,,CS,Customer,VA372,8608457,CHILI GARLIC SAUCE (L),,,,
03330C,,CS,Bar Code,,024463061217,EACH,,2024-07-29,,
03330C,,CS,Bar Code,,024463101210,CASE,,2024-07-29,,
03331C,,CS,Bar Code,,024463061057,EACH,,2024-07-29,,
03332C,,CS,Bar Code,,024463061040,EACH,,2024-07-29,,
03340C,,CS,Bar Code,,081652033400,RETAIL 2023_04_04,,2024-07-29,,
03340C,,CS,Bar Code,,10081652033407,WH 2023_04_04,,2024-07-29,,
03343C,,CS,Bar Code,,078895147186,RETAIL 2023_05_09,,2024-07-29,,
03343C,,CS,Bar Code,,30078895147187,WH 2023_05_09,,2024-07-29,,
03346K,,CS,Bar Code,,081652033462,RETAIL 2023_04_14,,2024-07-29,2024-09-20,
03346K,,CS,Bar Code,,10081652033469,WH 2023_04_14,,2024-07-29,2024-09-20,
03348K,,CS,Bar Code,,081652033486,RETAIL 2023_04_14,,2024-07-29,2024-09-27,
03348K,,CS,Bar Code,,10081652033483,WH 2023_04_14,,2024-07-29,2024-09-27,
03349K,,CS,Bar Code,,081652033493,RETAIL 2023_04_10,,2024-07-29,2024-09-20,
03349K,,CS,Bar Code,,10081652033490,CASE,,2024-07-29,2024-09-20,
03350K,,CS,Bar Code,,081652033509,RETAIL 2023_04_14,,2024-07-29,2024-09-20,
03350K,,CS,Bar Code,,10081652033506,WH 2023_04_14,,2024-07-29,2024-09-20,
03351K,,CS,Bar Code,,081652033516,RETAIL 2023_04_10,,2024-07-29,2024-09-27,
03351K,,CS,Bar Code,,10081652033513,WH 2023_04_10,,2024-07-29,2024-09-27,
03352C,,CS,Bar Code,,10081652033520,CASE,,2024-07-29,2024-07-30,
03353K,,CS,Bar Code,,081652033530,RETAIL,,2024-07-01,,
03353K,,CS,Bar Code,,10081652033537,,,2024-07-01,,
03354K,,CS,Bar Code,,081652033547,RETAIL,,2024-07-01,,
03354K,,CS,Bar Code,,10081652033544,,,2024-07-01,,
03361K,,CS,Bar Code,,081652030225,EACH,,2024-07-29,2024-12-06,
03361K,,CS,Bar Code,,18801301001494,CASE,,2024-07-29,2024-12-06,
03362K,,CS,Bar Code,,18801301001272,WH 2023_03_17,,2024-07-29,2024-07-30,
03362K,,CS,Bar Code,,8801301001275,RETAIL 2023_03_17,,2024-07-29,2024-07-30,
03363K,,CS,Bar Code,,18801301001470,CASE,,2024-07-29,,
03363K,,CS,Bar Code,,8801301001473,EACH,,2024-07-29,,
03364K,,CS,Bar Code,,18801301001715,CASE,,2024-07-29,,
03364K,,CS,Bar Code,,8801301001718,EACH,,2024-07-29,,
03365K,,CS,Bar Code,,18801301001463,CASE,,2024-07-29,,
03365K,,CS,Bar Code,,8801301001466,EACH,,2024-07-29,,
03366K,,CS,Bar Code,,18801301001272,,,2024-07-29,2024-11-22,
03366K,,CS,Bar Code,,8801301001275,RETAIL,,2024-07-29,2024-11-22,
03370K,,CS,Bar Code,,68801056178965,WH 2023_04_14,,2024-07-29,,
03370K,,CS,Bar Code,,8801022022238,WH 2023_04_14,,2024-07-29,,
03370K,,CS,Bar Code,,8801056023690,RETAIL 2023_04_14,,2024-07-29,,
03371K,,CS,Bar Code,,68801056178972,WH 2023_04_14,,2024-07-29,,
03371K,,CS,Bar Code,,8801022022245,WH 2023_04_14,,2024-07-29,,
03371K,,CS,Bar Code,,8801056023713,RETAIL 2023_04_14,,2024-07-29,,
03373C,,CS,Bar Code,,078895157437,RETAIL 2023_04_04,,2024-07-29,2024-07-30,
03373C,,CS,Bar Code,,30078895157438,WH 2023_04_04,,2024-07-29,2024-07-30,
03375C,,CS,Vendor,10322,1300750500,,,,,
03375C,,CS,Bar Code,,078895148756,RETAIL,,2024-07-29,,
03375C,,CS,Bar Code,,20078895148750,,,2024-07-29,,
03376C,,CS,Vendor,10322,1300170505,,,,,
03376C,,CS,Bar Code,,078895160338,RETAIL,,2024-07-29,,
03376C,,CS,Bar Code,,20078895160332,,,2024-07-29,,
03377C,,CS,Bar Code,,078895300024,EACH,,2024-07-29,,
03377C,,CS,Bar Code,,30078895300025,CASE,,2024-07-29,,
03378C,,CS,Vendor,10322,13002B0559,,,,,
03378C,,CS,Bar Code,,078895423037,RETAIL,,2024-07-29,,
03378C,,CS,Bar Code,,30078895423038,,,2024-07-29,,
03379C,,CS,Vendor,10322,13003R0195,,,,,
03379C,,CS,Bar Code,,078895148893,RETAIL,,2024-07-29,,
03379C,,CS,Bar Code,,078895151640,,,2024-07-29,,
03380C,,CS,Vendor,10322,13003R0228,,,,,
03380C,,CS,Bar Code,,078895149074,RETAIL,,2024-07-29,,
03380C,,CS,Bar Code,,078895151909,,,2024-07-29,,
03383T,,CS,Bar Code,,024463061163,EACH,,2024-07-29,,
03383T,,CS,Bar Code,,024463101166,CASE,,2024-07-29,,
03384T,,CS,Bar Code,,024463061095,EACH,,2024-07-29,,
03384T,,CS,Bar Code,,10024463101095,,,2024-07-29,,
03385C,,CS,Bar Code,,024463061071,EACH,,2024-07-29,,
03385C,,CS,Bar Code,,024463101074,CASE,,2024-07-29,,
03386C,,CS,Bar Code,,024463012783,CASE,,2024-07-29,,
03386C,,CS,Bar Code,,024463062801,EACH,,2024-07-29,,
03387C,,CS,Bar Code,,024463061170,EACH,,2024-07-29,,
03387C,,CS,Bar Code,,024463101173,CASE,,2024-07-29,,
03388C,,CS,Bar Code,,024463061088,EACH,,2024-07-29,,
03389C,,CS,Bar Code,,024463061248,RETAIL 2023_04_04,,2024-07-29,,
03389C,,CS,Bar Code,,024463101241,WH 2023_04_04,,2024-07-29,,
03390D,,CS,Bar Code,,16921804700785,WH 2023_04_04,,2024-07-29,,
03390D,,CS,Bar Code,,889417000052,RETAIL 2023_04_04,,2024-07-29,,
03394D,,CS,Bar Code,,16921804700754,WH 2023_04_04,,2024-07-29,,
03394D,,CS,Bar Code,,889417000014,RETAIL 2023_04_04,,2024-07-29,,
03395D,,CS,Bar Code,,69218047002694,CASE,,2024-07-29,,
03395D,,CS,Bar Code,,889417000045,EACH,,2024-07-29,,
03396C,,CS,Bar Code,,024463062801,EACH,,2025-04-15,,
03396C,,CS,Bar Code,,10024463978536,CASE,,2025-04-15,,
03396D,,CS,Bar Code,,69218047000546,CASE,,2024-07-29,,
03396D,,CS,Bar Code,,6921804700450,WH 2023_04_04,,2024-07-29,,
03396D,,CS,Bar Code,,889417000038,RETAIL 2023_04_04,,2024-07-29,,
03397C,,CS,Bar Code,,081652033974,EACH,,2024-07-29,,
03398C,,CS,Bar Code,,081652033981,RETAIL 2023_04_04,,2024-07-29,,
03398C,,CS,Bar Code,,10081652033988,WH 2023_04_04,,2024-07-29,,
03399K,,CS,Bar Code,,8809146750082,CASE,,2024-07-29,,
03404K,,CS,Bar Code,,28801052802040,CASE,,2024-07-29,,
03404K,,CS,Bar Code,,8801052802046,EACH,,2024-07-29,,
03405K,,CS,Bar Code,,081652034056,RETAIL 2023_04_04,,2024-07-29,,
03405K,,CS,Bar Code,,10081652034053,WH 2023_04_04,,2024-07-29,,
03406K,,CS,Bar Code,,081652034063,RETAIL 2023_04_04,,2024-07-29,,
03406K,,CS,Bar Code,,1008165203406,BOX,,2024-07-29,,
03406K,,CS,Bar Code,,10081652034060,WH 2023_04_04,,2024-07-29,,
03416K,,CS,Bar Code,,38801052452174,WH 2023_04_04,,2024-07-29,,
03416K,,CS,Bar Code,,8801052452173,RETAIL 2023_04_04,,2024-07-29,,
03418K,,CS,Bar Code,,8801073411388,EACH,,2024-07-29,2024-07-30,
03418K,,CS,Bar Code,,8801073420557,CASE,,2024-07-29,2024-07-30,
03419K,,CS,Bar Code,,8801073411395,RETAIL 2023_04_10,,2024-07-29,2024-08-30,
03419K,,CS,Bar Code,,8801073420564,WH 2023_04_10,,2024-07-29,2024-08-30,
03422K,,CS,Bar Code,,28801052435026,CASE,,2024-07-29,,
03422K,,CS,Bar Code,,68801052435024,CASE,,2024-07-29,,
03422K,,CS,Bar Code,,8801052435022,EACH,,2024-07-29,,
03423K,,CS,Bar Code,,18801052435098,CASE,,2024-07-29,,
03423K,,CS,Bar Code,,8801052435091,EACH,,2024-07-29,,
03427K,,CS,Bar Code,,288010524521,WH 2023_05_09,,2024-07-29,,
03427K,,CS,Bar Code,,8801052452180,RETAIL 2023_05_09,,2024-07-29,,
03428K,,CS,Bar Code,,081652034285,RETAIL 2023_04_04,,2024-07-29,,
03428K,,CS,Bar Code,,10081652034282,WH 2023_04_04,,2024-07-29,,
03430K,,CS,Bar Code,,081652034308,RETAIL,,2024-07-29,2024-08-02,
03430K,,CS,Bar Code,,10081652034305,,,2024-07-29,2024-08-02,
03431K,,CS,Bar Code,,081652034315,EACH,,2025-04-15,,
03431K,,CS,Bar Code,,10081652034312,CASE,,2025-04-15,,
03432K,,CS,Bar Code,,081652034322,RETAIL 2023_04_04,,2024-07-29,,
03432K,,CS,Bar Code,,10081652034329,WH 2023_04_04,,2024-07-29,,
03433K,,CS,Customer,IL89,9894908,"HOT PEPPER PASTE (KOREA, 37#)",,,,
03433K,,CS,Customer,VA372,9894908,"HOT PEPPER PASTE (KOREA, 37#)",,,,
03433K,,CS,Bar Code,,081652034339,WH 2023_04_04,,2024-07-29,,
03433K,,CS,Bar Code,,10081652034336,WH 2023_03_17,,2024-07-29,,
03434K,,CS,Bar Code,,081652034346,RETAIL 2023_04_04,,2024-07-29,,
03434K,,CS,Bar Code,,10081652034343,WH 2023_04_04,,2024-07-29,,
03439K,,CS,Bar Code,,081652034391,RETAIL 2023_04_24,,2024-07-29,2024-08-02,
03439K,,CS,Bar Code,,10081652034398,WH 2023_04_24,,2024-07-29,2024-08-02,
03440K,,CS,Bar Code,,081652034407,RETAIL,,2024-07-29,2024-08-30,
03440K,,CS,Bar Code,,10081652034404,,,2024-07-29,2024-08-30,
03443K,,CS,Bar Code,,081652034438,RETAIL 2023_04_04,,2024-07-29,,
03443K,,CS,Bar Code,,10081652034435,WH 2023_04_04,,2024-07-29,,
03444K,,CS,Bar Code,,081652034445,RETAIL 2023_05_22,,2024-07-29,,
03444K,,CS,Bar Code,,10081652034442,WH 2023_05_22,,2024-07-29,,
03450K,,CS,Bar Code,,081652034506,RETAIL 2023_04_04,,2024-07-29,,
03450K,,CS,Bar Code,,10081652034503,WH 2023_04_04,,2024-07-29,,
03453K,,CS,Bar Code,,081652034537,EACH,,2025-04-15,,
03453K,,CS,Bar Code,,10081652034534,CASE,,2025-04-15,,
03454K,,CS,Bar Code,,081652034544,EACH,,2025-04-15,,
03454K,,CS,Bar Code,,10081652034541,CASE,,2025-04-15,,
03455K,,CS,Bar Code,,081652034551,RETAIL 2023_04_04,,2024-07-29,2024-07-30,
03455K,,CS,Bar Code,,10081652034558,WH 2023_04_04,,2024-07-29,2024-07-30,
03458K,,CS,Bar Code,,081652034582,RETAIL 2023_04_04,,2024-07-29,,
03458K,,CS,Bar Code,,10081652034589,WH 2023_04_04,,2024-07-29,,
03460K,,CS,Bar Code,,081652034605,RETAIL 2023_04_04,,2024-07-29,,
03460K,,CS,Bar Code,,10081652034602,WH 2023_04_04,,2024-07-29,,
03461K,,CS,Bar Code,,081652034612,WH 2023_03_17,,2024-07-29,,
03461K,,CS,Bar Code,,10081652034619,EACH,,2024-07-29,,
03463K,,CS,Bar Code,,081652034636,EACH,,2025-04-15,,
03463K,,CS,Bar Code,,10081652034633,CASE,,2025-04-15,,
03464K,,CS,Bar Code,,081652034643,EACH,,2025-04-15,,
03464K,,CS,Bar Code,,10081652034640,CASE,,2025-04-15,,
03469K,,CS,Bar Code,,081652034698,RETAIL 2023_04_04,,2024-07-29,,
03469K,,CS,Bar Code,,10081652034695,WH 2023_04_04,,2024-07-29,,
03470K,,CS,Bar Code,,081652034704,RETAIL 2023_04_04,,2024-07-29,,
03470K,,CS,Bar Code,,10081652034701,WH 2023_04_04,,2024-07-29,,
03471K,,CS,Bar Code,,081652034711,RETAIL 2023_04_04,,2024-07-29,,
03471K,,CS,Bar Code,,10081652034718,WH 2023_04_04,,2024-07-29,,
03472K,,CS,Bar Code,,081652034728,EACH,,2025-04-15,,
03472K,,CS,Bar Code,,10081652034725,CASE,,2025-04-15,,
03474K,,CS,Bar Code,,081652034742,RETAIL 2023_04_10,,2024-07-29,,
03474K,,CS,Bar Code,,10081652034749,WH 2023_04_10,,2024-07-29,,
03477K,,CS,Bar Code,,645175291305,EACH,,2024-07-29,,
03477K,,CS,Bar Code,,645175930259,CASE,,2024-07-29,,
03479K,,CS,Bar Code,,081652034797,RETAIL 2023_04_04,,2024-07-29,2024-07-30,
03479K,,CS,Bar Code,,10081652034794,WH 2023_04_04,,2024-07-29,2024-07-30,
03481K,,CS,Bar Code,,081652034810,RETAIL 2023_04_04,,2024-07-29,2024-08-02,
03481K,,CS,Bar Code,,10081652034817,WH 2023_04_04,,2024-07-29,2024-08-02,
03499K,,CS,Bar Code,,081652034995,RETAIL 2023_04_10,,2024-07-29,,
03499K,,CS,Bar Code,,10081652034992,WH 2023_04_10,,2024-07-29,,
03500K,,CS,Bar Code,,081652035008,RETAIL 2023_04_10,,2024-07-29,,
03500K,,CS,Bar Code,,10081652035005,WH 2023_04_10,,2024-07-29,,
03501K,,CS,Bar Code,,8801073411432,EACH,,2024-07-29,2024-07-30,
03501K,,CS,Bar Code,,8801073420571,CASE,,2024-07-29,2024-07-30,
03503K,,CS,Bar Code,,081652035039,RETAIL 2023_04_24,,2024-07-29,,
03503K,,CS,Bar Code,,10081652035036,WH 2023_04_24,,2024-07-29,,
03504K,,CS,Bar Code,,081652035046,RETAIL 2023_05_09,,2024-07-29,,
03504K,,CS,Bar Code,,10081652035043,WH 2023_05_09,,2024-07-29,,
03505V,,CS,Bar Code,,858838005052,EACH,,2024-07-29,2025-07-11,
03505V,,CS,Bar Code,,858838005069,CASE,,2024-07-29,2025-07-11,
03506V,,CS,Bar Code,,893850462022,WH 2023_04_04,,2024-07-29,2024-09-20,
03506V,,CS,Bar Code,,8938504626025,RETAIL 2023_04_04,,2024-07-29,2024-09-20,
03507V,,CS,Bar Code,,893850052513,RETAIL,,2024-07-29,2024-07-30,
03507V,,CS,Bar Code,,893850462613,,,2024-07-29,2024-07-30,
03508V,,CS,Bar Code,,810698536237,RETAIL,,2024-07-29,2024-07-30,
03508V,,CS,Bar Code,,810698636234,,,2024-07-29,2024-07-30,
03515V,,CS,Bar Code,,18934637011520,CASE,,2024-07-29,2024-11-22,
03515V,,CS,Bar Code,,8934637011523,EACH,,2024-07-29,2024-11-22,
03516V,,CS,Bar Code,,18934637514670,CASE,,2024-07-29,2025-03-28,
03516V,,CS,Bar Code,,8934637514673,EACH,,2024-07-29,2025-03-28,
03524K,,CS,Bar Code,,081652035244,RETAIL 2023_05_09,,2024-07-29,,
03524K,,CS,Bar Code,,10081652035241,WH 2023_05_09,,2024-07-29,,
03525K,,CS,Bar Code,,081652035251,RETAIL 2023_04_24,,2024-07-29,,
03525K,,CS,Bar Code,,10081652035258,WH 2023_04_24,,2024-07-29,,
03526K,,CS,Bar Code,,081652035268,RETAIL 2023_04_24,,2024-07-29,,
03526K,,CS,Bar Code,,10081652035265,WH 2023_04_24,,2024-07-29,,
03530K,,CS,Bar Code,,081652035305,RETAIL 2023_04_04,,2024-07-29,,
03530K,,CS,Bar Code,,10081652035302,WH 2023_04_04,,2024-07-29,,
03532K,,CS,Bar Code,,081652035329,RETAIL,,2024-07-29,,
03532K,,CS,Bar Code,,10081652035326,,,2024-07-29,,
03535K,,CS,Bar Code,,081652035350,RETAIL,,2024-07-29,,
03535K,,CS,Bar Code,,10081652035357,,,2024-07-29,,
03536K,,CS,Bar Code,,081652035367,RETAIL,,2024-07-29,,
03536K,,CS,Bar Code,,10081652035364,,,2024-07-29,,
03537K,,CS,Bar Code,,081652035374,RETAIL,,2024-07-29,,
03537K,,CS,Bar Code,,10081652035371,,,2024-07-29,,
03538K,,CS,Bar Code,,081652035381,RETAIL,,2025-06-30,,
03538K,,CS,Bar Code,,10081652035388,,,2025-06-30,,
03540K,,CS,Vendor,11110,310836,,,,,
03540K,,CS,Bar Code,,18801073420554,,,2025-01-02,,
03540K,,CS,Bar Code,,8801073411388,RETAIL,,2025-01-02,,
03541K,,CS,Vendor,11110,310838,,,,,
03541K,,CS,Bar Code,,18801073420561,,,2025-01-02,,
03541K,,CS,Bar Code,,8801073411395,RETAIL,,2025-01-02,,
03542K,,CS,Vendor,11110,310837,,,,,
03542K,,CS,Bar Code,,18801073420578,,,2025-01-02,,
03542K,,CS,Bar Code,,8801073411432,RETAIL,,2025-01-02,,
03545K,,CS,Bar Code,,10192699001370,,,2025-06-04,,
03545K,,CS,Bar Code,,192699001373,RETAIL,,2025-06-04,,
03546K,,CS,Bar Code,,10192699001387,,,2025-06-04,,
03546K,,CS,Bar Code,,192699001380,RETAIL,,2025-06-04,,
03547K,,CS,Vendor,11110,305480,,,,,
03547K,,CS,Bar Code,,18801073420554,,,2024-07-29,2025-04-25,
03547K,,CS,Bar Code,,8801073411388,RETAIL,,2024-07-29,2025-04-25,
03548K,,CS,Vendor,11110,305481,,,,,
03548K,,CS,Bar Code,,18801073420561,,,2024-07-29,2025-05-23,
03548K,,CS,Bar Code,,8801073411395,RETAIL,,2024-07-29,2025-05-23,
03549K,,CS,Vendor,11110,305482,,,,,
03549K,,CS,Bar Code,,18801073420578,,,2024-07-29,2025-05-09,
03549K,,CS,Bar Code,,8801073411432,RETAIL,,2024-07-29,2025-05-09,
03550K,,CS,Vendor,11110,306163,,,,,
03550K,,CS,Bar Code,,8801073411746,RETAIL,,2024-07-29,2025-02-28,
03550K,,CS,Bar Code,,8801073420922,,,2024-07-29,2025-02-28,
03551K,,CS,Vendor,11110,308835,,,,,
03551K,,CS,Bar Code,,18801073421148,,,2024-12-08,,
03551K,,CS,Bar Code,,192699000734,RETAIL,,2024-12-08,,
03552K,,CS,Vendor,11110,310956,,,,,
03552K,,CS,Bar Code,,18801073421292,CASE,,2025-04-15,,
03552K,,CS,Bar Code,,192699001298,EACH,,2025-04-15,,
03576J,,BX,Bar Code,,074880030730,EACH,,2024-07-29,,
03576J,,BX,Bar Code,,10074880030737,CASE,,2024-07-29,,
03576J,,CS,Vendor,10636,32223,,,,,
03580J,,BX,Vendor,10636,32220,,,,,
03580J,,BX,Bar Code,,074880030723,EACH,,2024-07-29,,
03580J,,BX,Bar Code,,10074880030720,CASE,,2024-07-29,,
03581J,,BX,Bar Code,,074880030068,EACH,,2024-07-29,,
03581J,,BX,Bar Code,,10074880030065,CASE,,2024-07-29,,
03581J,,BX,Bar Code,,20074880030062,BOX,,2024-07-29,,
03581J,,CS,Vendor,10636,32219,,,,,
03582J,,BX,Bar Code,,074880030716,EACH,,2024-07-29,,
03582J,,BX,Bar Code,,10074880030713,CASE,,2024-07-29,,
03582J,,CS,Vendor,10636,32222,,,,,
03583J,,BX,Bar Code,,074880030051,EACH,,2024-07-29,,
03583J,,BX,Bar Code,,10074880030058,CASE,,2024-07-29,,
03583J,,BX,Bar Code,,20074880030055,BOX,,2024-07-29,,
03583J,,CS,Vendor,10636,32221,,,,,
03584J,,BX,Bar Code,,074880030709,EACH,,2024-07-29,,
03584J,,BX,Bar Code,,10074880030706,CASE,,2024-07-29,,
03584J,,CS,Vendor,10636,32218,,,,,
03585J,,BX,Bar Code,,074880030044,EACH,,2024-07-29,,
03585J,,BX,Bar Code,,10074880030041,CASE,,2024-07-29,,
03585J,,BX,Bar Code,,20074880030048,BOX,,2024-07-29,,
03585J,,CS,Vendor,10636,32217,,,,,
03587J,,BX,Bar Code,,077377048720,EACH,,2024-07-29,,
03589J,,BX,Bar Code,,077377048690,EACH,,2024-07-29,,
03590J,,BX,Bar Code,,077377113152,EACH,,2024-07-29,,
03590J,,BX,Bar Code,,10077377113159,CS,,,,
03592T,,CS,Bar Code,,10801635001076,,,2024-11-26,,
03592T,,CS,Bar Code,,801635001079,RETAIL,,2024-11-26,,
03593T,,CS,Bar Code,,10801635001090,,,2024-11-26,,
03593T,,CS,Bar Code,,801635001093,RETAIL,,2024-11-26,,
03594T,,CS,Bar Code,,10801635001083,,,2024-11-26,,
03594T,,CS,Bar Code,,801635001086,RETAIL,,2024-11-26,,
03595T,,CS,Bar Code,,801635001437,RETAIL,,2025-08-01,2025-08-31,
03595T,,CS,Bar Code,,N/A,,,2025-08-01,2025-08-31,
03596T,,CS,Bar Code,,N/A,RETAIL,,,,
03597T,,CS,Bar Code,,8850206255009,RETAIL,,2025-08-01,2025-08-31,
03630K,,CS,Bar Code,,18801045010042,CASE,,2024-07-29,,
03630K,,CS,Bar Code,,8801045010045,EACH,,2024-07-29,,
03631K,,CS,Bar Code,,645175290322,RETAIL 2023_05_09,,2024-07-29,,
03631K,,CS,Bar Code,,645175930570,WH 2023_05_09,,2024-07-29,,
03631K,,CS,Bar Code,,645175930970,CASE,,2024-07-29,,
03632K,,CS,Bar Code,,645175290308,RETAIL 2023_05_09,,2024-07-29,,
03632K,,CS,Bar Code,,645175930563,WH 2023_05_09,,2024-07-29,,
03633K,,CS,Bar Code,,645175290315,EACH,,2024-07-29,,
03633K,,CS,Bar Code,,645175930242,CASE,,2024-07-29,,
03634K,,CS,Bar Code,,645175010524,EACH,,2024-07-29,,
03634K,,CS,Bar Code,,645175930051,CASE,,2024-07-29,,
03635K,,BX,Bar Code,,645175010135,EACH,,2024-07-29,,
03635K,,BX,Bar Code,,645175930013,CASE,,2024-07-29,,
03635K,,CS,Bar Code,,645175930013,CASE,,2024-07-29,,
03636K,,BX,Bar Code,,645175010128,EACH,,2024-07-29,,
03636K,,BX,Bar Code,,645175930037,CASE,,2024-07-29,,
03636K,,CS,Bar Code,,645175930037,CASE,,2024-07-29,,
03637K,,BX,Bar Code,,645175010111,EACH,,2024-07-29,,
03637K,,BX,Bar Code,,645175930020,CASE,,2024-07-29,,
03637K,,CS,Bar Code,,645175930020,CASE,,2024-07-29,,
03640K,,CS,Bar Code,,18801045010004,CASE,,2024-07-29,,
03640K,,CS,Bar Code,,8801045010007,EACH,,2024-07-29,,
03680K,,CS,Bar Code,,18801005300008,CASE,,2024-07-29,2024-07-30,
03680K,,CS,Bar Code,,8801005300001,EACH,,2024-07-29,2024-07-30,
03681K,,CS,Bar Code,,18801005300022,CASE,,2024-07-29,,
03681K,,CS,Bar Code,,8801005300025,EACH,,2024-07-29,,
03682K,,CS,Bar Code,,18801005300312,CASE,,2024-07-29,2024-07-30,
03682K,,CS,Bar Code,,8801005300315,EACH,,2024-07-29,2024-07-30,
03691D,,CS,Bar Code,,075810230251,RETAIL,,2025-08-01,2025-08-14,
03691D,,CS,Bar Code,,10075810230203,,,2025-08-01,2025-08-14,
03692D,,CS,Bar Code,,075810120255,RETAIL,,2025-08-01,2025-08-15,
03692D,,CS,Bar Code,,10075810120207,,,2025-08-01,2025-08-15,
03693D,,CS,Bar Code,,075810180259,RETAIL,,2025-08-01,2025-08-15,
03693D,,CS,Bar Code,,10075810180201,,,2025-08-01,2025-08-15,
03694D,,CS,Bar Code,,075810160251,RETAIL,,2025-08-01,2025-08-15,
03694D,,CS,Bar Code,,10075810160203,,,2025-08-01,2025-08-15,
03695D,,CS,Bar Code,,075810872017,RETAIL,,2025-08-01,2025-08-15,
03695D,,CS,Bar Code,,N/A,,,2025-08-01,2025-08-15,
03701V,,CS,Bar Code,,736211362315,RETAIL 2023_04_14,,2024-07-29,,
03701V,,CS,Bar Code,,869125000131,WH 2023_04_14,,2024-07-29,,
03702V,,CS,Vendor,10866,RB64FS31,,,,,
03702V,,CS,Bar Code,,869125000179,RETAIL,,2025-03-24,,
03702V,,CS,Bar Code,,869125000186,,,2025-03-24,,
03705T,,CS,Bar Code,,021723339994,RETAIL,,2025-02-04,,
03705T,,CS,Bar Code,,18850545311241,,,2025-02-04,,
03706T,,CS,Bar Code,,021723758887,RETAIL,,2025-02-04,,
03706T,,CS,Bar Code,,18850545757124,,,2025-02-04,,
03707T,,CS,Bar Code,,021723158885,RETAIL,,2025-02-04,,
03707T,,CS,Bar Code,,18850545155524,,,2025-02-04,,
03708T,,CS,Bar Code,,18850038400070,,,2025-03-11,,
03708T,,CS,Bar Code,,8850038400073,RETAIL,,2025-03-11,,
03709T,,CS,Bar Code,,18850038400087,,,2025-03-11,,
03709T,,CS,Bar Code,,8850038400080,RETAIL,,2025-03-11,,
03801K,,CS,Bar Code,,18801047219481,WH 2023_03_17,,2024-07-29,2024-08-02,
03801K,,CS,Bar Code,,8801047219484,RETAIL 2023_03_17,,2024-07-29,2024-08-02,
03802K,,CS,Bar Code,,18801047219467,CASE,,2024-07-29,2024-11-08,
03802K,,CS,Bar Code,,8801047219460,EACH,,2024-07-29,2024-11-08,
03803K,,CS,Vendor,10153,21641,,,,,
03803K,,CS,Bar Code,,18801047216411,,,2024-07-29,,
03803K,,CS,Bar Code,,8801047216414,RETAIL,,2024-07-29,,
03998C,,CS,Vendor,10322,1800590015,,,,,
03998C,,CS,Bar Code,,078895157659,RETAIL,,2025-01-20,,
03998C,,CS,Bar Code,,30078895157650,,,2025-01-20,,
03999C,,CS,Vendor,10322,1300080598,,,,,
03999C,,CS,Bar Code,,078895770025,RETAIL,,2025-01-20,,
03999C,,CS,Bar Code,,30078895770026,,,2025-01-20,,
04048C,,CS,Bar Code,,078895157154,RETAIL,,2024-07-29,,
04048C,,CS,Bar Code,,60078895157163,CASE,,2024-07-29,,
04049C,,CS,Bar Code,,078895121520,RETAIL,,2024-07-29,,
04049C,,CS,Bar Code,,40078895121528,CASE,,2024-07-29,,
04050C,,CS,Bar Code,,078895153774,RETAIL,,2024-07-29,,
04050C,,CS,Bar Code,,40078895153772,CASE,,2024-07-29,,
04051C,,CS,Vendor,10322,1300670588,,,,,
04051C,,CS,Bar Code,,078895135237,RETAIL,,2024-07-01,,
04051C,,CS,Bar Code,,30078895135238,,,2024-07-01,,
04052J,,BX,Bar Code,,4902880070059,EACH,,2024-07-29,,
04053J,,BX,Bar Code,,24902880070558,CASE,,2024-07-29,,
04053J,,BX,Bar Code,,4902880070554,EACH,,2024-07-29,,
04054J,,CS,Bar Code,,10000049803072,WH 2023_05_09,,2024-07-29,,
04054J,,CS,Bar Code,,49803075,RETAIL 2023_05_09,,2024-07-29,,
04054J,,CS,Bar Code,,576831,CS,,2024-07-29,,
04070C,,CS,Vendor,10322,1800010048,,,,,
04070C,,CS,Bar Code,,078895100020,RETAIL,,2025-01-02,,
04070C,,CS,Bar Code,,30078895100021,,,2025-01-02,,
04117J,,BX,Bar Code,,4904561012112,EACH,,2024-07-29,2024-07-30,
04118J,,BX,Bar Code,,4904561012105,EACH,,2024-07-29,2024-07-30,
04119J,,BX,Bar Code,,4904561012129,EACH,,2024-07-29,2024-07-30,
04123J,,BX,Bar Code,,4902475212017,EACH,,2024-07-29,2024-07-30,
04124J,,BX,Bar Code,,14902475212014,CASE,,2024-07-29,2024-07-30,
04124J,,BX,Bar Code,,4902475211775,EACH,,2024-07-29,2024-07-30,
04124J,,BX,Bar Code,,4902475212017,BOX,,2024-07-29,2024-07-30,
04124J,,CS,Bar Code,,14902475212014,CASE,,2024-07-29,2024-07-30,
04124J,,CS,Bar Code,,4902475211775,EACH,,2024-07-29,2024-07-30,
04128K,,CS,Bar Code,,081652041283,RETAIL 2023_04_04,,2024-07-29,2024-07-30,
04128K,,CS,Bar Code,,10081652041280,WH 2023_04_04,,2024-07-29,2024-07-30,
04131K,,CS,Bar Code,,081652041313,EACH,,2024-07-29,,
04131K,,CS,Bar Code,,10081652041310,CASE,,2024-07-29,,
04136K,,CS,Bar Code,,081652041368,RETAIL 2023_04_24,,2024-07-29,,
04136K,,CS,Bar Code,,10081652041365,WH 2023_04_24,,2024-07-29,,
04137K,,CS,Bar Code,,081652041375,RETAIL 2023_04_24,,2024-07-29,,
04137K,,CS,Bar Code,,10081652041372,WH 2023_04_24,,2024-07-29,,
04138K,,CS,Bar Code,,081652041382,RETAIL 2023_04_24,,2024-07-29,,
04138K,,CS,Bar Code,,10081652041389,WH 2023_04_24,,2024-07-29,,
04141K,,CS,Bar Code,,081652041412,RETAIL 2023_04_04,,2024-07-29,,
04141K,,CS,Bar Code,,10081652041419,WH 2023_04_04,,2024-07-29,,
04149J,,CS,Bar Code,,081652041498,RETAIL,,2024-07-29,,
04149J,,CS,Bar Code,,10081652041495,,,2024-07-29,,
04151J,,CS,Vendor,10636,28293,,,,,
04151J,,CS,Bar Code,,071757366855,EACH,,2024-07-29,,
04151J,,CS,Bar Code,,20071757366859,CASE,,2024-07-29,,
04152J,,BX,Bar Code,,071757340077,EACH,,2024-07-29,,
04152J,,BX,Bar Code,,10071757340074,CASE,,2024-07-29,,
04152J,,CS,Vendor,10636,28294,,,,,
04152J,,CS,Bar Code,,10071757340074,CASE,,2024-07-29,,
04157J,,CS,Vendor,10636,35007,,,,,
04157J,,CS,Bar Code,,071757010062,RETAIL 2023_04_04,,2024-07-29,,
04157J,,CS,Bar Code,,10071757010069,WH 2023_04_04,,2024-07-29,,
04158J,,CS,Vendor,10636,28292,,,,,
04158J,,CS,Bar Code,,071757356832,EACH,,2024-07-29,,
04158J,,CS,Bar Code,,071757366831,EACH  NEW,,2024-07-29,,
04158J,,CS,Bar Code,,20071757356836,CASE,,2024-07-29,,
04158J,,CS,Bar Code,,20071757360062,WH 2023_05_09,,2024-07-29,,
04158J,,CS,Bar Code,,20071757366835,CASE NEW,,2024-07-29,,
04159J,,CS,Vendor,10636,28296,,,,,
04159J,,CS,Bar Code,,071757350069,EACH,,2024-07-29,,
04159J,,CS,Bar Code,,20071757350063,CASE,,2024-07-29,,
04173J,,BX,Bar Code,,4902381004034,EACH,,2024-07-29,2024-08-30,
04174J,,BX,Bar Code,,34902381007975,,,2024-10-09,,
04174J,,BX,Bar Code,,4902381007974,RETAIL,,2024-10-09,,
04190J,,BX,Bar Code,,4902833211102,EACH,,2024-07-29,2025-02-07,
04194J,,CS,Bar Code,,14902833211093,CASE,,2024-11-29,,
04194J,,CS,Bar Code,,4902833211093,RETAIL,,2024-11-29,,
04202J,,BX,Bar Code,,4971615104024,EACH,,2024-07-29,2025-02-28,
04207J,,BX,Bar Code,,4971615104024,RETAIL,,2024-12-01,,
04238K,,BX,Bar Code,,18801045051113,CASE,,2024-07-29,,
04238K,,BX,Bar Code,,8801045051109,EACH,,2024-07-29,,
04238K,,CS,Bar Code,,18801045051113,CASE,,2024-07-29,,
04238K,,CS,Bar Code,,8801045051109,EACH,,2024-07-29,,
04239K,,BX,Bar Code,,18801045052110,CASE,,2024-07-29,2024-08-02,
04239K,,BX,Bar Code,,8801045052106,EACH,,2024-07-29,2024-08-02,
04256K,,CS,Vendor,10153,16924,,,,,
04256K,,CS,Bar Code,,18801047169243,CASE,,2024-07-29,,
04256K,,CS,Bar Code,,8801047169246,EACH,,2024-07-29,,
04257K,,CS,Bar Code,,18801047169304,WH 2023_04_04,,2024-07-29,,
04257K,,CS,Bar Code,,8801047169307,RETAIL 2023_04_04,,2024-07-29,,
04258K,,CS,Bar Code,,18801047169274,WH 2023_05_09,,2024-07-29,,
04258K,,CS,Bar Code,,8801047169277,RETAIL 2023_05_09,,2024-07-29,,
04259K,,CS,Bar Code,,18801047169267,WH 2023_03_17,,2024-07-29,,
04259K,,CS,Bar Code,,8801047169260,RETAIL 2023_03_17,,2024-07-29,,
04260K,,CS,Bar Code,,8801047161585,RETAIL 2023_04_04,,2024-07-29,,
04260K,,CS,Bar Code,,883298618207,WH 2023_04_04,,2024-07-29,,
04261K,,CS,Bar Code,,8801047161578,RETAIL 2023_04_14,,2024-07-29,,
04261K,,CS,Bar Code,,883298616302,WH 2023_04_14,,2024-07-29,,
04261K,,CS,Bar Code,,8832986163026,CASE,,2024-07-29,,
04266K,,CS,Bar Code,,8801047161646,RETAIL 2023_04_14,,2024-07-29,,
04266K,,CS,Bar Code,,883298618191,WH 2023_04_14,,2024-07-29,,
04267K,,CS,Bar Code,,18801047161650,CASE,,2024-07-29,,
04267K,,CS,Bar Code,,18801047168567,WH 2023_04_14,,2024-07-29,,
04267K,,CS,Bar Code,,8801047161653,RETAIL 2023_04_14,,2024-07-29,,
04268K,,CS,Bar Code,,18801047161599,CASE,,2024-07-29,,
04268K,,CS,Bar Code,,18801047168536,WH 2023_04_14,,2024-07-29,,
04268K,,CS,Bar Code,,8801047161592,RETAIL 2023_04_14,,2024-07-29,,
04269K,,CS,Bar Code,,18801047161551,CASE,,2024-07-29,,
04269K,,CS,Bar Code,,8801047161554,EACH,,2024-07-29,,
04281J,,CS,Bar Code,,081652042815,EACH,,2024-07-29,,
04281J,,CS,Bar Code,,10081652042812,CASE,,2024-07-29,,
04282J,,CS,Bar Code,,081652042822,RETAIL 2023_04_14,,2024-07-29,,
04282J,,CS,Bar Code,,10081652042829,WH 2023_04_14,,2024-07-29,,
04283J,,CS,Bar Code,,081652042839,EACH,,2024-07-29,2024-12-27,
04283J,,CS,Bar Code,,10081652042836,WH 2023_05_09,,2024-07-29,2024-12-27,
04284J,,CS,Bar Code,,081652042846,RETAIL 2023_04_14,,2024-07-29,2024-12-27,
04284J,,CS,Bar Code,,10081652042843,WH 2023_04_14,,2024-07-29,2024-12-27,
04300K,,CS,Bar Code,,081652043003,EACH,,2024-07-29,,
04300K,,CS,Bar Code,,10081652043000,CASE,,2024-07-29,,
04301K,,CS,Bar Code,,081642043010,EACH,,2024-07-29,,
04301K,,CS,Bar Code,,081652043010,RETAIL 2023_05_09,,2024-07-29,,
04301K,,CS,Bar Code,,10081652043017,WH 2023_05_22,,2024-07-29,,
04302K,,CS,Bar Code,,081652043027,RETAIL 2023_04_24,,2024-07-29,,
04302K,,CS,Bar Code,,10081652043024,WH 2023_04_24,,2024-07-29,,
04304K,,CS,Bar Code,,081652043041,RETAIL 2023_05_09,,2024-07-29,,
04304K,,CS,Bar Code,,10081652043048,WH 2023_05_09,,2024-07-29,,
04305K,,CS,Bar Code,,081652043058,EACH,,2024-07-29,,
04306K,,CS,Bar Code,,081652043065,EACH,,2024-07-29,,
04307K,,CS,Bar Code,,081652043072,EACH,,2024-07-29,,
04310K,,CS,Bar Code,,58801052103452,CASE,,2024-07-29,2024-09-13,
04310K,,CS,Bar Code,,8801052103457,EACH,,2024-07-29,2024-09-13,
04359D,,CS,Bar Code,,098308223979,CASE,,2024-07-29,,
04359D,,CS,Bar Code,,10852403000067,WH 2023_05_09,,2024-07-29,,
04359D,,CS,Bar Code,,852403000060,RETAIL 2023_05_09,,2024-07-29,,
04360D,,CS,Bar Code,,098308224143,CASE,,2024-07-29,,
04360D,,CS,Bar Code,,852403000121,EACH,,2024-07-29,,
04361D,,CS,Bar Code,,098308227892,CASE,,2024-07-29,,
04361D,,CS,Bar Code,,852403000237,EACH,,2024-07-29,,
04362D,,CS,Bar Code,,098308223948,CASE,,2024-07-29,,
04362D,,CS,Bar Code,,852403000145,EACH,,2024-07-29,,
04363D,,CS,Bar Code,,098308227052,CASE,,2024-07-29,,
04363D,,CS,Bar Code,,10852403000166,WH 2023_04_04,,2024-07-29,,
04363D,,CS,Bar Code,,852403000169,RETAIL 2023_04_04,,2024-07-29,,
04364D,,CS,Vendor,10446,300004,,,,,
04364D,,CS,Bar Code,,098308223955,CASE,,2024-07-29,,
04364D,,CS,Bar Code,,10852403000043,WH 2023_04_04,,2024-07-29,,
04364D,,CS,Bar Code,,852403000046,RETAIL 2023_04_04,,2024-07-29,,
04365D,,CS,Vendor,10446,300005,,,,,
04365D,,CS,Bar Code,,10852403000050,WH 2023_04_14,,2024-07-29,,
04365D,,CS,Bar Code,,852403000015,CASE,,2024-07-29,,
04365D,,CS,Bar Code,,852403000053,RETAIL 2023_04_14,,2024-07-29,,
04366D,,CS,Vendor,10446,300013,,,,,
04366D,,CS,Bar Code,,098308223986,CASE,,2024-07-29,,
04366D,,CS,Bar Code,,10852403000135,WH 2023_04_14,,2024-07-29,,
04366D,,CS,Bar Code,,852403000138,RETAIL 2023_04_14,,2024-07-29,,
04368D,,CS,Vendor,10446,300003,,,,,
04368D,,CS,Bar Code,,098308223900,CASE,,2024-07-29,,
04368D,,CS,Bar Code,,10852403000036,WH 2023_04_04,,2024-07-29,,
04368D,,CS,Bar Code,,852403000039,RETAIL 2023_04_04,,2024-07-29,,
04369D,,CS,Bar Code,,10852403000029,WH 2023_05_09,,2024-07-29,,
04369D,,CS,Bar Code,,852403000022,RETAIL 2023_05_09,,2024-07-29,,
04374K,,CS,Bar Code,,081652043744,RETAIL 2023_05_09,,2024-07-29,,
04374K,,CS,Bar Code,,10081652043741,WH 2023_05_09,,2024-07-29,,
04375K,,CS,Bar Code,,081652043751,RETAIL 2023_05_09,,2024-07-29,,
04375K,,CS,Bar Code,,10081652043758,WH 2023_05_09,,2024-07-29,,
04376D,,CS,Bar Code,,10852403000517,WH 2023_04_14,,2024-07-29,2024-07-30,
04376D,,CS,Bar Code,,852403000510,RETAIL 2023_04_14,,2024-07-29,2024-07-30,
04377D,,CS,Bar Code,,10852403000524,CASE,,2024-07-29,2024-11-22,
04377D,,CS,Bar Code,,852403000527,RETAIL 2023_04_14,,2024-07-29,2024-11-22,
04378D,,CS,Bar Code,,10852403000531,CASE,,2024-07-29,2024-07-30,
04378D,,CS,Bar Code,,852403000534,EACH,,2024-07-29,2024-07-30,
04379D,,CS,Bar Code,,10852403000579,CASE,,2024-07-29,2024-07-30,
04379D,,CS,Bar Code,,852403000572,EACH,,2024-07-29,2024-07-30,
04380D,,CS,Bar Code,,10852403000562,CASE,,2024-07-29,2024-09-20,
04380D,,CS,Bar Code,,852403000565,EACH,,2024-07-29,2024-09-20,
04381D,,CS,Bar Code,,10852403000685,CASE,,2024-07-29,2024-07-30,
04381D,,CS,Bar Code,,852403000688,EACH,,2024-07-29,2024-07-30,
04382D,,CS,Bar Code,,10852403000593,CASE,,2024-07-29,2024-07-30,
04382D,,CS,Bar Code,,852403000596,EACH,,2024-07-29,2024-07-30,
04383D,,CS,Bar Code,,10852403000647,CASE,,2024-07-29,2024-07-30,
04383D,,CS,Bar Code,,852403000640,EACH,,2024-07-29,2024-07-30,
04390K,,CS,Bar Code,,645175620907,EACH,,2024-07-29,2024-07-30,
04390K,,CS,Bar Code,,645175930778,CASE,,2024-07-29,2024-07-30,
04426P,,BX,Bar Code,,025407803108,EACH,,2024-07-29,,
04427P,,BX,Bar Code,,025407806680,EACH,,2024-07-29,,
04428P,,BX,Bar Code,,025407803504,EACH,,2024-07-29,,
04429P,,BX,Bar Code,,4806512022082,EACH,,2024-07-29,,
04430P,,BX,Bar Code,,025407805201,EACH,,2024-07-29,,
04431P,,BX,Bar Code,,025407803412,EACH,,2024-07-29,,
04432P,,BX,Bar Code,,4806512022785,EACH,,2024-07-29,,
04433P,,BX,Bar Code,,025407803313,EACH,,2024-07-29,,
04452P,,BX,Bar Code,,025407806215,EACH,,2024-07-29,,
04551K,,CS,Bar Code,,081652045519,EACH,,2024-07-29,,
04551K,,CS,Bar Code,,10081652045516,CASE,,2024-07-29,,
04552K,,CS,Bar Code,,081652045526,RETAIL 2023_04_24,,2024-07-29,,
04552K,,CS,Bar Code,,10081652045523,WH 2023_04_24,,2024-07-29,,
04553K,,CS,Bar Code,,081652045533,RETAIL 2023_05_09,,2024-07-29,,
04553K,,CS,Bar Code,,10081652045530,WH 2023_05_09,,2024-07-29,,
04554K,,CS,Bar Code,,081652045540,EACH,,2024-07-29,,
04554K,,CS,Bar Code,,10081652045547,CASE,,2024-07-29,,
04555K,,CS,Bar Code,,081652045557,RETAIL 2023_04_24,,2024-07-29,,
04555K,,CS,Bar Code,,10081652045554,WH 2023_04_24,,2024-07-29,,
04556K,,CS,Bar Code,,081652045564,RETAIL 2023_04_24,,2024-07-29,,
04556K,,CS,Bar Code,,10081652045561,WH 2023_04_24,,2024-07-29,,
04557K,,CS,Bar Code,,081652045571,EACH,,2024-07-29,,
04557K,,CS,Bar Code,,10081652045578,CASE,,2024-07-29,,
05000J,,CS,Bar Code,,012822009062,EACH,,2024-07-29,,
05000J,,CS,Bar Code,,20012822009066,CASE,,2024-07-29,,
05010K,,CS,Bar Code,,081652050100,EACH,,2024-07-29,,
05010K,,CS,Bar Code,,10081625050103,CASE,,2024-07-29,,
05015K,,CS,Bar Code,,8809092900333,EACH,,2024-07-29,,
05019D,,CS,Bar Code,,081652050193,EACH,,2024-07-29,,
05019D,,CS,Bar Code,,10081652050190,CASE,,2024-07-29,,
05027D,,CS,Bar Code,,081652050278,EACH,,2024-07-29,,
05027D,,CS,Bar Code,,10081652050275,CASE,,2024-07-29,,
05028K,,CS,Bar Code,,081652050285,EACH,,2024-07-29,,
05028K,,CS,Bar Code,,10081652050282,CASE,,2024-07-29,,
05029D,,CS,Bar Code,,081652050292,EACH,,2024-07-29,,
05029D,,CS,Bar Code,,10081652050299,CASE,,2024-07-29,,
05030D,,CS,Bar Code,,081652050308,EACH,,2024-07-29,,
05030D,,CS,Bar Code,,10081652050305,CASE,,2024-07-29,,
05033D,,CS,Bar Code,,081652050339,EACH,,2024-07-29,,
05033D,,CS,Bar Code,,10081652050336,CASE,,2024-07-29,,
05034D,,CS,Bar Code,,081652050346,EACH,,2024-07-29,,
05034D,,CS,Bar Code,,10081652050343,CASE,,2024-07-29,,
05035D,,CS,Bar Code,,081652050353,EACH,,2024-07-29,,
05035D,,CS,Bar Code,,100816520050350,CASE,,2024-07-29,,
05036D,,CS,Bar Code,,081652050360,EACH,,2024-07-29,,
05036D,,CS,Bar Code,,10081652050367,CASE,,2024-07-29,,
05037D,,CS,Bar Code,,081652050377,EACH,,2024-07-29,,
05037D,,CS,Bar Code,,10081652050374,CASE,,2024-07-29,,
05038D,,CS,Bar Code,,081652050384,EACH,,2024-07-29,,
05038D,,CS,Bar Code,,10081652050381,CASE,,2024-07-29,,
05039D,,CS,Bar Code,,081652050391,EACH,,2024-07-29,,
05039D,,CS,Bar Code,,10081652050398,CASE,,2024-07-29,,
05043D,,CS,Bar Code,,081652050438,RETAIL 2023_05_10,,2024-07-29,,
05043D,,CS,Bar Code,,10081652050435,WH 2023_05_10,,2024-07-29,,
05043D,,CS,Bar Code,,30815700020002,WH 2023_05_09,,2024-07-29,,
05043D,,CS,Bar Code,,815700020018,RETAIL 2023_05_09,,2024-07-29,,
05046D,,BX,Bar Code,,081652050469,EACH,,2024-07-29,,
05046D,,BX,Bar Code,,10081652050466,CASE,,2024-07-29,,
05046D,,CS,Bar Code,,10081652050466,CASE,,2024-07-29,,
05048D,,CS,Bar Code,,081652050483,RETAIL 2023_05_09,,2024-07-29,,
05048D,,CS,Bar Code,,10081652050480,WH 2023_05_09,,2024-07-29,,
05050D,,CS,Bar Code,,081652050506,RETAIL 2023_05_09,,2024-07-29,,
05050D,,CS,Bar Code,,10081652050503,WH 2023_05_09,,2024-07-29,,
05055K,,CS,Bar Code,,10081652050558,,,2025-07-31,,
05055K,,CS,Bar Code,,8809513710145,Retail,,2025-07-31,,
05060K,,CS,Bar Code,,18801045448500,WH 2023_04_04,,2024-07-29,,
05060K,,CS,Bar Code,,8801045448503,RETAIL 2023_04_04,,2024-07-29,,
05065K,,CS,Bar Code,,081652050650,EACH,,2024-07-29,,
05065K,,CS,Bar Code,,10081652050657,CASE,,2024-07-29,,
05066K,,CS,Bar Code,,081652050667,RETAIL 2023_05_09,,2024-07-29,,
05066K,,CS,Bar Code,,10081652050664,WH 2023_05_09,,2024-07-29,,
05067K,,CS,Bar Code,,081652050674,RETAIL 2023_04_24,,2024-07-29,,
05067K,,CS,Bar Code,,10081652050671,WH 2023_04_24,,2024-07-29,,
05068K,,CS,Bar Code,,081652050681,RETAIL 2023_05_09,,2024-07-29,2025-02-28,
05068K,,CS,Bar Code,,10051652050688,CASE,,2024-07-29,2025-02-28,
05068K,,CS,Bar Code,,10081652050688,WH 2023_05_09,,2024-07-29,2025-02-28,
05069K,,CS,Bar Code,,18801039906313,WH 2023_04_14,,2024-07-29,,
05069K,,CS,Bar Code,,8801039906316,RETAIL 2023_04_14,,2024-07-29,,
05076K,,CS,Bar Code,,081652050766,EACH,,2024-07-29,,
05076K,,CS,Bar Code,,10081652050763,CASE,,2024-07-29,,
05077K,,CS,Bar Code,,081652050773,EACH,,2024-07-29,,
05077K,,CS,Bar Code,,10081652050770,CASE,,2024-07-29,,
05081J,,CS,Bar Code,,012822009048,RETAIL 2023_04_04,,2024-07-29,,
05081J,,CS,Bar Code,,10012822009045,WH 2023_04_04,,2024-07-29,,
05082J,,CS,Bar Code,,012822009055,EACH,,2024-07-29,,
05082J,,CS,Bar Code,,012822009253,RETAIL 2023_04_04,,2024-07-29,,
05082J,,CS,Bar Code,,10012822009052,CASE,,2024-07-29,,
05082J,,CS,Bar Code,,10012822009250,WH 2023_04_04,,2024-07-29,,
05084J,,CS,Bar Code,,012822009079,RETAIL 2023_04_24,,2024-07-29,,
05084J,,CS,Bar Code,,10012822009076,WH 2023_04_24,,2024-07-29,,
05085J,,CS,Bar Code,,012822009147,EACH,,2024-07-29,2024-07-30,
05085J,,CS,Bar Code,,10012822009144,CASE,,2024-07-29,2024-07-30,
05092D,,CS,Bar Code,,081652050926,RETAIL,,2024-07-29,,
05093D,,CS,Bar Code,,081652050933,RETAIL 2023_04_04,,2024-07-29,2024-07-30,
05094D,,CS,Bar Code,,846005000467,RETAIL 2023_04_04,,2024-07-29,2024-07-30,
05096D,,CS,Bar Code,,081652050964,RETAIL 2023_04_10,,2024-07-29,2024-07-30,
05096D,,CS,Bar Code,,10081652050961,CASE,,2024-07-29,2024-07-30,
05097D,,CS,Bar Code,,081652050971,EACH,,2024-07-29,2024-07-30,
05106D,,CS,Bar Code,,60110185,RETAIL 2023_03_17,,2024-07-29,2024-07-30,
05106D,,CS,Bar Code,,846005000580,WH 2023_03_17,,2024-07-29,2024-07-30,
05118K,,BX,Bar Code,,8801153522027,EACH,,2024-07-29,,
05121J,,CS,Bar Code,,081652051213,EACH,,2024-07-29,,
05121J,,CS,Bar Code,,10081652051210,WH 2023_05_09,,2024-07-29,,
05122J,,CS,Vendor,10636,34017,,,,,
05122J,,CS,Bar Code,,081652051220,RETAIL 2023_05_09,,2024-07-29,,
05122J,,CS,Bar Code,,10081652051227,WH 2023_05_09,,2024-07-29,,
05132J,,BX,Bar Code,,4972080001412,EACH,,2024-07-29,,
05145K,,CS,Bar Code,,081652051459,RETAIL 2023_05_09,,2024-07-29,2024-08-30,
05145K,,CS,Bar Code,,10081652051456,WH 2023_05_09,,2024-07-29,2024-08-30,
05148K,,CS,Bar Code,,081652051480,RETAIL,,2025-05-13,2025-05-13,
05148K,,CS,Bar Code,,10081652051487,,,2025-05-13,2025-05-13,
05149K,,CS,Bar Code,,081652051497,RETAIL,,2024-07-01,,
05149K,,CS,Bar Code,,10081652051494,,,2024-07-01,,
05150D,,CS,Vendor,10656,F102263,,,,,
05150D,,CS,Bar Code,,081652051503,RETAIL 2023_04_04,,2024-07-29,,
05151D,,CS,Bar Code,,081652051510,RETAIL,,2024-07-29,,
05152D,,CS,Bar Code,,081652051527,EACH,,2024-07-29,,
05153D,,CS,Bar Code,,081652051534,RETAIL,,2024-07-29,,
05154D,,CS,Bar Code,,854651008034,CASE,,2024-07-29,,
05174J,,BX,Vendor,10636,32105,,,,,
05174J,,BX,Bar Code,,074880022018,EACH,,2024-07-29,,
05175J,,BX,Bar Code,,081652051756,EACH,,2024-07-29,2024-07-30,
05190J,,BX,Bar Code,,14901174400760,CS,,2025-01-20,,
05190J,,BX,Bar Code,,4901174400763,RETAIL,,2025-01-20,,
05194K,,CS,Bar Code,,081652051947,RETAIL 2023_05_09,,2024-07-29,,
05194K,,CS,Bar Code,,10081652051944,WH 2023_05_09,,2024-07-29,,
05195K,,CS,Bar Code,,081652051954,RETAIL 2023_04_04,,2024-07-29,,
05195K,,CS,Bar Code,,10081652051951,WH 2023_04_04,,2024-07-29,,
05196K,,CS,Bar Code,,081652051961,EACH,,2024-07-29,,
05196K,,CS,Bar Code,,10081652051968,CASE,,2024-07-29,,
05197K,,CS,Bar Code,,081652051978,RETAIL 2023_04_04,,2024-07-29,,
05197K,,CS,Bar Code,,10081652051975,WH 2023_04_04,,2024-07-29,,
05198K,,CS,Bar Code,,081652051985,RETAIL 2023_04_04,,2024-07-29,,
05198K,,CS,Bar Code,,10081652051982,WH 2023_04_04,,2024-07-29,,
05201K,,CS,Customer,TN43,700739,,,,,
05201K,,CS,Bar Code,,081652052012,EACH,,2024-07-29,,
05201K,,CS,Bar Code,,10081652052019,CASE,,2024-07-29,,
05205K,,CS,Bar Code,,081652052050,RETAIL 2023_04_04,,2024-07-29,,
05205K,,CS,Bar Code,,10081652052057,WH 2023_04_04,,2024-07-29,,
05209K,,CS,Bar Code,,081652052098,RETAIL 2023_04_24,,2024-07-29,,
05209K,,CS,Bar Code,,10081652052095,WH 2023_04_24,,2024-07-29,,
05211K,,CS,Bar Code,,081652052111,RETAIL 2023_03_17,,2024-07-29,,
05211K,,CS,Bar Code,,10081652052118,WH 2023_03_17,,2024-07-29,,
05217K,,CS,Bar Code,,081652052173,RETAIL 2023_04_04,,2024-07-29,,
05217K,,CS,Bar Code,,10081652052170,WH 2023_04_04,,2024-07-29,,
05222K,,CS,Bar Code,,081652052227,RETAIL 2023_04_04,,2024-07-29,,
05222K,,CS,Bar Code,,10081652052224,WH 2023_04_04,,2024-07-29,,
05226J,,EA,Bar Code,,14901174400760,CASE,,2024-07-29,2025-02-04,
05226J,,EA,Bar Code,,4901174400763,EACH,,2024-07-29,2025-02-04,
05264D,,CS,Bar Code,,081652052647,EACH,,2024-07-29,2024-07-30,
05268J,,BX,Bar Code,,10000049567776,CS,,2024-07-29,2024-07-30,
05268J,,BX,Bar Code,,49567779,EACH,,2024-07-29,2024-07-30,
05268J,,CS,Bar Code,,10000049567776,CS,,2024-07-29,2024-07-30,
05292K,,CS,Bar Code,,10081652052927,WH 2023_04_04,,2024-07-29,2024-07-30,
05292K,,CS,Bar Code,,8809250177034,RETAIL 2023_04_04,,2024-07-29,2024-07-30,
05296K,,CS,Bar Code,,081652052968,RETAIL 2023_04_04,,2024-07-29,,
05296K,,CS,Bar Code,,10081652052965,WH 2023_04_04,,2024-07-29,,
05297K,,CS,Bar Code,,081652052975,RETAIL 2023_04_04,,2024-07-29,,
05297K,,CS,Bar Code,,10081652052972,WH 2023_04_04,,2024-07-29,,
05300P,,CS,Bar Code,,14806515630007,CS,,2024-07-29,2024-07-30,
05300P,,CS,Bar Code,,4806515630000,EACH,,2024-07-29,2024-07-30,
05305K,,CS,Bar Code,,081652053057,EACH,,2025-04-15,,
05305K,,CS,Bar Code,,10081652053054,CASE,,2025-04-15,,
05306K,,CS,Bar Code,,081652053064,RETAIL 2023_04_04,,2024-07-29,,
05306K,,CS,Bar Code,,10081652053061,WH 2023_04_04,,2024-07-29,,
05307K,,CS,Bar Code,,081652053071,RETAIL 2023_04_04,,2024-07-29,,
05307K,,CS,Bar Code,,10081652053078,WH 2023_04_04,,2024-07-29,,
05307K,,CS,Bar Code,,181652053078,EACH,,2024-07-29,,
05308K,,CS,Bar Code,,081652053088,EACH,,2025-04-15,,
05308K,,CS,Bar Code,,10081652053085,CASE,,2025-04-15,,
05309K,,CS,Bar Code,,081652053095,RETAIL 2023_04_04,,2024-07-29,,
05309K,,CS,Bar Code,,10081652053092,WH 2023_04_04,,2024-07-29,,
05311P,,CS,Bar Code,,079809003628,RETAIL 2023_04_04,,2024-07-29,,
05311P,,CS,Bar Code,,079809818536,EACH,,2024-07-29,,
05311P,,CS,Bar Code,,10798090036289,CASE,,2024-07-29,,
05315K,,CS,Bar Code,,081652053156,RETAIL 2023_03_17,,2024-07-29,,
05315K,,CS,Bar Code,,10081652053153,WH 2023_03_17,,2024-07-29,,
05322P,,CS,Bar Code,,079809004625,RETAIL 2023_04_04,,2024-07-29,,
05322P,,CS,Bar Code,,10798090046257,CASE,,2024-07-29,,
05329P,,CS,Bar Code,,737964000257,RETAIL 2023_04_04,,2024-07-29,,
05330P,,CS,Bar Code,,737964000387,EACH,,2024-07-29,,
05330P,,CS,Bar Code,,737964000813,RETAIL 2023_04_04,,2024-07-29,,
05334P,,CS,Bar Code,,14809014302291,CASE,,2024-07-29,2024-07-30,
05334P,,CS,Bar Code,,4809014302294,EACH,,2024-07-29,2024-07-30,
05335C,,CS,Bar Code,,081652053354,RETAIL 2023_03_17,,2024-07-29,,
05335C,,CS,Bar Code,,10081652053351,WH 2023_03_17,,2024-07-29,,
05336P,,CS,Bar Code,,14809014302284,CASE,,2024-07-29,2024-07-30,
05336P,,CS,Bar Code,,4809014302287,EACH,,2024-07-29,2024-07-30,
05338D,,CS,Bar Code,,081652053385,RETAIL 2023_04_24,,2024-07-29,,
05338D,,CS,Bar Code,,10081652053382,CASE,,2024-07-29,,
05338D,,CS,Bar Code,,4003387005022,WH 2023_04_24,,2024-07-29,,
05343K,,CS,Bar Code,,10852320000331,CASE,,2024-07-29,2024-07-30,
05343K,,CS,Bar Code,,852320000334,EACH,,2024-07-29,2024-07-30,
05343K,,CS,Bar Code,,8801052431499,EACH,,2024-07-29,2024-07-30,
05380K,,CS,Bar Code,,081652053804,RETAIL 2023_04_04,,2024-07-29,,
05380K,,CS,Bar Code,,10081652053801,WH 2023_04_04,,2024-07-29,,
05381K,,CS,Bar Code,,081652053811,RETAIL 2023_04_04,,2024-07-29,,
05381K,,CS,Bar Code,,10081652053818,WH 2023_04_04,,2024-07-29,,
05382K,,CS,Bar Code,,081652053828,RETAIL 2023_04_04,,2024-07-29,,
05382K,,CS,Bar Code,,10081652053825,WH 2023_04_04,,2024-07-29,,
05383K,,CS,Bar Code,,081652053835,RETAIL 2023_04_04,,2024-07-29,,
05383K,,CS,Bar Code,,10081652053832,WH 2023_04_04,,2024-07-29,,
05384K,,CS,Bar Code,,081652053842,RETAIL 2023_04_04,,2024-07-29,,
05384K,,CS,Bar Code,,10081652053849,WH 2023_04_04,,2024-07-29,,
05387K,,BX,Bar Code,,10081652053870,CASE,,2025-04-15,,
05387K,,BX,Bar Code,,8809482210011,EACH,,2025-04-15,,
05388D,,CS,Bar Code,,081652053880,EACH,,2024-07-29,,
05388D,,CS,Bar Code,,10081652053887,CASE,,2024-07-29,,
05389D,,CS,Bar Code,,081652053897,RETAIL 2023_05_09,,2024-07-29,,
05389D,,CS,Bar Code,,10081652053894,WH 2023_05_09,,2024-07-29,,
05390D,,CS,Bar Code,,081652053903,EACH,,2024-07-29,,
05390D,,CS,Bar Code,,10081652053900,CASE,,2024-07-29,,
05396D,,CS,Bar Code,,081652053965,RETAIL 2023_04_24,,2024-07-29,,
05396D,,CS,Bar Code,,10081652053962,WH 2023_04_24,,2024-07-29,,
05399K,,CS,Bar Code,,081652053996,RETAIL 2023_04_04,,2024-07-29,,
05399K,,CS,Bar Code,,10081652053993,WH 2023_04_04,,2024-07-29,,
05401K,,CS,Bar Code,,18809201640010,WH 2023_04_24,,2024-07-29,2025-02-04,
05401K,,CS,Bar Code,,8809201640013,RETAIL 2023_04_24,,2024-07-29,2025-02-04,
05403C,,CS,Bar Code,,081652054030,RETAIL 2023_04_04,,2024-07-29,,
05403C,,CS,Bar Code,,10081652054037,WH 2023_04_04,,2024-07-29,,
05405C,,CS,Bar Code,,081652054054,RETAIL,,2024-07-29,,
05405C,,CS,Bar Code,,10081652054051,CASE,,2024-07-29,,
05410K,,CS,Bar Code,,081652054108,RETAIL,,2024-07-29,,
05411K,,CS,Bar Code,,081652054115,RETAIL,,2024-07-29,,
05412D,,CS,Bar Code,,081652054122,RETAIL 2023_05_09,,2024-07-29,,
05412D,,CS,Bar Code,,10081652054129,WH 2023_05_09,,2024-07-29,,
05413D,,CS,Bar Code,,081652054139,EACH,,2024-07-29,,
05413D,,CS,Bar Code,,10081652054136,CASE,,2024-07-29,,
05427K,,CS,Bar Code,,081652054276,EACH,,2024-07-29,,
05429K,,CS,Bar Code,,081652054290,EACH,,2024-07-29,,
05430K,,CS,Bar Code,,081652054306,RETAIL 2023_04_04,,2024-07-29,,
05430K,,CS,Bar Code,,10081652054303,WH 2023_05_22,,2024-07-29,,
05435K,,CS,Bar Code,,18801791400937,CASE,,2024-07-29,2024-07-30,
05435K,,CS,Bar Code,,18801791400999,BOX,,2024-07-29,2024-07-30,
05435K,,CS,Bar Code,,8801791400930,EACH,,2024-07-29,2024-07-30,
05436K,,CS,Bar Code,,18801791400944,CASE,,2024-07-29,2024-07-30,
05436K,,CS,Bar Code,,18801791401002,BOX,,2024-07-29,2024-07-30,
05436K,,CS,Bar Code,,8801791400947,EACH,,2024-07-29,2024-07-30,
05437K,,CS,Bar Code,,18801791400951,CASE,,2024-07-29,2024-07-30,
05437K,,CS,Bar Code,,18801791401019,BOX,,2024-07-29,2024-07-30,
05437K,,CS,Bar Code,,8801791400954,EACH,,2024-07-29,2024-07-30,
05438K,,CS,Bar Code,,18801791400968,CASE,,2024-07-29,2024-07-30,
05438K,,CS,Bar Code,,18801791401026,BOX,,2024-07-29,2024-07-30,
05438K,,CS,Bar Code,,8801791400961,EACH,,2024-07-29,2024-07-30,
05439K,,CS,Bar Code,,18801791400982,CASE,,2024-07-29,2024-07-30,
05439K,,CS,Bar Code,,18801791401040,BOX,,2024-07-29,2024-07-30,
05439K,,CS,Bar Code,,8801791400985,EACH,,2024-07-29,2024-07-30,
05440K,,CS,Bar Code,,18801791400975,CASE,,2024-07-29,2024-07-30,
05440K,,CS,Bar Code,,18801791401033,BOX,,2024-07-29,2024-07-30,
05440K,,CS,Bar Code,,8801791400978,EACH,,2024-07-29,2024-07-30,
05441K,,CS,Bar Code,,081652054412,EACH,,2024-07-29,2025-07-11,
05441K,,CS,Bar Code,,10081652054419,WH 2023_05_09,,2024-07-29,2025-07-11,
05442K,,CS,Bar Code,,081652054429,RETAIL 2023_05_09,,2024-07-29,,
05442K,,CS,Bar Code,,10081652054426,WH 2023_05_09,,2024-07-29,,
05443K,,CS,Bar Code,,081652054436,RETAIL 2023_04_14,,2024-07-29,,
05443K,,CS,Bar Code,,10081652054433,WH 2023_04_14,,2024-07-29,,
05445J,,BX,Bar Code,,14904561012416,CASE,,2024-07-29,,
05445J,,BX,Bar Code,,4904561012419,BOX,,2024-07-29,,
05445J,,CS,Bar Code,,14904561012416,CASE,,2024-07-29,,
05446J,,BX,Bar Code,,14904561012409,CASE,,2024-07-29,,
05446J,,BX,Bar Code,,4904561012402,BOX,,2024-07-29,,
05446J,,CS,Bar Code,,14904561012409,CASE,,2024-07-29,,
05447J,,BX,Bar Code,,14904561012423,CASE,,2024-07-29,,
05447J,,BX,Bar Code,,4904561012426,BOX,,2024-07-29,,
05447J,,CS,Bar Code,,14904561012423,CASE,,2024-07-29,,
05449K,,CS,Bar Code,,081652054412,RETAIL,,2025-03-30,2025-03-30,
05449K,,CS,Bar Code,,10081652054495,,,2025-03-30,2025-03-30,
05450K,,CS,Bar Code,,081652054429,RETAIL,,2025-04-27,2025-04-27,
05450K,,CS,Bar Code,,10081652054501,,,2025-04-27,2025-04-27,
05451K,,CS,Bar Code,,081652054436,RETAIL,,2025-04-28,2025-04-28,
05451K,,CS,Bar Code,,10081652054518,,,2025-04-28,2025-04-28,
05555K,,CS,Bar Code,,18801047206023,,,2025-04-25,2025-04-26,
05555K,,CS,Bar Code,,8801047206026,RETAIL,,2025-04-25,2025-04-26,
05556K,,CS,Bar Code,,18801047206016,,,2025-04-25,2025-04-26,
05556K,,CS,Bar Code,,8801047206019,RETAIL,,2025-04-25,2025-04-26,
05557K,,CS,Bar Code,,18801047206047,,,2025-04-25,2025-04-26,
05557K,,CS,Bar Code,,8801047206040,RETAIL,,2025-04-25,2025-04-26,
05558K,,CS,Bar Code,,18801047206030,,,2025-04-25,2025-04-26,
05558K,,CS,Bar Code,,8801047206033,RETAIL,,2025-04-25,2025-04-26,
05559K,,CS,Bar Code,,18801047206054,,,,,
05559K,,CS,Bar Code,,8801047206057,RETAIL,,,,
05560K,,CS,Bar Code,,18801047206061,,,,,
05560K,,CS,Bar Code,,8801047206064,RETAIL,,,,
05561K,,CS,Bar Code,,18801047206085,,,,,
05561K,,CS,Bar Code,,8801047206088,RETAIL,,,,
05562K,,CS,Bar Code,,18801047206078,,,,,
05562K,,CS,Bar Code,,8801047206071,RETAIL,,,,
06002K,,CS,Bar Code,,8804005000162,Retail,,2024-07-29,,
06006K,,CS,Bar Code,,081652060062,EACH,,2024-07-29,,
06006K,,CS,Bar Code,,10081652060069,CASE,,2024-07-29,,
06007K,,CS,Bar Code,,081652060079,EACH,,2024-07-29,,
06007K,,CS,Bar Code,,10081652060076,CASE,,2024-07-29,,
06008K,,CS,Bar Code,,8804005000056,EACH,,2024-07-29,,
06008K,,CS,Bar Code,,8804005000223,CASE,,2024-07-29,,
06009K,,CS,Bar Code,,8804005000155,EACH,,2024-07-29,,
06010K,,CS,Bar Code,,188040005000060,,,2024-11-01,,
06010K,,CS,Bar Code,,8804005000063,Retail,,2024-07-29,,
06011K,,CS,Bar Code,,18804005000107,WH 2023_05_09,,2024-07-29,,
06011K,,CS,Bar Code,,8804005000100,RETAIL 2023_05_09,,2024-07-29,,
06013K,,CS,Bar Code,,18804005000213,WH 2023_05_09,,2024-07-29,,
06013K,,CS,Bar Code,,8804005000216,RETAIL 2023_05_09,,2024-07-29,,
06014K,,CS,Bar Code,,8804005000049,EACH,,2024-07-29,,
06014K,,CS,Bar Code,,8804005000070,EACH,,2024-07-29,,
06018C,,CS,Bar Code,,081652060185,EACH,,2025-04-15,,
06018C,,CS,Bar Code,,10081652060182,CASE,,2025-04-15,,
06020K,,CS,Bar Code,,081652060208,EACH,,2025-04-15,,
06020K,,CS,Bar Code,,10081652060205,CASE,,2025-04-15,,
06021K,,BX,Bar Code,,081652060215,EACH,,2024-07-29,,
06021K,,BX,Bar Code,,10081652060212,CASE,,2024-07-29,,
06021K,,CS,Bar Code,,081652060215,EACH,,2024-07-29,,
06021K,,CS,Bar Code,,10081652060212,CASE,,2024-07-29,,
06022C,,CS,Bar Code,,081652060222,RETAIL 2023_04_14,,2024-07-29,,
06022C,,CS,Bar Code,,10081652060229,WH 2023_04_14,,2024-07-29,,
06023K,,CS,Bar Code,,081652060239,EACH,,2024-07-29,,
06023K,,CS,Bar Code,,10081652060236,CASE,,2024-07-29,,
06024K,,BX,Bar Code,,081652060246,EACH,,2024-07-29,2024-10-22,
06026D,,CS,Bar Code,,081652060260,EACH,,2024-07-29,2024-10-22,
06026D,,CS,Bar Code,,10081652060267,CS,,2024-07-29,2024-10-22,
06034K,,CS,Bar Code,,081652060345,RETAIL 2023_04_10,,2024-07-29,,
06034K,,CS,Bar Code,,10081652060342,WH 2023_04_10,,2024-07-29,,
06036K,,CS,Bar Code,,081652060369,RETAIL 2023_04_14,,2024-07-29,,
06036K,,CS,Bar Code,,10051652060366,CASE,,2024-07-29,,
06036K,,CS,Bar Code,,10081652060366,WH 2023_04_14,,2024-07-29,,
06037K,,CS,Bar Code,,081652060376,RETAIL 2023_04_14,,2024-07-29,,
06037K,,CS,Bar Code,,10081652060373,WH 2023_04_14,,2024-07-29,,
06038K,,CS,Bar Code,,081652060383,EACH,,2024-07-29,,
06038K,,CS,Bar Code,,10081652060380,WH 2023_04_14,,2024-07-29,,
06048K,,CS,Bar Code,,081652060482,RETAIL 2023_04_14,,2024-07-29,,
06048K,,CS,Bar Code,,10081652060489,WH 2023_04_14,,2024-07-29,,
06050K,,CS,Bar Code,,081652060505,EACH,,2024-07-29,,
06050K,,CS,Bar Code,,10081652060502,CASE,,2024-07-29,,
06054K,,CS,Bar Code,,081652060543,RETAIL 2023_04_24,,2024-07-29,,
06054K,,CS,Bar Code,,10081652060540,WH 2023_04_24,,2024-07-29,,
06056C,,EA,Bar Code,,081652060567,EACH,,2024-07-29,,
06056C,,EA,Bar Code,,10081652060564,CASE,,2024-07-29,,
06061K,,CS,Bar Code,,081652060611,RETAIL 2023_04_14,,2024-07-29,,
06061K,,CS,Bar Code,,10081652060618,WH 2023_04_14,,2024-07-29,,
06062C,,CS,Bar Code,,081652060628,RETAIL 2023_04_14,,2024-07-29,,
06062C,,CS,Bar Code,,10081652060625,WH 2023_04_14,,2024-07-29,,
06063K,,EA,Bar Code,,081652060635,EACH,,2024-07-29,,
06063K,,EA,Bar Code,,10081652060632,CASE,,2024-07-29,,
06078K,,BX,Bar Code,,081652060789,EACH,,2023-06-30,2023-07-30,
06079K,,CS,Bar Code,,081652060796,RETAIL 2023_05_09,,2023-06-30,2023-07-30,
06079K,,CS,Bar Code,,10081652060793,WH 2023_05_09,,2023-06-30,2023-07-30,
06080K,,CS,Bar Code,,10081652060809,WH 2023_05_09,,2024-07-29,,
06080K,,CS,Bar Code,,8809144500016,RETAIL 2023_05_09,,2024-07-29,,
06081K,,CS,Bar Code,,10081652060816,WH 2023_05_09,,2024-07-29,,
06081K,,CS,Bar Code,,8809144500054,RETAIL 2023_05_09,,2024-07-29,,
06083K,,CS,Bar Code,,8809061314352,EACH,,2025-04-15,,
06086D,,CS,Bar Code,,081652060864,RETAIL 2023_05_10,,2023-06-30,2023-07-30,
06086D,,CS,Bar Code,,10081652060861,WH 2023_05_10,,2023-06-30,2023-07-30,
06091K,,CS,Bar Code,,081652060918,EACH,,2024-07-29,,
06091K,,CS,Bar Code,,10081652060915,CASE,,2024-07-29,,
06096D,,CS,Bar Code,,081652060963,EACH,,2024-07-29,,
06096D,,CS,Bar Code,,10081652060960,CASE,,2024-07-29,,
06097D,,CS,Bar Code,,081652060970,EACH,,2024-07-01,2024-10-07,
06097D,,CS,Bar Code,,10081652060977,CASE,,2024-07-01,2024-10-07,
06099D,,CS,Bar Code,,081652060994,EACH,,2024-07-29,,
06099D,,CS,Bar Code,,10081652060991,CASE,,2024-07-29,,
06100K,,CS,Bar Code,,081652061007,RETAIL 2023_04_10,,2024-07-29,,
06100K,,CS,Bar Code,,10081652061004,WH 2023_04_10,,2024-07-29,,
06100K,,CS,Bar Code,,10081652061007,CASE,,2024-07-29,,
06113K,,CS,Bar Code,,081652061137,EACH,,2024-07-29,,
06113K,,CS,Bar Code,,10081652061134,CASE,,2024-07-29,,
06114K,,CS,Bar Code,,081652061144,EACH,,2024-07-29,,
06114K,,CS,Bar Code,,10081652061141,CASE,,2024-07-29,,
06115K,,CS,Bar Code,,081652061151,EACH,,2024-07-29,,
06115K,,CS,Bar Code,,10081652061151,CASE,,2024-07-29,,
06117K,,CS,Bar Code,,081652061175,EACH,,2024-07-29,,
06117K,,CS,Bar Code,,10081652061172,CASE,,2024-07-29,,
06121K,,CS,Bar Code,,883298182906,RETAIL 2023_04_10,,2024-07-29,,
06121K,,CS,Bar Code,,8832986157322,WH 2023_04_10,,2024-07-29,,
06124K,,CS,Bar Code,,18801047583551,CASE,,2024-07-29,,
06124K,,CS,Bar Code,,8801047583554,RETAIL 2023_04_04,,2024-07-29,,
06133K,,CS,Bar Code,,18801047583971,CASE,,2024-07-29,,
06133K,,CS,Bar Code,,8801047583974,EACH,,2024-07-29,,
06134K,,CS,Bar Code,,18801047583988,CASE,,2024-07-29,2024-07-30,
06134K,,CS,Bar Code,,8801047583981,EACH,,2024-07-29,2024-07-30,
06190K,,CS,Bar Code,,18801005302835,CASE,,2024-07-29,,
06190K,,CS,Bar Code,,8801005302838,EACH,,2024-07-29,,
06194C,,CS,Bar Code,,081652061946,RETAIL 2023_04_14,,2024-07-29,,
06194C,,CS,Bar Code,,10081652061943,WH 2023_04_14,,2024-07-29,,
06199C,,CS,Bar Code,,081652061991,EACH,,2024-07-29,,
06199C,,CS,Bar Code,,10081652061998,CASE,,2024-07-29,,
06200K,,CS,Bar Code,,18801081700006,WH 2023_04_04,,2024-07-29,,
06200K,,CS,Bar Code,,8801081700009,RETAIL 2023_04_04,,2024-07-29,,
06201C,,CS,Bar Code,,081652062011,RETAIL 2023_04_14,,2024-07-29,,
06201C,,CS,Bar Code,,10081652062018,WH 2023_04_14,,2024-07-29,,
06202C,,CS,Bar Code,,10081652062025,,,2025-05-18,2025-05-18,
06202C,,CS,Bar Code,,4545732062026,RETAIL,,2025-05-18,2025-05-18,
06472K,,CS,Bar Code,,18801081700068,WH 2023_04_04,,2024-07-29,,
06472K,,CS,Bar Code,,8801081700061,RETAIL 2023_04_04,,2024-07-29,,
06473C,,CS,Bar Code,,081652064732,RETAIL 2023_04_10,,2024-07-29,,
06473C,,CS,Bar Code,,10081652064739,WH 2023_04_10,,2024-07-29,,
06474J,,CS,Bar Code,,1490288855555,CASE,,2024-07-29,,
06474J,,CS,Bar Code,,14902888555555,WH 2023_04_10,,2024-07-29,,
06474J,,CS,Bar Code,,4902888555558,RETAIL 2023_04_10,,2024-07-29,,
06478C,,CS,Bar Code,,081652064787,RETAIL 2023_04_04,,2024-07-29,,
06478C,,CS,Bar Code,,10081652064784,WH 2023_04_04,,2024-07-29,,
06489J,,CS,Bar Code,,085696608051,RETAIL 2023_04_24,,2024-07-29,2024-09-15,
06489J,,CS,Bar Code,,10085696618057,WH 2023_04_24,,2024-07-29,2024-09-15,
06495J,,CS,Bar Code,,085696608037,RETAIL 2023_05_09,,2024-07-29,2024-09-15,
06495J,,CS,Bar Code,,10085696618033,WH 2023_05_09,,2024-07-29,2024-09-15,
06496J,,CS,Bar Code,,085696608044,RETAIL 2023_04_24,,2024-07-29,2024-09-15,
06496J,,CS,Bar Code,,10085696618040,WH 2023_04_24,,2024-07-29,2024-09-15,
06510J,,CS,Bar Code,,085696608051,RETAIL,,2024-09-16,,
06510J,,CS,Bar Code,,10085696618057,,,2024-09-16,,
06511J,,CS,Bar Code,,085696608037,RETAIL,,2024-09-16,,
06511J,,CS,Bar Code,,10085696618033,,,2024-09-16,,
06512J,,CS,Bar Code,,085696608044,RETAIL,,2024-09-16,,
06512J,,CS,Bar Code,,10085696618040,,,2024-09-16,,
06594T,,CS,Bar Code,,48850367991752,CASE,,2024-07-29,,
06594T,,CS,Bar Code,,8850367991754,EACH,,2024-07-29,,
06600D,,CS,Bar Code,,815990013417,RETAIL 2023_04_04,,2024-07-29,,
06622T,,CS,Bar Code,,016229910884,RETAIL 2023_04_04,,2024-07-29,,
06622T,,CS,Bar Code,,08851613105574,WH 2023_04_04,,2024-07-29,,
06623T,,CS,Bar Code,,28850035214042,WH 2023_04_04,,2024-07-29,,
06623T,,CS,Bar Code,,8850035214048,RETAIL 2023_04_04,,2024-07-29,,
06623T,,CS,Bar Code,,890770001013,EACH,,2024-07-29,,
06624T,,CS,Bar Code,,28850035223006,WH 2023_04_04,,2024-07-29,,
06624T,,CS,Bar Code,,8850035223002,RETAIL 2023_04_04,,2024-07-29,,
06625T,,CS,Bar Code,,28850035186301,WH 2023_04_04,,2024-07-29,,
06625T,,CS,Bar Code,,8850035186307,RETAIL 2023_04_04,,2024-07-29,,
06626T,,CS,Bar Code,,28850035253058,WH 2023_04_04,,2024-07-29,,
06626T,,CS,Bar Code,,8850035253054,RETAIL 2023_04_04,,2024-07-29,,
06627T,,CS,Bar Code,,28850035203091,WH 2023_04_04,,2024-07-29,,
06627T,,CS,Bar Code,,8850035203097,RETAIL 2023_04_04,,2024-07-29,,
06628T,,CS,Bar Code,,8850035122015,EA,,2024-07-29,2024-07-30,
06633T,,CS,Bar Code,,044738206518,RETAIL 2023_05_10,,2024-07-29,,
06633T,,CS,Bar Code,,10044738206515,WH 2023_05_10,,2024-07-29,,
06634C,,CS,Bar Code,,081652066347,RETAIL 2023_04_10,,2024-07-29,,
06634C,,CS,Bar Code,,10081652066344,WH 2023_04_10,,2024-07-29,,
06635C,,CS,Bar Code,,081652066354,RETAIL 2023_04_10,,2024-07-29,,
06635C,,CS,Bar Code,,10081652066351,WH 2023_04_10,,2024-07-29,,
06637C,,CS,Bar Code,,081652066378,Retail,,2024-08-01,,
06637C,,CS,Bar Code,,10081652066375,,,2024-08-01,,
06640T,,CS,Bar Code,,081652066408,RETAIL 2023_04_10,,2024-07-29,,
06640T,,CS,Bar Code,,10081652066405,WH 2023_04_10,,2024-07-29,,
06641T,,CS,Bar Code,,081652066415,RETAIL 2023_03_17,,2024-07-29,,
06641T,,CS,Bar Code,,10081652066412,WH 2023_03_17,,2024-07-29,,
06648T,,CS,Bar Code,,044738210591,RETAIL 2023_04_10,,2024-07-29,,
06648T,,CS,Bar Code,,40044738210599,WH 2023_04_10,,2024-07-29,,
06649T,,CS,Bar Code,,044738209564,EACH,,2024-07-29,2024-07-30,
06649T,,CS,Bar Code,,40044738209562,CASE,,2024-07-29,2024-07-30,
06652T,,CS,Bar Code,,081652066521,RETAIL 2023_04_04,,2024-07-29,,
06652T,,CS,Bar Code,,10081652066528,WH 2023_04_04,,2024-07-29,,
06654T,,CS,Bar Code,,044738073127,RETAIL 2023_04_04,,2024-07-29,,
06654T,,CS,Bar Code,,48850367200199,WH 2023_04_04,,2024-07-29,,
06655T,,CS,Bar Code,,8850367100088,RETAIL,,2025-07-17,2025-07-17,
06658T,,CS,Bar Code,,044738206150,RETAIL 2023_03_17,,2024-07-29,,
06658T,,CS,Bar Code,,40044738206158,WH 2023_03_17,,2024-07-29,,
06660T,,CS,Bar Code,,044738210966,EACH,,2024-07-29,,
06662T,,CS,Bar Code,,044738075190,RETAIL 2023_04_04,,2024-07-29,,
06663T,,CS,Bar Code,,044738201568,RETAIL 2023_04_04,,2024-07-29,,
06663T,,CS,Bar Code,,40044738201566,CS,,2024-07-29,,
06664T,,CS,Bar Code,,044738045261,EACH,,2024-07-29,,
06666T,,CS,Bar Code,,044738045360,RETAIL 2023_04_04,,2024-07-29,,
06666T,,CS,Bar Code,,40044738045368,EACH,,2024-07-29,,
06667T,,CS,Bar Code,,044738075183,EACH,,2024-07-29,2025-05-09,
06668T,,CS,Bar Code,,044738071291,RETAIL 2023_04_04,,2024-07-29,2025-05-09,
06669T,,CS,Bar Code,,044738210690,RETAIL 2023_04_04,,2024-07-29,,
06669T,,CS,Bar Code,,40044738210698,EACH,,2024-07-29,,
06670T,,CS,Bar Code,,044738219501,EACH,,2024-07-29,,
06671T,,CS,Bar Code,,044738219068,RETAIL 2023_04_04,,2024-07-29,,
06672T,,CS,Bar Code,,044738219563,RETAIL 2023_04_04,,2024-07-29,,
06673T,,CS,Bar Code,,28850367990133,WH 2023_04_04,,2024-07-29,,
06673T,,CS,Bar Code,,8850367990139,RETAIL 2023_04_04,,2024-07-29,,
06674T,,CS,Bar Code,,044738074186,EACH,,2024-07-29,,
06674T,,CS,Bar Code,,40044738074184,CASE,,2024-07-29,,
06675T,,CS,Customer,VA372,5311345,CHICKEN SWEET CHILI SAUCE (L),,,,
06675T,,CS,Bar Code,,044738072342,RETAIL 2023_03_17,,2024-07-29,,
06675T,,CS,Bar Code,,1044738072342,CASE,,2024-07-29,,
06675T,,CS,Bar Code,,20044738072346,WH 2023_03_17,,2024-07-29,,
06676T,,CS,Bar Code,,044738018432,RETAIL 2023_03_17,,2024-07-29,,
06676T,,CS,Bar Code,,1044738018432,CASE,,2024-07-29,,
06676T,,CS,Bar Code,,40044738018430,WH 2023_03_17,,2024-07-29,,
06678T,,CS,Bar Code,,48850367990168,WH 2023_04_04,,2024-07-29,,
06678T,,CS,Bar Code,,8850367990160,RETAIL 2023_04_04,,2024-07-29,,
06680T,,CS,Bar Code,,044738072311,EACH,,2024-07-29,,
06703T,,CS,Bar Code,,084909900791,RETAIL 2023_04_24,,2024-07-29,,
06704T,,CS,Bar Code,,084909900760,RETAIL 2023_04_14,,2024-07-29,,
06707V,,CS,Bar Code,,081652067078,RETAIL 2023_04_10,,2024-07-29,,
06707V,,CS,Bar Code,,10081652067075,WH 2023_04_10,,2024-07-29,,
06709T,,CS,Bar Code,,084909006660,WH 2023_05_09,,2024-07-29,,
06714T,,CS,Bar Code,,084909011114,RETAIL 2023_04_04,,2024-07-29,,
06714T,,CS,Bar Code,,60084909011116,WH 2023_04_04,,2024-07-29,,
06715T,,CS,Bar Code,,084909007094,EACH,,2024-07-29,,
06716T,,CS,Bar Code,,084909007087,EACH,,2024-07-29,,
06716T,,CS,Bar Code,,50084909007082,,,2024-11-01,,
06718V,,CS,Bar Code,,081652067184,EACH,,2024-07-29,2024-07-30,
06718V,,CS,Bar Code,,10081652067181,CASE,,2024-07-29,2024-07-30,
06722T,,CS,Bar Code,,081652067221,RETAIL 2023_05_09,,2024-07-29,,
06722T,,CS,Bar Code,,10081652067228,WH 2023_05_09,,2024-07-29,,
06723T,,CS,Bar Code,,084909006608,RETAIL 2023_04_04,,2024-07-29,,
06729T,,CS,Bar Code,,081652067290,RETAIL 2023_03_17,,2024-07-29,,
06729T,,CS,Bar Code,,10081652067297,WH 2023_03_17,,2024-07-29,,
06738T,,CS,Bar Code,,084909002013,RETAIL 2023_04_04,,2024-07-29,,
06739T,,CS,Bar Code,,084909002983,EACH,,2024-07-29,,
06750T,,CS,Bar Code,,663676100209,EACH,,2024-07-29,2024-07-30,
06754T,,CS,Bar Code,,044738073165,RETAIL 2023_04_04,,2024-07-29,,
06755T,,CS,Bar Code,,8850539240352,RETAIL 2023_05_09,,2024-07-29,,
06755T,,CS,Bar Code,,88505392403524,WH 2023_05_09,,2024-07-29,,
06763V,,CS,Bar Code,,081652067634,RETAIL 2023_04_04,,2024-07-29,,
06763V,,CS,Bar Code,,10081652067631,WH 2023_04_04,,2024-07-29,,
06766T,,CS,Bar Code,,081652067665,RETAIL 2023_04_04,,2024-07-29,,
06766T,,CS,Bar Code,,10081652067662,WH 2023_04_04,,2024-07-29,,
06767T,,CS,Bar Code,,081652067672,RETAIL 2023_04_04,,2024-07-29,,
06767T,,CS,Bar Code,,10081652067679,WH 2023_04_04,,2024-07-29,,
06768T,,CS,Bar Code,,081652067689,RETAIL 2023_05_09,,2024-07-29,,
06768T,,CS,Bar Code,,10081652067686,WH 2023_05_09,,2024-07-29,,
06774T,,CS,Bar Code,,10816125000101,WH 2023_04_04,,2024-07-29,,
06774T,,CS,Bar Code,,18850058004128,WH 2023_04_04,,2024-07-29,,
06774T,,CS,Bar Code,,816125000104,RETAIL 2023_04_04,,2024-07-29,,
06775T,,CS,Bar Code,,10816125002174,WH 2023_04_04,,2024-07-29,,
06775T,,CS,Bar Code,,18850058006931,WH 2023_04_04,,2024-07-29,,
06775T,,CS,Bar Code,,816125002177,RETAIL 2023_04_04,,2024-07-29,,
06776T,,CS,Bar Code,,10816125000125,WH 2023_04_04,,2024-07-29,,
06776T,,CS,Bar Code,,18850058004104,WH 2023_04_04,,2024-07-29,,
06776T,,CS,Bar Code,,816125000128,RETAIL 2023_04_04,,2024-07-29,,
06777T,,CS,Bar Code,,10816125000163,WH 2023_04_04,,2024-07-29,,
06777T,,CS,Bar Code,,18850058004111,WH 2023_04_04,,2024-07-29,,
06777T,,CS,Bar Code,,816125000166,RETAIL 2023_04_04,,2024-07-29,,
06779T,,CS,Bar Code,,10816125001160,WH 2023_04_04,,2024-07-29,,
06779T,,CS,Bar Code,,18850058005156,WH 2023_04_04,,2024-07-29,,
06779T,,CS,Bar Code,,816125001163,RETAIL 2023_04_04,,2024-07-29,,
06780T,,CS,Bar Code,,10816125002655,WH 2023_04_04,,2024-07-29,,
06780T,,CS,Bar Code,,18850058005644,WH 2023_04_04,,2024-07-29,,
06780T,,CS,Bar Code,,816125002658,RETAIL 2023_04_04,,2024-07-29,,
06785T,,CS,Bar Code,,10816125000224,WH 2023_04_04,,2024-07-29,,
06785T,,CS,Bar Code,,18850058004029,WH 2023_04_04,,2024-07-29,,
06785T,,CS,Bar Code,,816125000227,RETAIL 2023_04_04,,2024-07-29,,
06786T,,CS,Bar Code,,10816125000347,WH 2023_04_04,,2024-07-29,,
06786T,,CS,Bar Code,,18850058004050,WH 2023_04_04,,2024-07-29,,
06786T,,CS,Bar Code,,816125000340,RETAIL 2023_04_04,,2024-07-29,,
06787T,,CS,Bar Code,,10816125000262,WH 2023_05_09,,2024-07-29,,
06787T,,CS,Bar Code,,18850058004272,WH 2023_05_09,,2024-07-29,,
06787T,,CS,Bar Code,,816125000265,RETAIL 2023_05_09,,2024-07-29,,
06788T,,CS,Bar Code,,10816125000217,WH 2023_04_04,,2024-07-29,,
06788T,,CS,Bar Code,,18850058004173,WH 2023_04_04,,2024-07-29,,
06788T,,CS,Bar Code,,816125000210,RETAIL 2023_04_04,,2024-07-29,,
06789T,,CS,Bar Code,,10816125000064,WH 2023_04_10,,2024-07-29,,
06789T,,CS,Bar Code,,18850058000359,WH 2023_04_10,,2024-07-29,,
06789T,,CS,Bar Code,,816125000067,RETAIL 2023_04_10,,2024-07-29,,
06791T,,CS,Bar Code,,816125000050,EACH,,2024-07-29,2024-12-27,
06797T,,CS,Bar Code,,10816125003010,WH 2023_04_10,,2024-07-29,,
06797T,,CS,Bar Code,,18850058007372,WH 2023_04_10,,2024-07-29,,
06797T,,CS,Bar Code,,816125003013,RETAIL 2023_04_10,,2024-07-29,,
06798T,,CS,Bar Code,,10816125000477,WH 2023_04_04,,2024-07-29,,
06798T,,CS,Bar Code,,18850058000366,WH 2023_04_04,,2024-07-29,,
06798T,,CS,Bar Code,,816125000470,RETAIL 2023_04_04,,2024-07-29,,
06802T,,CS,Bar Code,,044738102346,RETAIL 2023_04_04,,2024-07-29,,
06802T,,CS,Bar Code,,40044738102344,WH 2023_04_04,,2024-07-29,,
06803T,,CS,Bar Code,,044738102384,RETAIL 2023_03_17,,2024-07-29,,
06803T,,CS,Bar Code,,40044738102382,WH 2023_03_17,,2024-07-29,,
06804T,,CS,Bar Code,,044738102353,EACH,,2024-07-29,,
06804T,,CS,Bar Code,,40044738102351,CASE,,2024-07-29,,
06830T,,CS,Bar Code,,10816125000330,WH 2023_04_04,,2024-07-29,,
06830T,,CS,Bar Code,,18850058004210,WH 2023_04_04,,2024-07-29,,
06830T,,CS,Bar Code,,816125000333,RETAIL 2023_04_04,,2024-07-29,,
06834T,,CS,Bar Code,,18850058008171,WH 2023_04_04,,2024-07-29,,
06834T,,CS,Bar Code,,8850058008174,RETAIL 2023_04_04,,2024-07-29,,
06837T,,CS,Bar Code,,081652068372,RETAIL 2023_03_17,,2024-07-29,,
06837T,,CS,Bar Code,,10081652068379,WH 2023_03_17,,2024-07-29,,
06838T,,CS,Bar Code,,081652068389,RETAIL 2023_04_04,,2024-07-29,,
06838T,,CS,Bar Code,,10081652068386,WH 2023_04_04,,2024-07-29,,
06839T,,CS,Bar Code,,081652068396,RETAIL 2023_04_04,,2024-07-29,,
06839T,,CS,Bar Code,,10081652068393,WH 2023_04_04,,2024-07-29,,
06840T,,CS,Bar Code,,081652068402,RETAIL 2023_05_09,,2024-07-29,,
06840T,,CS,Bar Code,,10081652068409,WH 2023_05_09,,2024-07-29,,
06867T,,CS,Bar Code,,016229004019,RETAIL 2023_04_04,,2024-07-29,,
06867T,,CS,Bar Code,,08851613102283,WH 2023_04_04,,2024-07-29,,
06868T,,CS,Bar Code,,093856990014,RETAIL 2023_04_04,,2024-07-29,,
06868T,,CS,Bar Code,,10093856990011,WH 2023_04_04,,2024-07-29,,
06885T,,CS,Bar Code,,10816125001870,WH 2023_04_04,,2024-07-29,,
06885T,,CS,Bar Code,,18850058005842,WH 2023_04_04,,2024-07-29,,
06885T,,CS,Bar Code,,816125001873,RETAIL 2023_04_04,,2024-07-29,,
06891T,,CS,Bar Code,,016229001711,RETAIL 2023_03_17,,2024-07-29,,
06891T,,CS,Bar Code,,08851613101705,WH 2023_03_17,,2024-07-29,,
06893T,,CS,Bar Code,,016229005122,RETAIL 2023_04_04,,2024-07-29,2024-07-30,
06893T,,CS,Bar Code,,08851613101941,WH 2023_04_04,,2024-07-29,2024-07-30,
06894T,,CS,Bar Code,,016229000561,EACH,,2024-07-29,,
06895T,,CS,Bar Code,,016229000554,RETAIL 2023_04_04,,2024-07-29,,
06895T,,CS,Bar Code,,08851613101743,WH 2023_04_04,,2024-07-29,,
06900T,,CS,Bar Code,,016229006129,EACH,,2024-07-29,,
06901T,,CS,Bar Code,,016229006914,EACH,,2023-06-30,2023-07-30,
06907T,,CS,Bar Code,,08851613102825,WH 2023_04_04,,2024-07-29,,
06907T,,CS,Bar Code,,8851613101392,RETAIL 2023_04_04,,2024-07-29,,
06908T,,CS,Bar Code,,016229906221,RETAIL,,1999-01-01,2000-01-01,
06921J,,CS,Bar Code,,079800100111,EACH,,2024-07-29,2024-07-30,
06922J,,CS,Bar Code,,079800011219,EACH,,2024-07-29,2024-07-30,
06923J,,CS,Bar Code,,079800010113,EACH,,2024-07-29,2024-07-30,
06924J,,CS,Bar Code,,079800011516,EACH,,2024-07-29,2024-07-30,
06929P,,CS,Bar Code,,14800194179888,WH 2023_05_09,,2024-07-29,,
06929P,,CS,Bar Code,,4800194179881,RETAIL 2023_05_09,,2024-07-29,,
06930P,,CS,Bar Code,,14800194179901,WH 2023_04_14,,2024-07-29,,
06930P,,CS,Bar Code,,4800194179904,RETAIL 2023_04_14,,2024-07-29,,
06931P,,CS,Bar Code,,14800194177181,WH 2023_05_10,,2024-07-29,,
06931P,,CS,Bar Code,,4800194180184,RETAIL 2023_05_10,,2024-07-29,,
06932P,,CS,Bar Code,,14800194177099,WH 2023_05_09,,2024-07-29,,
06932P,,CS,Bar Code,,4800194177092,RETAIL 2023_05_09,,2024-07-29,,
06932P,,CS,Bar Code,,4891208040150,EACH,,2024-07-29,,
06935P,,CS,Bar Code,,14800194177952,WH 2023_04_14,,2024-07-29,,
06935P,,CS,Bar Code,,4800194177955,RETAIL 2023_04_14,,2024-07-29,,
06936P,,CS,Bar Code,,10897399001025,WH 2023_05_09,,2024-07-29,,
06936P,,CS,Bar Code,,897399001028,RETAIL 2023_05_09,,2024-07-29,,
06937K,,CS,Bar Code,,18801062880888,WH 2023_04_14,,2024-07-29,,
06937K,,CS,Bar Code,,8801062880881,RETAIL 2023_04_14,,2024-07-29,,
06938K,,CS,Bar Code,,18801062881748,CASE,,2024-07-29,2024-07-30,
06938K,,CS,Bar Code,,8801062881741,EACH,,2024-07-29,2024-07-30,
07008K,,CS,Bar Code,,10081652070099,BOX,,2024-07-29,,
07008K,,CS,Bar Code,,18809117120101,WH 2023_05_09,,2024-07-29,,
07008K,,CS,Bar Code,,18809117121009,WH 2023_05_09,,2024-07-29,,
07008K,,CS,Bar Code,,8809117120999,EACH,,2024-07-29,,
07008K,,CS,Bar Code,,8809117121002,RETAIL 2023_05_09,,2024-07-29,,
07009K,,CS,Bar Code,,8809117120104,EACH,,2024-07-29,,
07040K,,CS,Bar Code,,081652070405,EACH,,2024-07-29,,
07040K,,CS,Bar Code,,10081652070402,CASE,,2024-07-29,,
07054K,,CS,Bar Code,,081652070542,EACH,,2024-07-29,,
07054K,,CS,Bar Code,,10081652070549,CASE,,2024-07-29,,
07055K,,CS,Bar Code,,081652070559,EACH,,2024-07-29,,
07055K,,CS,Bar Code,,10081652070556,CASE,,2024-07-29,,
07056K,,CS,Bar Code,,081652070566,EACH,,2024-07-29,,
07056K,,CS,Bar Code,,10081652070563,CASE,,2024-07-29,,
07057K,,CS,Bar Code,,081652070573,EACH,,2024-07-29,,
07057K,,CS,Bar Code,,10081652070570,CASE,,2024-07-29,,
07058K,,CS,Bar Code,,081652070580,EACH,,2024-07-29,,
07058K,,CS,Bar Code,,10081652070587,CASE,,2024-07-29,,
07072K,,CS,Bar Code,,081652070726,RETAIL 2023_05_09,,2024-07-29,2025-03-28,
07072K,,CS,Bar Code,,10081652070723,WH 2023_05_09,,2024-07-29,2025-03-28,
07073K,,CS,Bar Code,,081652070733,RETAIL 2023_05_09,,2024-07-29,2025-01-10,
07073K,,CS,Bar Code,,10081652070730,WH 2023_05_09,,2024-07-29,2025-01-10,
07085K,,CS,Bar Code,,081652070856,RETAIL 2023_05_09,,2024-07-29,,
07085K,,CS,Bar Code,,10081652070853,WH 2023_05_09,,2024-07-29,,
07086K,,CS,Bar Code,,081652070863,RETAIL 2023_05_09,,2024-07-29,,
07086K,,CS,Bar Code,,10081652070860,WH 2023_05_09,,2024-07-29,,
07089C,,CS,Bar Code,,081652070894,EACH,,2024-07-29,2024-07-30,
07089C,,CS,Bar Code,,10081652070891,CASE,,2024-07-29,2024-07-30,
07091K,,CS,Bar Code,,081652070917,RETAIL 2023_05_09,,2024-07-29,,
07091K,,CS,Bar Code,,10081652070914,WH 2023_05_09,,2024-07-29,,
07092K,,CS,Bar Code,,081652070924,RETAIL 2023_04_14,,2024-07-29,,
07092K,,CS,Bar Code,,10081652070921,WH 2023_04_14,,2024-07-29,,
07095K,,CS,Bar Code,,188017008583,CASE,,2025-04-15,,
07095K,,CS,Bar Code,,88010817008586,EACH,,2025-04-15,,
07095K,,CS,Bar Code,,8809081260028,EACH,,2024-07-29,2024-07-30,
07095K,,CS,Bar Code,,8809081260097,WH 2023_04_24,,2024-07-29,2024-07-30,
07095K,,CS,Bar Code,,8809081260127,RETAIL 2023_04_24,,2024-07-29,2024-07-30,
07097K,,CS,Bar Code,,081652070979,EACH,,2024-07-29,,
07097K,,CS,Bar Code,,10081652070976,BOX,,2024-07-29,,
07100K,,CS,Bar Code,,081652071006,EACH,,2024-07-29,,
07100K,,CS,Bar Code,,10081652071003,CASE,,2024-07-29,,
07102K,,CS,Bar Code,,081652071020,RETAIL 2023_05_09,,2024-07-29,,
07102K,,CS,Bar Code,,10081652071027,WH 2023_05_09,,2024-07-29,,
07104K,,CS,Bar Code,,081652071044,EACH,,2024-07-29,,
07104K,,CS,Bar Code,,10081652071041,WH 2023_05_09,,2024-07-29,,
07104K,,CS,Bar Code,,4545732071042,RETAIL 2023_05_09,,2024-07-29,,
07105K,,CS,Bar Code,,081652071051,RETAIL 2023_05_10,,2024-07-29,,
07105K,,CS,Bar Code,,10081652071058,WH 2023_05_10,,2024-07-29,,
07106K,,CS,Bar Code,,081652071068,RETAIL 2023_04_14,,2024-07-29,,
07106K,,CS,Bar Code,,10081652071065,WH 2023_04_14,,2024-07-29,,
07107K,,CS,Bar Code,,081652071075,RETAIL 2023_05_09,,2024-07-29,2024-07-30,
07107K,,CS,Bar Code,,10081652071072,WH 2023_05_09,,2024-07-29,2024-07-30,
07108K,,CS,Bar Code,,081652071082,EACH,,2024-07-29,,
07108K,,CS,Bar Code,,10081652071089,WH 2023_04_10,,2024-07-29,,
07110K,,CS,Bar Code,,081652071105,RETAIL 2023_05_09,,2024-07-29,,
07110K,,CS,Bar Code,,10081652071102,WH 2023_05_09,,2024-07-29,,
07113K,,CS,Bar Code,,081652071136,EACH,,2025-04-15,,
07113K,,CS,Bar Code,,10081652071133,CASE,,2025-04-15,,
07118K,,CS,Bar Code,,081652071181,EACH,,2025-04-15,,
07118K,,CS,Bar Code,,10081652071188,CASE,,2025-04-15,,
07124K,,CS,Bar Code,,081652071242,RETAIL 2023_04_14,,2024-07-29,2024-07-30,
07124K,,CS,Bar Code,,10081652071249,WH 2023_04_14,,2024-07-29,2024-07-30,
07129K,,CS,Bar Code,,8809041720197,RETAIL 2023_05_09,,2024-07-29,,
07129K,,CS,Bar Code,,8809041720210,WH 2023_05_09,,2024-07-29,,
07133K,,CS,Bar Code,,28809041750709,WH 2023_05_09,,2024-07-29,,
07133K,,CS,Bar Code,,8809041750705,RETAIL 2023_05_09,,2024-07-29,,
07135K,,CS,Bar Code,,8809275380358,RETAIL 2023_05_09,,2024-07-29,,
07135K,,CS,Bar Code,,8809275389184,WH 2023_05_09,,2024-07-29,,
07147K,,CS,Bar Code,,18809041751587,WH 2023_05_09,,2024-07-29,2024-11-22,
07147K,,CS,Bar Code,,8809041751580,RETAIL 2023_05_09,,2024-07-29,2024-11-22,
07148K,,CS,Bar Code,,18809041752072,CASE,,2024-07-29,,
07148K,,CS,Bar Code,,8809041752075,EACH,,2024-07-29,,
07149K,,CS,Bar Code,,8809041750767,WH 2023_04_14,,2024-07-29,,
07149K,,CS,Bar Code,,8809041751504,RETAIL 2023_04_14,,2024-07-29,,
07151K,,CS,Bar Code,,081652071518,RETAIL 2023_05_09,,2024-07-29,,
07151K,,CS,Bar Code,,10081652071515,WH 2023_05_09,,2024-07-29,,
07151K,,CS,Bar Code,,4545732071516,INNER PKGS,,2025-03-31,,
07152K,,CS,Bar Code,,081652071525,RETAIL 2023_05_10,,2024-07-29,,
07152K,,CS,Bar Code,,10081652071522,WH 2023_05_10,,2024-07-29,,
07152K,,CS,Bar Code,,4545732071523,Inner PKGs,,2025-05-23,,
07154K,,CS,Bar Code,,081652071549,RETAIL 2023_05_09,,2024-07-29,,
07154K,,CS,Bar Code,,10081652071546,WH 2023_05_09,,2024-07-29,,
07155K,,CS,Bar Code,,10081652071553,EACH,,2024-07-29,,
07156K,,CS,Bar Code,,18801164127508,WH 2023_05_09,,2024-07-29,,
07156K,,CS,Bar Code,,8801164126887,RETAIL 2023_05_09,,2024-07-29,,
07157K,,CS,Bar Code,,081652071570,RETAIL 2023_05_09,,2024-07-29,2024-07-30,
07157K,,CS,Bar Code,,10081652071577,WH 2023_05_09,,2024-07-29,2024-07-30,
07162K,,CS,Bar Code,,8809275380297,RETAIL 2023_05_09,,2024-07-29,,
07162K,,CS,Bar Code,,8809275389191,WH 2023_05_09,,2024-07-29,,
07167K,,CS,Bar Code,,081652071679,RETAIL 2023_05_09,,2024-07-29,,
07167K,,CS,Bar Code,,10081652071676,WH 2023_05_09,,2024-07-29,,
07170K,,CS,Bar Code,,081652071709,RETAIL,,2024-07-29,,
07170K,,CS,Bar Code,,10081652071706,,,2024-07-29,,
07171K,,CS,Bar Code,,081652071716,RETAIL 2023_05_09,,2024-07-29,,
07171K,,CS,Bar Code,,10081652071713,WH 2023_05_09,,2024-07-29,,
07173K,,CS,Bar Code,,081652071730,EACH,,2025-04-15,,
07173K,,CS,Bar Code,,10081652071737,CASE,,2025-04-15,,
07174K,,CS,Bar Code,,081652071747,RETAIL 2023_05_09,,2024-07-29,,
07174K,,CS,Bar Code,,10081652071744,WH 2023_05_09,,2024-07-29,,
07180K,,CS,Bar Code,,081652071808,RETAIL 2023_05_09,,2024-07-29,,
07180K,,CS,Bar Code,,10081652071805,WH 2023_05_09,,2024-07-29,,
07180K,,CS,Bar Code,,4545732071806,INNER PKG,,2025-04-11,,
07183K,,CS,Bar Code,,18809149830337,WH 2023_05_09,,2024-07-29,2024-08-02,
07183K,,CS,Bar Code,,8809149830330,RETAIL 2023_05_09,,2024-07-29,2024-08-02,
07184K,,CS,Bar Code,,8809149830323,RETAIL 2023_05_09,,2024-07-29,2024-07-30,
07184K,,CS,Bar Code,,8809149830514,WH 2023_05_09,,2024-07-29,2024-07-30,
07185K,,CS,Bar Code,,18801047228872,,,2024-07-01,,
07185K,,CS,Bar Code,,8801047228875,Retail,,2024-07-01,,
07192K,,CS,Bar Code,,18801047226205,WH 2023_05_09,,2024-07-29,,
07192K,,CS,Bar Code,,8801047226208,RETAIL 2023_05_09,,2024-07-29,,
07194K,,CS,Bar Code,,8809275381089,EACH,,2024-07-29,2024-07-30,
07194K,,CS,Bar Code,,8809275389597,CASE,,2024-07-29,2024-07-30,
07196K,,CS,Bar Code,,18809395752223,WH 2023_04_14,,2024-07-29,,
07196K,,CS,Bar Code,,8809395752226,RETAIL 2023_04_14,,2024-07-29,,
07198K,,CS,Bar Code,,18809395752278,WH 2023_05_10,,2024-07-29,,
07198K,,CS,Bar Code,,8809395752271,RETAIL 2023_05_10,,2024-07-29,,
07199K,,CS,Bar Code,,18809395755071,CASE,,2024-07-29,,
07199K,,CS,Bar Code,,8809395755074,EACH,,2024-07-29,,
07200K,,CS,Bar Code,,8157002182,EACH,,2024-07-29,2024-07-30,
07205K,,CS,Bar Code,,78801039916550,WH 2023_05_22,,2024-07-29,2025-01-10,
07205K,,CS,Bar Code,,8801039916551,EACH,,2024-07-29,2025-01-10,
07206K,,CS,Bar Code,,58801039916549,WH 2023_05_22,,2024-07-29,2024-12-27,
07206K,,CS,Bar Code,,8801039916544,EACH,,2024-07-29,2024-12-27,
07207K,,CS,Bar Code,,18809275389488,WH 2023_05_09,,2024-07-29,2024-08-02,
07207K,,CS,Bar Code,,8809275380945,RETAIL 2023_05_09,,2024-07-29,2024-08-02,
07207K,,CS,Bar Code,,8809275389481,CASE,,2024-07-29,2024-08-02,
07208K,,CS,Bar Code,,18809275389501,WH 2023_05_09,,2024-07-29,2024-11-22,
07208K,,CS,Bar Code,,8809275380914,EACH,,2024-07-29,2024-11-22,
07208K,,CS,Bar Code,,8809275380969,RETAIL 2023_05_09,,2024-07-29,2024-11-22,
07208K,,CS,Bar Code,,8809275389504,CASE,,2024-07-29,2024-11-22,
07209K,,CS,Bar Code,,8809275380976,CASE,,2025-04-15,,
07220K,,CS,Bar Code,,10081652072228,CASE,,2025-04-15,,
07220K,,CS,Bar Code,,8802220310035,EACH,,2025-04-15,,
07221K,,CS,Bar Code,,081652072218,Retail,,2024-07-29,,
07221K,,CS,Bar Code,,10081652072215,,,2024-07-29,,
07222K,,CS,Bar Code,,081652072225,Retail,,2024-07-29,,
07222K,,CS,Bar Code,,10081652072222,,,2024-07-29,,
07223K,,CS,Bar Code,,081652072232,Retail,,2024-07-29,,
07223K,,CS,Bar Code,,10081652072239,,,2024-11-01,,
07224K,,CS,Bar Code,,081652072249,RETAIL 2023_04_14,,2024-07-29,,
07224K,,CS,Bar Code,,10081652072246,WH 2023_04_14,,2024-07-29,,
07225J,,CS,Bar Code,,081652072256,EACH,,2025-04-15,,
07225J,,CS,Bar Code,,10086152072253,CASE,,2025-04-15,,
07231K,,CS,Bar Code,,18801063310124,WH 2023_04_04,,2024-07-29,2024-07-30,
07231K,,CS,Bar Code,,8801063310127,RETAIL 2023_04_04,,2024-07-29,2024-07-30,
07232K,,CS,Bar Code,,18801063310131,CASE,,2024-07-29,2024-07-30,
07232K,,CS,Bar Code,,8801063310134,EACH,,2024-07-29,2024-07-30,
07233K,,CS,Bar Code,,081652072331,RETAIL,,2024-11-01,2024-11-02,
07233K,,CS,Bar Code,,10081652072338,,,2024-11-01,2024-11-02,
07234K,,CS,Bar Code,,081652072348,RETAIL,,2025-04-01,2025-04-02,
07234K,,CS,Bar Code,,10081652072345,,,2025-04-01,2025-04-02,
07235K,,CS,Bar Code,,10081652072352,,,2025-04-01,2025-04-02,
07235K,,CS,Bar Code,,8809577112626,RETAIL,,2025-04-01,2025-04-02,
07236K,,CS,Bar Code,,10081652072369,,,2025-04-01,2025-04-02,
07236K,,CS,Bar Code,,8809577112381,RETAIL,,2025-04-01,2025-04-02,
07273K,,CS,Bar Code,,18801047224294,WH 2023_04_14,,2024-07-29,2024-07-30,
07273K,,CS,Bar Code,,8801047224297,RETAIL 2023_04_14,,2024-07-29,2024-07-30,
07275K,,CS,Bar Code,,18801047225383,WH 2023_03_17,,2024-07-29,2025-01-10,
07275K,,CS,Bar Code,,8801047225386,RETAIL 2023_03_17,,2024-07-29,2025-01-10,
07278C,,CS,Bar Code,,081652072782,RETAIL 2023_05_09,,2024-07-29,,
07278C,,CS,Bar Code,,10081652072789,WH 2023_05_09,,2024-07-29,,
07295D,,CS,Bar Code,,10850024343075,CASE,,2024-07-29,2024-07-30,
07295D,,CS,Bar Code,,850024343078,EACH,,2024-07-29,2024-07-30,
07296D,,CS,Bar Code,,10850024343037,CASE,,2024-07-29,2024-07-30,
07296D,,CS,Bar Code,,850024343030,EACH,,2024-07-29,2024-07-30,
07297D,,CS,Bar Code,,10850024343051,CASE,,2024-07-29,2024-07-30,
07297D,,CS,Bar Code,,850024343054,EACH,,2024-07-29,2024-07-30,
07299D,,CS,Bar Code,,10850024343068,CASE,,2024-07-29,2024-07-30,
07299D,,CS,Bar Code,,850024343061,EACH,,2024-07-29,2024-07-30,
07300K,,CS,Bar Code,,081652073000,RETAIL 2023_05_09,,2024-07-29,,
07300K,,CS,Bar Code,,10081652073007,WH 2023_05_09,,2024-07-29,,
07300K,,CS,Bar Code,,4545732073008,RETAIL_INNER PKG,,2025-02-25,,
07301K,,CS,Bar Code,,081652073017,RETAIL 2023_05_09,,2024-07-29,,
07301K,,CS,Bar Code,,10081652073014,WH 2023_05_09,,2024-07-29,,
07301K,,CS,Bar Code,,4545732073015,INNER PKG,,2025-04-28,,
07302K,,CS,Vendor,10153,22200,,,,,
07302K,,CS,Bar Code,,18801047222009,CASE,,2024-07-29,2025-01-10,
07302K,,CS,Bar Code,,8801047222002,EACH,,2024-07-29,2025-01-10,
07303K,,CS,Vendor,10153,22198,,,,,
07303K,,CS,Bar Code,,18801047221989,CASE,,2024-07-29,2025-06-20,
07303K,,CS,Bar Code,,8801047221982,EACH,,2024-07-29,2025-06-20,
07304K,,CS,Bar Code,,18801047227264,,,2024-07-29,2025-06-20,
07304K,,CS,Bar Code,,8801047227267,Retail,,2024-07-29,2025-06-20,
07305K,,CS,Bar Code,,8809395757122,EACH,,2024-07-29,2024-07-30,
07306K,,CS,Bar Code,,18801047224362,,,2024-07-29,,
07306K,,CS,Bar Code,,8801047224365,Retail,,2024-07-29,,
07307K,,CS,Bar Code,,18801047224386,,,2024-07-29,,
07307K,,CS,Bar Code,,8801047224389,Retail,,2024-07-29,,
07308K,,CS,Bar Code,,18801047224379,,,2024-07-29,,
07308K,,CS,Bar Code,,8801047224372,Retail,,2024-07-29,,
07309K,,CS,Bar Code,,18801176679408,,,2024-07-01,,
07309K,,CS,Bar Code,,8801176679401,RETAIL,,2024-07-01,,
07310K,,CS,Bar Code,,10081652073151,,,2024-07-29,2024-07-30,
07310K,,CS,Bar Code,,8801308422066,Retail,,2024-07-29,2024-07-30,
07312K,,CS,Bar Code,,,EACH,,2024-07-29,2024-07-30,
07313K,,CS,Bar Code,,,EACH,,2024-07-29,2024-07-30,
07314K,,CS,Bar Code,,,EACH,,2024-07-29,2024-07-30,
07315K,,CS,Bar Code,,10081652073151,CASE,,2024-07-29,2024-08-30,
07315K,,CS,Bar Code,,8801308422066,RETAIL 2023_04_24,,2024-07-29,2024-08-30,
07316K,,CS,Bar Code,,10081652073168,CASE,,2024-07-29,,
07316K,,CS,Bar Code,,8801308413033,EACH,,2024-07-29,,
07317K,,CS,Bar Code,,10081652073175,WH 2023_05_09,,2024-07-29,2024-07-30,
07317K,,CS,Bar Code,,8801308422332,RETAIL 2023_05_09,,2024-07-29,2024-07-30,
07318K,,CS,Bar Code,,10081652073182,CASE,,2024-07-29,,
07318K,,CS,Bar Code,,8801308423445,EACH,,2024-07-29,,
07319K,,CS,Bar Code,,10081652073199,CASE,,2024-07-29,,
07319K,,CS,Bar Code,,8801308413040,EACH,,2024-07-29,,
07320K,,CS,Bar Code,,10081652073205,,,2024-07-29,,
07320K,,CS,Bar Code,,8801308422059,RETAIL,,2024-07-29,,
07321K,,CS,Bar Code,,18809389493163,,,2025-02-28,,
07321K,,CS,Bar Code,,8809389493166,RETAIL,,2025-02-28,,
07322K,,CS,Bar Code,,18809389493156,,,2025-02-28,,
07322K,,CS,Bar Code,,8809389493159,RETAIL,,2025-02-28,,
07339J,,CS,Bar Code,,081652073390,EACH,,2024-07-29,,
07339J,,CS,Bar Code,,10081652073397,WH 2023_04_14,,2024-07-29,,
07341J,,CS,Bar Code,,081652073413,EACH,,2024-07-29,,
07341J,,CS,Bar Code,,10081652073410,WH 2023_04_14,,2024-07-29,,
07342J,,CS,Bar Code,,081652073420,EACH,,2024-07-29,,
07342J,,CS,Bar Code,,10081652073427,WH 2023_04_14,,2024-07-29,,
07344J,,CS,Bar Code,,081652073444,EACH,,2024-07-29,,
07344J,,CS,Bar Code,,10081652073441,WH 2023_04_10,,2024-07-29,,
07345J,,CS,Bar Code,,081652073451,EACH,,2025-04-15,,
07345J,,CS,Bar Code,,10081652073458,CASE,,2025-04-15,,
07346J,,CS,Bar Code,,081652073468,RETAIL 2023_04_14,,2024-07-29,,
07346J,,CS,Bar Code,,10081652073465,WH 2023_04_14,,2024-07-29,,
07347J,,CS,Bar Code,,081652073475,RETAIL 2023_05_09,,2024-07-29,,
07347J,,CS,Bar Code,,10081652073472,WH 2023_05_09,,2024-07-29,,
07350K,,CS,Bar Code,,081652073505,RETAIL 2023_04_14,,2024-07-29,,
07350K,,CS,Bar Code,,10081652073502,WH 2023_04_14,,2024-07-29,,
07352J,,CS,Bar Code,,081652073529,RETAIL,,2024-07-29,,
07352J,,CS,Bar Code,,10081652073526,,,2024-07-29,,
07353J,,CS,Bar Code,,081652073536,Retail,,2024-07-29,2025-04-25,
07353J,,CS,Bar Code,,10081652073533,,,2024-07-29,2025-04-25,
07419C,,CS,Bar Code,,023452331409,EACH,,2024-07-29,2024-07-30,
07434K,,CS,Bar Code,,18805660129752,CASE,,2024-07-29,,
07434K,,CS,Bar Code,,18805660130031,WH 2023_04_10,,2024-07-29,,
07434K,,CS,Bar Code,,8805660129755,RETAIL 2023_04_10,,2024-07-29,,
07434K,,CS,Bar Code,,8805660130034,WH 2023_04_10,,2024-07-29,,
07441D,,CS,Bar Code,,081652074410,EACH,,2024-07-29,,
07441D,,CS,Bar Code,,10081652074417,CASE,,2024-07-29,,
07445D,,CS,Bar Code,,0110883298622744,CASE,,2024-07-29,,
07445D,,CS,Bar Code,,883298622747,EACH,,2024-11-01,,
07463K,,CS,Bar Code,,18801063110090,BOX,,2024-07-29,2024-08-02,
07463K,,CS,Bar Code,,8801063110093,EACH,,2024-07-29,2024-08-02,
07464K,,CS,Bar Code,,18801047141140,WH 2023_04_10,,2024-07-29,,
07464K,,CS,Bar Code,,8801047141143,RETAIL 2023_04_10,,2024-07-29,,
07465K,,CS,Bar Code,,18801047142147,WH 2023_04_04,,2024-07-29,,
07465K,,CS,Bar Code,,8801047142140,RETAIL 2023_04_04,,2024-07-29,,
07466K,,CS,Bar Code,,081652074663,EACH,,2024-07-29,2024-07-30,
07466K,,CS,Bar Code,,10081652074660,CASE,,2024-07-29,2024-07-30,
07478K,,CS,Bar Code,,081652074786,Retail,,2024-07-29,,
07478K,,CS,Bar Code,,10081652074783,,,2024-07-29,,
07479K,,CS,Bar Code,,883298616098,RETAIL 2023_04_10,,2024-07-29,,
07479K,,CS,Bar Code,,8832986162890,WH 2023_04_10,,2024-07-29,,
07480K,,CS,Bar Code,,18801047146480,WH 2023_04_04,,2024-07-29,2024-10-25,
07480K,,CS,Bar Code,,8801047146483,RETAIL 2023_04_04,,2024-07-29,2024-10-25,
07486K,,CS,Bar Code,,18801047863271,CS,,2024-07-29,2024-07-30,
07486K,,CS,Bar Code,,8801047863274,EACH,,2024-07-29,2024-07-30,
07487K,,CS,Vendor,10153,86602,,,,,
07487K,,CS,Bar Code,,18801047866029,,,2024-07-29,2025-02-28,
07487K,,CS,Bar Code,,8801047866022,RETAIL,,2024-07-29,2025-02-28,
07490K,,CS,Bar Code,,18801047865459,,,2024-10-25,2025-02-06,
07490K,,CS,Bar Code,,8801047865452,Retail,,2024-10-25,2025-02-13,
07491K,,CS,Bar Code,,18801047865824,,,2024-10-25,,
07491K,,CS,Bar Code,,8801047865827,Retail,,2024-10-25,,
07590K,,CS,Bar Code,,1801063120013,CASE,,2024-07-29,2024-07-30,
07590K,,CS,Bar Code,,18801063310612,WH 2023_04_10,,2024-07-29,2024-07-30,
07590K,,CS,Bar Code,,8801063120016,EACH,,2024-07-29,2024-07-30,
07590K,,CS,Bar Code,,8801063310615,RETAIL 2023_04_10,,2024-07-29,2024-07-30,
07594K,,CS,Bar Code,,081652075943,RETAIL 2023_04_10,,2024-07-29,,
07594K,,CS,Bar Code,,10081652075940,WH 2023_04_10,,2024-07-29,,
07594K,,CS,Bar Code,,10081652075941,CASE,,2024-07-29,,
07597K,,CS,Vendor,10153,86501,,,,,
07597K,,CS,Bar Code,,18801047865015,CASE,,2024-07-29,,
07597K,,CS,Bar Code,,8801047865018,EACH,,2024-07-29,,
07598K,,CS,Bar Code,,18801047615238,CASE,,2024-07-29,,
07598K,,CS,Bar Code,,8801047615231,RETAIL,,2024-07-29,,
07599K,,CS,Bar Code,,18801047615245,CASE,,2024-07-29,,
07599K,,CS,Bar Code,,8801047615248,RETAIL,,2024-07-29,,
07600K,,CS,Bar Code,,18801047614347,CASE,,2024-07-29,2024-07-30,
07600K,,CS,Bar Code,,8801047614340,RETAIL,,2024-07-29,2024-07-30,
07601K,,CS,Bar Code,,18801047614354,CASE,,2024-07-29,,
07601K,,CS,Bar Code,,8801047614357,EACH,,2024-07-29,,
07602K,,CS,Bar Code,,883298616203,Retail,,2024-07-29,2024-07-30,
07602K,,CS,Bar Code,,8832986163330,,,2024-07-29,2024-07-30,
07605K,,CS,Bar Code,,883298615640,RETAIL 2023_04_24,,2024-07-29,2024-07-30,
07605K,,CS,Bar Code,,883298616784,WH 2023_04_24,,2024-07-29,2024-07-30,
07617K,,CS,Bar Code,,883298616180,EACH,,2024-07-29,2024-07-30,
07618K,,CS,Bar Code,,18801047119446,CS,,2024-07-29,2024-07-30,
07618K,,CS,Bar Code,,8801047119449,EA,,2024-07-29,2024-07-30,
07619K,,CS,Bar Code,,18801047867460,,,2024-07-29,,
07619K,,CS,Bar Code,,8801047867463,Retail,,2024-07-29,,
07622K,,CS,Bar Code,,883298617903,RETAIL 2023_04_24,,2024-07-29,,
07622K,,CS,Bar Code,,883298618269,WH 2023_04_24,,2024-07-29,,
07623K,,CS,Bar Code,,883298620736,EACH,,2024-07-29,,
07623K,,CS,Bar Code,,8832986207430,CASE,,2024-07-29,,
07628K,,CS,Bar Code,,18801047834073,WH 2023_04_10,,2024-07-29,2025-04-25,
07628K,,CS,Bar Code,,8801047121800,RETAIL 2023_04_10,,2024-07-29,2025-04-25,
07628K,,CS,Bar Code,,8801047834076,WH 2023_04_10,,2024-07-29,2025-04-25,
07629K,,CS,Vendor,10153,11181,,,,,
07629K,,CS,Bar Code,,18801047111815,CASE,,2024-07-29,,
07629K,,CS,Bar Code,,8801047111818,EACH,,2024-07-29,,
07630K,,CS,Vendor,10153,11421,,,,,
07630K,,CS,Bar Code,,18801047114212,CASE,,2024-07-29,,
07630K,,CS,Bar Code,,8801047114215,EACH,,2024-07-29,,
07631K,,CS,Vendor,10153,12903,,,,,
07631K,,CS,Bar Code,,18801047129032,CASE,,2024-07-29,,
07631K,,CS,Bar Code,,8801047129035,EACH,,2024-07-29,,
07632K,,CS,Vendor,10153,11946,,,,,
07632K,,CS,Bar Code,,18801047119460,CASE,,2024-07-29,,
07632K,,CS,Bar Code,,8801047119463,EACH,,2024-07-29,,
07633K,,CS,Bar Code,,18801047836039,,,2024-07-29,,
07633K,,CS,Bar Code,,8801047836032,RETAIL,,2024-07-29,,
07634K,,CS,Bar Code,,18801047836046,,,2024-07-29,,
07634K,,CS,Bar Code,,8801047836049,RETAIL,,2024-07-29,,
07635K,,CS,Bar Code,,18801047836060,,,2024-07-29,,
07635K,,CS,Bar Code,,8801047836063,RETAIL,,2024-07-29,,
07636K,,CS,Bar Code,,18801047836091,,,2024-11-29,,
07636K,,CS,Bar Code,,8801047836094,Retail,,2024-11-29,,
07637K,,CS,Bar Code,,18801047836107,,,2024-11-29,,
07637K,,CS,Bar Code,,8801047836100,Retail,,2024-11-29,,
07638K,,CS,Bar Code,,18801047627545,,,2024-11-29,,
07638K,,CS,Bar Code,,8801047627548,Retail,,2024-11-29,,
07639K,,CS,Bar Code,,18801047627552,,,2024-11-29,,
07639K,,CS,Bar Code,,8801047627555,Retail,,2024-11-29,,
07823T,,CS,Bar Code,,081652078234,EA,,1999-01-01,2000-01-01,
07824K,,CS,Bar Code,,081652078241,RETAIL 2023_04_10,,2024-07-29,,
07824K,,CS,Bar Code,,10081652078248,WH 2023_04_10,,2024-07-29,,
07826T,,CS,Bar Code,,081652078265,RETAIL 2023_04_10,,2024-07-29,2024-08-02,
07826T,,CS,Bar Code,,10081652078262,WH 2023_04_10,,2024-07-29,2024-08-02,
07826T,,CS,Bar Code,CS,10081652078262,WH 2023_04_10,,2024-07-29,2024-08-02,
07826T,,CS,Bar Code,EA,081652078265,RETAIL 2023_04_10,,2024-07-29,2024-08-02,
07834K,,CS,Bar Code,,081652078340,EACH,,2025-04-15,,
07839K,,CS,Bar Code,,081652078395,EACH,,2024-07-29,2024-07-30,
07845K,,CS,Bar Code,,081652078456,RETAIL,,2024-07-29,,
07845K,,CS,Bar Code,,10081652078453,,,2024-07-29,,
07846K,,CS,Bar Code,,081652078463,RETAIL,,2024-07-29,,
07846K,,CS,Bar Code,,10081652078460,,,2024-07-29,,
08001D,,CS,Bar Code,,076186000011,EACH,,2024-07-29,,
08001D,,CS,Bar Code,,10076186000018,WH 2023_05_09,,2024-07-29,,
08001D,,CS,Bar Code,,176186100015,RETAIL 2023_05_09,,2024-07-29,,
08002K,,CS,Bar Code,,081652080022,RETAIL 2023_04_10,,2024-07-29,,
08002K,,CS,Bar Code,,10081652080029,WH 2023_04_10,,2024-07-29,,
08002K,,CS,Bar Code,EA,10081652080029,WH 2023_04_10,,2024-07-29,,
08003K,,CS,Bar Code,,081652080039,RETAIL 2023_05_09,,2024-07-29,,
08003K,,CS,Bar Code,,10081652080036,WH 2023_05_09,,2024-07-29,,
08011K,,CS,Bar Code,,081652080114,RETAIL 2023_04_14,,2024-07-29,2024-07-30,
08011K,,CS,Bar Code,,10081652080111,WH 2023_04_14,,2024-07-29,2024-07-30,
08014K,,CS,Bar Code,,081652080145,RETAIL 2023_04_14,,2024-07-29,2024-07-30,
08014K,,CS,Bar Code,,10081652080142,WH 2023_04_14,,2024-07-29,2024-07-30,
08015K,,CS,Bar Code,,648436100552,RETAIL 2023_05_09,,2024-07-29,2024-08-02,
08015K,,CS,Bar Code,,648436120536,WH 2023_05_09,,2024-07-29,2024-08-02,
08016K,,CS,Bar Code,,648436100620,RETAIL 2023_05_09,,2024-07-29,2024-11-22,
08016K,,CS,Bar Code,,648436120628,WH 2023_05_09,,2024-07-29,2024-11-22,
08017K,,CS,Bar Code,,081652080176,EACH,,2024-07-29,2024-07-30,
08017K,,CS,Bar Code,,10081652080173,CASE,,2024-07-29,2024-07-30,
08021K,,CS,Bar Code,,081652080213,RETAIL 2023_04_10,,2024-07-29,,
08021K,,CS,Bar Code,,10081652080210,WH 2023_04_10,,2024-07-29,,
08022K,,CS,Bar Code,,081652080220,RETAIL 2023_04_14,,2024-07-29,,
08022K,,CS,Bar Code,,10081652080227,WH 2023_04_14,,2024-07-29,,
08024K,,CS,Bar Code,,081652080244,RETAIL 2023_03_17,,2024-07-29,,
08024K,,CS,Bar Code,,10081652080241,WH 2023_03_17,,2024-07-29,,
08025K,,CS,Bar Code,,081652080251,EACH,,2024-07-29,,
08025K,,CS,Bar Code,,10081652080258,CASE,,2024-07-29,,
08026K,,CS,Bar Code,,081652080268,RETAIL 2023_05_09,,2024-07-29,,
08026K,,CS,Bar Code,,10081652080265,WH 2023_05_09,,2024-07-29,,
08027K,,CS,Customer,VA372,5404013,SWEET POTATO NOODLES (JAPCHAE),,,,
08027K,,CS,Bar Code,,081652080275,RETAIL 2023_05_10,,2024-07-29,,
08027K,,CS,Bar Code,,10081652080272,WH 2023_05_10,,2024-07-29,,
08034K,,CS,Bar Code,,4710145211037,EACH,,2024-07-29,,
08034K,,CS,Bar Code,,8801073121140,WH 2023_04_14,,2024-07-29,,
08034K,,CS,Bar Code,,8801073143784,RETAIL 2023_04_14,,2024-07-29,,
08038K,,CS,Bar Code,,8801073102743,RETAIL 2023_05_09,,2024-07-29,,
08038K,,CS,Bar Code,,8801073102750,WH 2023_05_09,,2024-07-29,,
08041K,,CS,Bar Code,,8801073121249,CASE,,2024-07-29,,
08041K,,CS,Bar Code,,8801073140196,EACH,,2024-07-29,,
08041K,,CS,Bar Code,,8801073140530,EACH,,2024-07-29,,
08044D,,CS,Bar Code,,07618600011,EACH,,2024-07-29,,
08044D,,CS,Bar Code,,076186000516,RETAIL 2023_05_09,,2024-07-29,,
08044D,,CS,Bar Code,,10076186000513,WH 2023_05_09,,2024-07-29,,
08044D,,CS,Bar Code,,10076186000516,CASE,,2024-07-29,,
08045D,,CS,Bar Code,,076186000073,EACH,,2024-07-29,,
08045D,,CS,Bar Code,,076186000578,RETAIL 2023_05_09,,2024-07-29,,
08045D,,CS,Bar Code,,10076186000575,WH 2023_05_09,,2024-07-29,,
08045D,,CS,Bar Code,,10076186000578,CASE,,2024-07-29,,
08045D,,CS,Bar Code,,3300330011221122,Test,,2024-07-29,2024-07-30,
08046K,,CS,Bar Code,,074603003287,EACH,,2024-07-29,2024-07-30,
08046K,,CS,Bar Code,,10746030032877,CASE,,2024-07-29,2024-07-30,
08048K,,CS,Bar Code,,8801073101432,EACH,,2024-07-01,2025-05-09,
08048K,,CS,Bar Code,,8801073182141,CASE,,2024-07-01,2025-05-09,
08050K,,CS,Bar Code,,074603005212,EACH,,2024-07-29,2024-07-30,
08050K,,CS,Bar Code,,8801073102545,EACH,,2024-07-29,2024-07-30,
08050K,,CS,Bar Code,,8801073181908,CASE,,2024-07-29,2024-07-30,
08051K,,CS,Bar Code,,8801073104150,EACH,,2024-07-29,,
08051K,,CS,Bar Code,,8801073182219,CASE,,2024-07-29,,
08052K,,CS,Bar Code,,8801073101531,RETAIL 2023_04_14,,2024-07-29,2025-04-25,
08052K,,CS,Bar Code,,8801073182028,WH 2023_04_14,,2024-07-29,2025-04-25,
08055D,,CS,Bar Code,,076186000080,EACH,,2024-07-29,,
08055D,,CS,Bar Code,,076186000585,RETAIL 2023_05_09,,2024-07-29,,
08055D,,CS,Bar Code,,10076186000582,WH 2023_05_09,,2024-07-29,,
08055D,,CS,Bar Code,,10076186000585,CASE,,2024-07-29,,
08057K,,CS,Bar Code,,074603005212,EACH,,2024-07-29,2025-04-25,
08057K,,CS,Bar Code,,8801073181632,CASE,,2024-07-29,2025-04-25,
08058K,,CS,Bar Code,,8801073103740,EACH,,2024-07-01,2025-05-09,
08058K,,CS,Bar Code,,8801073121157,CASE,,2024-07-01,2025-05-09,
08059K,,CS,Bar Code,,10746030031023,CASE,,2024-07-01,2025-05-09,
08059K,,CS,Bar Code,,4710145710028,EACH,,2024-07-01,2025-05-09,
08062J,,CS,Bar Code,,081652080626,RETAIL 2023_04_10,,2024-07-29,,
08062J,,CS,Bar Code,,10081652080623,WH 2023_04_10,,2024-07-29,,
08064J,,CS,Bar Code,,081652080640,RETAIL 2023_05_09,,2024-07-29,,
08064J,,CS,Bar Code,,10081652080647,WH 2023_05_09,,2024-07-29,,
08066K,,CS,Bar Code,,081652080664,RETAIL 2023_04_24,,2024-07-29,,
08066K,,CS,Bar Code,,10081652080661,WH 2023_04_24,,2024-07-29,,
08068K,,CS,Bar Code,,081652080688,EACH,,2024-07-29,,
08068K,,CS,Bar Code,,10081652080685,CASE,,2024-07-29,,
08070K,,CS,Bar Code,,081652080701,EACH,,2025-04-15,,
08070K,,CS,Bar Code,,10081652080708,CASE,,2025-04-15,,
08071K,,CS,Bar Code,,8801073121041,CASE,,2024-07-01,2025-05-09,
08071K,,CS,Bar Code,,8801073140103,EACH,,2024-07-01,2025-05-09,
08076K,,CS,Bar Code,,8801073311183,EACH,,2024-07-29,2024-07-30,
08080K,,CS,Bar Code,,081652080800,RETAIL 2023_05_09,,2024-07-29,,
08080K,,CS,Bar Code,,10081652080807,WH 2023_05_09,,2024-07-29,,
08081K,,CS,Bar Code,,081652080817,RETAIL 2023_04_24,,2024-07-29,,
08081K,,CS,Bar Code,,10081652080814,WH 2023_04_24,,2024-07-29,,
08082K,,CS,Bar Code,,081652080824,RETAIL 2023_04_24,,2024-07-29,,
08082K,,CS,Bar Code,,10081652080821,WH 2023_04_24,,2024-07-29,,
08084K,,CS,Bar Code,,081652080848,Retail,,2024-07-29,,
08084K,,CS,Bar Code,,10081652080845,,,2024-07-29,,
08085T,,CS,Bar Code,,28850100003762,CASE,,2024-07-29,,
08085T,,CS,Bar Code,,8850100101105,EACH,,2024-07-29,,
08085T,,CS,Bar Code,,8850100110114,BOX,,2024-07-29,,
08087T,,CS,Bar Code,,052066000432,RETAIL 2023_05_09,,2024-07-29,,
08087T,,CS,Bar Code,,052066000500,WH 2023_05_09,,2024-07-29,,
08088T,,CS,Bar Code,,052066000425,RETAIL 2023_05_09,,2024-07-29,,
08088T,,CS,Bar Code,,052066000494,WH 2023_05_09,,2024-07-29,,
08089T,,CS,Bar Code,,052066000418,RETAIL 2023_05_09,,2024-07-29,,
08089T,,CS,Bar Code,,052066000487,WH 2023_05_09,,2024-07-29,,
08090K,,CS,Bar Code,,081652080909,EACH,,2024-07-29,,
08090K,,CS,Bar Code,,10081652080906,WH 2023_04_14,,2024-07-29,,
08090K,,CS,Bar Code,,4545732080907,RETAIL 2023_04_14,,2024-07-29,,
08091K,,CS,Bar Code,,081652080916,EACH,,2024-07-29,,
08091K,,CS,Bar Code,,100816520809,WH 2023_04_14,,2024-07-29,,
08091K,,CS,Bar Code,,10081652080913,CASE,,2024-07-29,,
08091K,,CS,Bar Code,,4545732080914,RETAIL 2023_04_14,,2024-07-29,,
08092K,,CS,Bar Code,,081652080923,EACH,,2024-07-29,,
08092K,,CS,Bar Code,,10081652080920,WH 2023_05_09,,2024-07-29,,
08092K,,CS,Bar Code,,4545732080921,RETAIL 2023_05_09,,2024-07-29,,
08093K,,CS,Bar Code,,081652080930,EACH,,2024-07-29,,
08093K,,CS,Bar Code,,10081652080937,WH 2023_05_09,,2024-07-29,,
08093K,,CS,Bar Code,,4545732080938,RETAIL 2023_05_09,,2024-07-29,,
08094K,,CS,Bar Code,,081652080947,EACH,,2024-07-29,,
08094K,,CS,Bar Code,,10081652080944,WH 2023_05_09,,2024-07-29,,
08094K,,CS,Bar Code,,4545732080945,RETAIL 2023_05_09,,2024-07-29,,
08095T,,CS,Bar Code,,052066002078,RETAIL 2023_04_04,,2024-07-29,,
08095T,,CS,Bar Code,,052066002092,WH 2023_04_04,,2024-07-29,,
08095T,,CS,Bar Code,,052066004331,WH 2023_04_04,,2024-07-29,,
08096T,,CS,Bar Code,,052066001392,RETAIL 2023_04_04,,2024-07-29,,
08096T,,CS,Bar Code,,052066001415,WH 2023_04_04,,2024-07-29,,
08096T,,CS,Bar Code,,052066002030,WH 2023_04_04,,2024-07-29,,
08097T,,CS,Bar Code,,052066002061,RETAIL 2023_04_04,,2024-07-29,,
08097T,,CS,Bar Code,,052066002085,WH 2023_04_04,,2024-07-29,,
08097T,,CS,Bar Code,,052066004324,WH 2023_04_04,,2024-07-29,,
08098T,,CS,Bar Code,,052066001378,RETAIL 2023_04_04,,2024-07-29,,
08098T,,CS,Bar Code,,052066001408,WH 2023_04_04,,2024-07-29,,
08098T,,CS,Bar Code,,052066002047,WH 2023_04_04,,2024-07-29,,
08100K,,CS,Bar Code,,081652081005,EACH,,2024-07-29,,
08100K,,CS,Bar Code,,10081652081002,WH 2023_05_09,,2024-07-29,,
08100K,,CS,Bar Code,,4545732081003,RETAIL 2023_05_09,,2024-07-29,,
08101K,,CS,Bar Code,,081652081012,RETAIL 2023_04_14,,2024-07-29,,
08101K,,CS,Bar Code,,10081652081019,CASE,,2024-07-29,,
08101K,,CS,Bar Code,,4545732081010,BOX,,2024-07-29,,
08106K,,CS,Bar Code,,081652081067,RETAIL 2023_04_14,,2024-07-29,,
08106K,,CS,Bar Code,,10081652081064,CASE,,2024-07-29,,
08106K,,CS,Bar Code,,4545732081065,WH 2023_04_14,,2024-07-29,,
08107K,,CS,Bar Code,,081652081074,EACH,,2024-07-29,,
08107K,,CS,Bar Code,,10081652081071,CASE,,2024-07-29,,
08107K,,CS,Bar Code,,4545732081072,WH 2023_05_09,,2024-07-29,,
08108K,,CS,Bar Code,,081652081081,RETAIL 2023_04_14,,2024-07-29,,
08108K,,CS,Bar Code,,10081652081088,CASE,,2024-07-29,,
08108K,,CS,Bar Code,,4545732081089,WH 2023_04_14,,2024-07-29,,
08109K,,CS,Bar Code,,081652081098,RETAIL 2023_04_10,,2024-07-29,2025-03-14,
08109K,,CS,Bar Code,,10081652081095,WH 2023_04_10,,2024-07-29,2025-03-14,
08110K,,CS,Bar Code,,081652081104,RETAIL 2023_04_10,,2024-07-29,,
08110K,,CS,Bar Code,,10081652081101,WH 2023_04_10,,2024-07-29,,
08111K,,CS,Bar Code,,081652081111,RETAIL 2023_04_10,,2024-07-29,,
08111K,,CS,Bar Code,,10081652081118,WH 2023_04_10,,2024-07-29,,
08112K,,CS,Bar Code,,081652081128,RETAIL 2023_04_10,,2024-07-29,,
08112K,,CS,Bar Code,,10081652081125,WH 2023_04_10,,2024-07-29,,
08113K,,CS,Bar Code,,081652081135,RETAIL 2023_04_04,,2024-07-29,,
08113K,,CS,Bar Code,,10081652081132,WH 2023_04_04,,2024-07-29,,
08114K,,CS,Bar Code,,081652081142,RETAIL 2023_04_04,,2024-07-29,,
08114K,,CS,Bar Code,,10081652081149,WH 2023_04_04,,2024-07-29,,
08115K,,CS,Bar Code,,081652081159,RETAIL 2023_04_14,,2024-07-29,,
08115K,,CS,Bar Code,,10081652081156,WH 2023_04_14,,2024-07-29,,
08117K,,CS,Bar Code,,081652081173,RETAIL 2023_04_04,,2024-07-29,,
08117K,,CS,Bar Code,,10081652081170,WH 2023_04_04,,2024-07-29,,
08118K,,CS,Bar Code,,081652081180,RETAIL 2023_04_10,,2024-07-29,,
08118K,,CS,Bar Code,,10081652081187,WH 2023_04_10,,2024-07-29,,
08119K,,CS,Bar Code,,081652081197,EACH,,2025-04-15,,
08119K,,CS,Bar Code,,10081652081194,CASE,,2025-04-15,,
08142J,,CS,Bar Code,,076186000035,EACH,,2024-07-29,,
08142J,,CS,Bar Code,,10076186000032,WH 2023_05_09,,2024-07-29,,
08142J,,CS,Bar Code,,176186100039,RETAIL 2023_05_09,,2024-07-29,,
08142J,,CS,Bar Code,,20076186000032,CASE,,2024-07-29,,
08143J,,CS,Bar Code,,076186000028,EACH,,2024-07-29,,
08143J,,CS,Bar Code,,10076186000025,CASE,,2024-07-29,,
08144J,,CS,Bar Code,,076186000059,EACH,,2024-07-29,,
08144J,,CS,Bar Code,,10076186000056,WH 2023_05_09,,2024-07-29,,
08144J,,CS,Bar Code,,176186100053,RETAIL 2023_05_09,,2024-07-29,,
08144J,,CS,Bar Code,,20076186000056,CASE,,2024-07-29,,
08145K,,CS,Bar Code,,18801045370115,CASE,,2024-07-29,2024-07-30,
08145K,,CS,Bar Code,,8801045370118,EACH,,2024-07-29,2024-07-30,
08147K,,CS,Bar Code,,00031146023981,WH 2023_05_09,,2024-07-29,,
08147K,,CS,Bar Code,,031146023981,CASE,,2024-07-29,,
08147K,,CS,Bar Code,,031146150601,RETAIL 2023_05_09,,2024-07-29,,
08148J,,CS,Bar Code,,076186000189,RETAIL 2023_05_09,,2024-07-29,,
08148J,,CS,Bar Code,,10076186000186,WH 2023_05_09,,2024-07-29,,
08148J,,CS,Bar Code,,7618600007,CASE,,2024-07-29,,
08150K,,CS,Bar Code,,081652081500,RETAIL 2023_04_04,,2024-07-29,,
08150K,,CS,Bar Code,,10081652081507,WH 2023_04_04,,2024-07-29,,
08153K,,CS,Bar Code,,081652081531,RETAIL 2023_04_04,,2024-07-29,,
08153K,,CS,Bar Code,,10081652081538,WH 2023_04_04,,2024-07-29,,
08155K,,CS,Bar Code,,18801073121338,WH 2023_05_09,,2024-07-29,,
08155K,,CS,Bar Code,,8801073110502,EACH,,2024-07-29,,
08155K,,CS,Bar Code,,8801073121331,CASE,,2024-07-29,,
08155K,,CS,Bar Code,,8801073140578,RETAIL 2023_05_09,,2024-07-29,,
08156K,,CS,Bar Code,,081652081562,RETAIL 2023_04_04,,2024-07-29,,
08156K,,CS,Bar Code,,10081652081569,WH 2023_04_04,,2024-07-29,,
08157K,,CS,Bar Code,,18801073210773,CASE,,2025-01-01,,
08157K,,CS,Bar Code,,8801073210776,EACH,,2024-07-29,,
08157K,,CS,Bar Code,,8801073250222,CASE,,2024-07-29,,
08158K,,CS,Bar Code,,18801073220376,CASE,,2024-07-29,,
08158K,,CS,Bar Code,,8801073210363,RETAIL 2023_05_09,,2024-07-29,,
08158K,,CS,Bar Code,,8801073220379,WH 2023_05_09,,2024-07-29,,
08160K,,CS,Bar Code,,081652081609,EACH,,2025-04-15,,
08160K,,CS,Bar Code,,10081652081606,CASE,,2025-04-15,,
08163K,,CS,Bar Code,,081652081630,EACH,,2025-04-15,,
08163K,,CS,Bar Code,,10081652081637,CASE,,2025-04-15,,
08165K,,CS,Bar Code,,648436101047,RETAIL 2023_04_14,,2024-07-29,,
08165K,,CS,Bar Code,,648436120994,WH 2023_04_14,,2024-07-29,,
08166K,,CS,Bar Code,,081652081661,EACH,,2025-04-15,,
08166K,,CS,Bar Code,,10081652081668,CASE,,2025-04-15,,
08171K,,CS,Bar Code,,648436101061,RETAIL 2023_05_09,,2024-07-29,,
08171K,,CS,Bar Code,,648436121007,WH 2023_05_09,,2024-07-29,,
08173K,,CS,Bar Code,,031146034338,EACH,,2024-07-29,,
08173K,,CS,Bar Code,,031146034345,CASE,,2024-07-29,,
08178K,,CS,Bar Code,,00031146033508,WH 2023_05_09,,2024-07-29,,
08178K,,CS,Bar Code,,031146033492,RETAIL 2023_05_09,,2024-07-29,,
08178K,,CS,Bar Code,,031146033508,CASE,,2024-07-29,,
08179K,,CS,Bar Code,,8801073113268,CASE,,2024-07-29,,
08179K,,CS,Bar Code,,8801073113312,EACH,,2024-07-29,,
08179K,,CS,Bar Code,,8801073122901,CASE,,2024-07-29,,
08179K,,CS,Bar Code,,8801073141735,EACH,,2024-07-29,,
08179K,,CS,Bar Code,,8801073141780,EACH,,2024-07-29,,
08180K,,CS,Bar Code,,00031146063383,WH 2023_05_09,,2024-07-29,,
08180K,,CS,Bar Code,,031146022861,EACH,,2024-07-29,,
08180K,,CS,Bar Code,,031146063383,RETAIL 2023_05_09,,2024-07-29,,
08185K,,CS,Bar Code,,648436100736,RETAIL 2023_04_14,,2024-07-29,,
08185K,,CS,Bar Code,,648436120710,WH 2023_04_14,,2024-07-29,,
08189K,,CS,Bar Code,,031146013531,EACH,,2024-07-29,2024-07-30,
08189K,,CS,Bar Code,,031146013647,CASE,,2024-07-29,2024-07-30,
08193K,,CS,Bar Code,,00031146014460,WH 2023_05_09,,2024-07-29,,
08193K,,CS,Bar Code,,031146014408,RETAIL 2023_05_09,,2024-07-29,,
08198K,,CS,Bar Code,,00031146065868,WH 2023_05_09,,2024-07-29,2024-07-30,
08198K,,CS,Bar Code,,031146023172,RETAIL 2023_05_09,,2024-07-29,2024-07-30,
08198K,,CS,Bar Code,,031146023189,CASE,,2024-07-29,2024-07-30,
08200K,,CS,Bar Code,,00031146035373,WH 2023_04_14,,2024-07-29,2024-07-30,
08200K,,CS,Bar Code,,031146023073,RETAIL 2023_04_14,,2024-07-29,2024-07-30,
08200K,,CS,Bar Code,,031146023080,CASE,,2024-07-29,2024-07-30,
08203K,,CS,Bar Code,,031146158119,RETAIL 2023_04_14,,2024-07-29,2024-07-30,
08203K,,CS,Bar Code,,031146953493,WH 2023_04_14,,2024-07-29,2024-07-30,
08206K,,CS,Bar Code,,031146035779,EACH,,2024-07-29,,
08206K,,CS,Bar Code,,031146035786,CASE,,2024-07-29,,
08207K,,CS,Bar Code,,00031146022984,WH 2023_05_09,,2024-07-29,2024-07-30,
08207K,,CS,Bar Code,,00031146024001,WH 2023_04_14,,2024-07-29,2024-07-30,
08207K,,CS,Bar Code,,031146022984,CASE,,2024-07-29,2024-07-30,
08207K,,CS,Bar Code,,031146150304,RETAIL 2023_05_09,,2024-07-29,2024-07-30,
08210K,,CS,Bar Code,,031146151905,EACH,,2024-07-29,2024-07-30,
08210K,,CS,Bar Code,,031146953042,CASE,,2024-07-29,2024-07-30,
08211K,,CS,Bar Code,,00031146023998,WH 2023_04_14,,2024-07-29,2024-07-30,
08211K,,CS,Bar Code,,00031146065837,WH 2023_05_09,,2024-07-29,2024-07-30,
08211K,,CS,Bar Code,,031146022922,CASE,,2024-07-29,2024-07-30,
08211K,,CS,Bar Code,,031146022939,RETAIL 2023_05_09,,2024-07-29,2024-07-30,
08211K,,CS,Bar Code,,031146155736,RETAIL 2023_04_14,,2024-07-29,2024-07-30,
08212K,,CS,Bar Code,,031146262441,WH 2023_05_09,,2024-07-29,,
08212K,,CS,Bar Code,,031146852642,WH 2023_05_09,,2024-07-29,,
08213K,,CS,Bar Code,,00031146852086,WH 2023_05_09,,2024-07-29,,
08213K,,CS,Bar Code,,031146250103,RETAIL 2023_05_09,,2024-07-29,,
08213K,,CS,Bar Code,,031146852086,CASE,,2024-07-29,,
08215K,,CS,Bar Code,,031146007813,WH 2023_05_09,,2024-07-29,2024-07-30,
08215K,,CS,Bar Code,,031146254316,RETAIL 2023_05_09,,2024-07-29,2024-07-30,
08215K,,CS,Bar Code,,031146851324,CASE,,2024-07-29,2024-07-30,
08217K,,CS,Bar Code,,00031146853427,WH 2023_04_14,,2024-07-29,2024-07-30,
08217K,,CS,Bar Code,,031146254903,RETAIL 2023_04_14,,2024-07-29,2024-07-30,
08217K,,CS,Bar Code,,031146853427,WH 2023_04_14,,2024-07-29,2024-07-30,
08219K,,CS,Bar Code,,031146022854,CASE,,2024-07-29,2024-07-30,
08219K,,CS,Bar Code,,031146150601,EACH,,2024-07-29,2024-07-30,
08220K,,CS,Bar Code,,00031146852406,WH 2023_05_09,,2024-07-29,,
08220K,,CS,Bar Code,,031146270606,RETAIL 2023_05_09,,2024-07-29,,
08220K,,CS,Bar Code,,031146852406,CASE,,2024-07-29,,
08221K,,CS,Bar Code,,031146156917,RETAIL 2023_04_14,,2024-07-29,2024-07-30,
08221K,,CS,Bar Code,,031146850785,WH 2023_04_14,,2024-07-29,2024-07-30,
08223K,,CS,Bar Code,,031146157334,RETAIL 2023_04_14,,2024-07-29,2024-07-30,
08223K,,CS,Bar Code,,031146952434,WH 2023_04_14,,2024-07-29,2024-07-30,
08224K,,CS,Bar Code,,00031146852062,WH 2023_05_10,,2024-07-29,,
08224K,,CS,Bar Code,,031146250301,RETAIL 2023_05_10,,2024-07-29,,
08224K,,CS,Bar Code,,031146852062,CASE,,2024-07-29,,
08225K,,CS,Bar Code,,031146017119,EACH,,2024-07-29,,
08225K,,CS,Bar Code,,031146017126,CASE,,2024-07-29,,
08226K,,CS,Bar Code,,031146263622,RETAIL 2023_05_09,,2024-07-29,,
08226K,,CS,Bar Code,,031146853700,WH 2023_05_09,,2024-07-29,,
08229K,,CS,Bar Code,,00031146022830,WH 2023_04_14,,2024-07-29,,
08229K,,CS,Bar Code,,031146022830,CASE,,2024-07-29,,
08229K,,CS,Bar Code,,031146022847,RETAIL 2023_04_14,,2024-07-29,,
08235K,,CS,Bar Code,,00031146035380,WH 2023_05_09,,2024-07-29,2024-07-30,
08235K,,CS,Bar Code,,031146022991,EACH,,2024-07-29,2024-07-30,
08235K,,CS,Bar Code,,031146023011,RETAIL 2023_05_09,,2024-07-29,2024-07-30,
08236K,,CS,Bar Code,,031146022939,EACH,,2024-07-29,2024-07-30,
08236K,,CS,Bar Code,,031146022946,CASE,,2024-07-29,2024-07-30,
08242K,,CS,Bar Code,,645175571469,RETAIL 2023_05_10,,2024-07-29,,
08242K,,CS,Bar Code,,645175920236,WH 2023_05_10,,2024-07-29,,
08248K,,CS,Bar Code,,645175570103,EACH,,2024-07-29,2024-07-30,
08248K,,CS,Bar Code,,645175920083,CASE,,2024-07-29,2024-07-30,
08252K,,CS,Vendor,11277,A18030279,,,,,
08252K,,CS,Vendor,11277,A18030306,,,,,
08252K,,CS,Bar Code,,00850028858950,RETAIL,,2025-01-29,,
08252K,,CS,Bar Code,,00850033465884,CASE,,2025-01-09,,
08252K,,CS,Bar Code,,18801045007066,CASE,,2024-09-18,,
08252K,,CS,Bar Code,,645175520122,RETAIL 2023_04_14,,2024-07-29,,
08252K,,CS,Bar Code,,645175920144,WH 2023_04_14,,2024-07-29,,
08252K,,CS,Bar Code,,850033465808,RETAIL,,2025-01-09,,
08253K,,CS,Vendor,11277,A18030278,,,,,
08253K,,CS,Vendor,11277,A18030305,,,,,
08253K,,CS,Bar Code,,00850028858929,RETAIL,,2025-01-29,,
08253K,,CS,Bar Code,,00850033465877,CASE,,2025-01-09,,
08253K,,CS,Bar Code,,645175520115,RETAIL 2023_04_14,,2024-07-29,,
08253K,,CS,Bar Code,,645175920137,WH 2023_04_14,,2024-07-29,,
08253K,,CS,Bar Code,,850028858905,EACH,,2024-07-29,,
08253K,,CS,Bar Code,,850033465792,RATAIL,,2025-01-09,,
08256K,,CS,Bar Code,,645175521075,RETAIL 2023_04_14,,2024-07-29,,
08256K,,CS,Bar Code,,645175920038,WH 2023_04_14,,2024-07-29,,
08257K,,CS,Bar Code,,645175521440,RETAIL 2023_04_14,,2024-07-29,,
08257K,,CS,Bar Code,,645175920267,WH 2023_04_14,,2024-07-29,,
08258K,,CS,Bar Code,,645175521556,RETAIL 2023_04_14,,2024-07-29,,
08258K,,CS,Bar Code,,645175920274,WH 2023_04_14,,2024-07-29,,
08277K,,CS,Vendor,10153,27191,,,,,
08277K,,CS,Bar Code,,18801047271905,CASE,,2024-07-29,2025-03-28,
08277K,,CS,Bar Code,,18801047271915,WH 2023_04_24,,2024-07-29,2025-03-28,
08277K,,CS,Bar Code,,8801047271918,RETAIL 2023_04_24,,2024-07-29,2025-03-28,
08278K,,CS,Bar Code,,18801047271908,CASE,,2024-07-29,2025-03-28,
08278K,,CS,Bar Code,,8801047271901,EACH,,2024-07-29,2025-03-28,
08279K,,CS,Vendor,11277,A18030280,,,,,
08279K,,CS,Vendor,11277,A18030307,,,,,
08279K,,CS,Bar Code,,00850028858295,CASE,,2025-01-29,,
08279K,,CS,Bar Code,,00850033465891,CASE,,2025-01-09,,
08279K,,CS,Bar Code,,645175520160,RETAIL 2023_04_14,,2024-07-29,,
08279K,,CS,Bar Code,,645175920281,WH 2023_04_14,,2024-07-29,,
08279K,,CS,Bar Code,,850033465815,RETAIL,,2025-01-09,,
08280K,,CS,Vendor,11277,A18030281,,,,,
08280K,,CS,Vendor,11277,A18030308,,,,,
08280K,,CS,Bar Code,,00850028858318,CASE,,2025-01-29,,
08280K,,CS,Bar Code,,00850033465907,CASE,,2025-01-09,,
08280K,,CS,Bar Code,,645175520139,RETAIL 2023_04_14,,2024-07-29,,
08280K,,CS,Bar Code,,645175920298,WH 2023_04_14,,2024-07-29,,
08280K,,CS,Bar Code,,850033465822,RETAIL,,2025-01-09,,
08280K,,CS,Bar Code,,850063502047,CASE,,2024-09-18,,
08285K,,CS,Bar Code,,00648436120895,CASE,,2025-04-15,,
08285K,,CS,Bar Code,,648436100941,EACH,,2025-04-15,,
08286K,,CS,Bar Code,,00031146027040,WH 2023_05_09,,2024-07-29,,
08286K,,CS,Bar Code,,031146027033,RETAIL 2023_05_09,,2024-07-29,,
08286K,,CS,Bar Code,,031146027040,CASE,,2024-07-29,,
08288K,,CS,Bar Code,,18801045521357,WH 2023_04_10,,2024-07-29,,
08288K,,CS,Bar Code,,8801045521329,RETAIL 2023_04_10,,2024-07-29,,
08290K,,CS,Bar Code,,00031146852307,WH 2023_05_10,,2024-07-29,,
08290K,,CS,Bar Code,,031146262571,RETAIL 2023_05_10,,2024-07-29,,
08290K,,CS,Bar Code,,031146852307,CASE,,2024-07-29,,
08291K,,CS,Bar Code,,00031146852833,,,2024-07-29,,
08291K,,CS,Bar Code,,031146262748,RETAIL 2023_04_14,,2024-07-29,,
08291K,,CS,Bar Code,,031146852833,WH 2023_04_14,,2024-07-29,,
08293K,,CS,Bar Code,,00031146007615,WH 2023_05_09,,2024-07-29,,
08293K,,CS,Bar Code,,031146007615,CASE,,2024-07-29,,
08293K,,CS,Bar Code,,031146007622,RETAIL 2023_05_09,,2024-07-29,,
08294K,,CS,Bar Code,,00031146007608,WH 2023_04_14,,2024-07-29,,
08294K,,CS,Bar Code,,031146007592,RETAIL 2023_04_14,,2024-07-29,,
08294K,,CS,Bar Code,,031146007608,CASE,,2024-07-29,,
08295K,,CS,Bar Code,,00031146853311,WH 2023_04_14,,2024-07-29,,
08295K,,CS,Bar Code,,031146263257,RETAIL 2023_04_14,,2024-07-29,,
08295K,,CS,Bar Code,,031146853311,CASE,,2024-07-29,,
08302J,,CS,Bar Code,,081652083023,RETAIL 2023_04_10,,2024-07-29,,
08302J,,CS,Bar Code,,10081652083020,WH 2023_04_10,,2024-07-29,,
08304K,,CS,Bar Code,,081652083047,RETAIL 2023_04_10,,2024-07-29,,
08304K,,CS,Bar Code,,10081652083044,WH 2023_04_10,,2024-07-29,,
08305J,,CS,Bar Code,,081652083054,RETAIL 2023_04_14,,2024-07-29,,
08305J,,CS,Bar Code,,10081652083051,WH 2023_04_14,,2024-07-29,,
08308K,,CS,Bar Code,,081652083085,RETAIL 2023_04_10,,2024-07-29,,
08308K,,CS,Bar Code,,10081652083082,WH 2023_04_10,,2024-07-29,,
08309K,,CS,Bar Code,,031146054305,EACH,,2024-07-29,2024-07-30,
08309K,,CS,Bar Code,,031146054312,CASE,,2024-07-29,2024-07-30,
08313J,,CS,Bar Code,,081652083139,RETAIL 2023_04_10,,2024-07-29,,
08313J,,CS,Bar Code,,10081652083136,WH 2023_04_10,,2024-07-29,,
08324K,,CS,Vendor,11277,A18230142,,,,,
08324K,,CS,Vendor,11277,A18230151,,,,,
08324K,,CS,Bar Code,,00850028858998,RETAIL,,2025-01-29,,
08324K,,CS,Bar Code,,00850033465945,CASE,,2025-01-09,,
08324K,,CS,Bar Code,,18801045819850,CASE,,2024-09-18,,
08324K,,CS,Bar Code,,645175570288,RETAIL 2023_04_14,,2024-07-29,,
08324K,,CS,Bar Code,,645175920090,CASE,,2024-07-29,,
08324K,,CS,Bar Code,,850033465860,RETAIL,,2025-01-09,,
08325K,,CS,Vendor,11277,A18230141,,,,,
08325K,,CS,Vendor,11277,A18230150,,,,,
08325K,,CS,Bar Code,,00850028858974,RETAIL,,2025-01-29,,
08325K,,CS,Bar Code,,00850033465938,CASE,,2025-01-09,,
08325K,,CS,Bar Code,,18801045898886,CASE,,2024-09-18,,
08325K,,CS,Bar Code,,645175570103,EACH,,2024-07-29,,
08325K,,CS,Bar Code,,645175920083,CASE,,2024-07-29,,
08325K,,CS,Bar Code,,850033465853,RETAIL,,2025-01-09,,
08341K,,CS,Bar Code,,031146058679,RETAIL 2023_05_09,,2024-07-29,,
08341K,,CS,Bar Code,,031146058686,WH 2023_05_09,,2024-07-29,,
08343K,,CS,Bar Code,,18801045921997,WH 2023_04_14,,2024-07-29,,
08343K,,CS,Bar Code,,8801045921990,RETAIL 2023_04_14,,2024-07-29,,
08344K,,CS,Bar Code,,031146013531,EACH,,2024-07-29,,
08344K,,CS,Bar Code,,031146065707,CASE,,2024-07-29,,
08345K,,CS,Bar Code,,031146022991,EACH,,2024-07-29,,
08345K,,CS,Bar Code,,031146035380,CASE,,2024-07-29,,
08346K,,CS,Bar Code,,031146023073,EACH,,2024-07-29,,
08346K,,CS,Bar Code,,031146035373,CASE,,2024-07-29,,
08347K,,CS,Bar Code,,031146023172,EACH,,2024-07-29,,
08347K,,CS,Bar Code,,031146065868,CASE,,2024-07-29,,
08348K,,CS,Bar Code,,031146022939,EACH,,2024-07-29,,
08348K,,CS,Bar Code,,031146065837,CASE,,2024-07-29,,
08355K,,CS,Vendor,11277,A18030329,,,,,
08355K,,CS,Bar Code,,00850069667252,CASE,,2025-06-01,,
08355K,,CS,Bar Code,,18801045826988,WH 2023_04_14,,2024-07-29,,
08355K,,CS,Bar Code,,850069667245,RETAIL,,2025-06-01,,
08355K,,CS,Bar Code,,8801045826981,RETAIL 2023_04_14,,2024-07-29,,
08358K,,CS,Vendor,10386,101004257,,,,,
08358K,,CS,Bar Code,,031146055012,RETAIL,,2024-07-29,,
08358K,,CS,Bar Code,,031146065103,CASE,,2024-07-29,,
08366K,,CS,Bar Code,,031146024001,CASE,,2024-07-29,,
08366K,,CS,Bar Code,,031146150304,EACH,,2024-07-29,,
08367K,,CS,Bar Code,,031146023998,CASE,,2024-07-29,,
08367K,,CS,Bar Code,,031146155736,EACH,,2024-07-29,,
08378K,,CS,Bar Code,,18801045522569,WH 2023_04_14,,2024-07-29,,
08378K,,CS,Bar Code,,8801045522562,RETAIL 2023_04_14,,2024-07-29,,
08379K,,CS,Bar Code,,645175525196,RETAIL 2023_04_10,,2024-07-29,,
08379K,,CS,Bar Code,,645175920991,WH 2023_04_10,,2024-07-29,,
08380K,,CS,Bar Code,,645175520757,RETAIL 2023_04_14,,2024-07-29,,
08380K,,CS,Bar Code,,645175920717,WH 2023_04_14,,2024-07-29,,
08381V,,CS,Bar Code,,081652083818,EACH,,2024-07-29,,
08381V,,CS,Bar Code,,10081652083815,CASE,,2024-07-29,,
08383K,,CS,Bar Code,,638370010864,CASE,,2024-07-29,,
08383K,,CS,Bar Code,,8801068405972,EACH,,2024-07-29,,
08384K,,CS,Bar Code,,638370010871,CASE,,2024-07-29,,
08384K,,CS,Bar Code,,8801068405965,EACH,,2024-07-29,,
08385K,,CS,Bar Code,,638370010888,CASE,,2024-07-29,,
08385K,,CS,Bar Code,,8801068405958,EACH,,2024-07-29,,
08386K,,CS,Vendor,10386,101001135,,,,,
08386K,,CS,Bar Code,,031146158218,RETAIL,,2025-05-01,2025-05-02,
08386K,,CS,Bar Code,,031146953592,CASE,,2025-05-01,2025-05-02,
08387K,,CS,Bar Code,,00031146063550,WH 2023_04_10,,2024-07-29,,
08387K,,CS,Bar Code,,031146063550,CASE,,2024-07-29,,
08387K,,CS,Bar Code,,031146063574,RETAIL 2023_04_10,,2024-07-29,,
08388K,,CS,Bar Code,,00031146063536,WH 2023_04_10,,2024-07-29,,
08388K,,CS,Bar Code,,031146063536,CASE,,2024-07-29,,
08388K,,CS,Bar Code,,031146063567,RETAIL 2023_04_10,,2024-07-29,,
08389K,,CS,Bar Code,,00031146058112,WH 2023_04_14,,2024-07-29,,
08389K,,CS,Bar Code,,031146058105,EACH,,2024-07-29,,
08389K,,CS,Bar Code,,031146058112,RETAIL 2023_04_14,,2024-07-29,,
08390K,,CS,Bar Code,,031146048441,EACH,,2024-07-29,2024-07-30,
08390K,,CS,Bar Code,,031146048458,CASE,,2024-07-29,2024-07-30,
08391K,,CS,Bar Code,,031146048403,EACH,,2024-07-29,2024-07-30,
08391K,,CS,Bar Code,,031146048410,CASE,,2024-07-29,2024-07-30,
08391K,,CS,Bar Code,CASE,031146048403,EACH,,2024-07-29,2024-07-30,
08391K,,CS,Bar Code,CASE,031146048410,CASE,,2024-07-29,2024-07-30,
08396K,,CS,Bar Code,,031146013524,EACH,,2024-07-29,,
08396K,,CS,Bar Code,,031146029174,CASE,,2024-07-29,,
08397K,,CS,Vendor,10386,101006220,,,,,
08397K,,CS,Bar Code,,031146006793,CASE,,2024-08-23,,
08397K,,CS,Bar Code,,031146006854,RETAIL,,2024-08-23,,
08398K,,CS,Vendor,10386,101005306,,,,,
08398K,,CS,Bar Code,,031146064670,RETAIL,,2024-08-23,,
08398K,,CS,Bar Code,,031146064687,CASE,,2024-08-23,,
08399K,,CS,Vendor,10386,101006219,,,,,
08399K,,CS,Bar Code,,031146011964,RETAIL,,2024-08-23,,
08399K,,CS,Bar Code,,031146012008,CASE,,2024-08-23,,
08400K,,CS,Vendor,10386,101070039,,,,,
08400K,,CS,Bar Code,,031146022649,CASE,,2024-12-13,,
08400K,,CS,Bar Code,,031146022687,RETAIL,,2024-12-13,,
08401K,,CS,Bar Code,,031146012909,EACH,,2025-04-15,,
08401K,,CS,Bar Code,,031146013609,CASE,,2025-04-15,,
08402K,,CS,Bar Code,,031146009268,EACH,,2025-04-15,,
08402K,,CS,Bar Code,,031146009275,CASE,,2025-04-15,,
08403K,,CS,Bar Code,,031146014217,CASE,,2025-04-15,,
08403K,,CS,Bar Code,,031146070930,EACH,,2025-04-15,,
08404K,,CS,Bar Code,,031146008513,CASE,,2025-04-15,,
08404K,,CS,Bar Code,,031146070916,EACH,,2025-04-15,,
08405K,,CS,Vendor,10386,101006821,,,,,
08405K,,CS,Bar Code,,031146032976,RETAIL,,2025-05-01,2025-05-02,
08405K,,CS,Bar Code,,031146032983,,,2025-05-01,2025-05-02,
08406K,,CS,Vendor,10386,101001145,,,,,
08406K,,CS,Bar Code,,031146158225,RETAIL,,2025-05-01,2025-05-02,
08406K,,CS,Bar Code,,031146953608,,,2025-05-01,2025-05-02,
08407K,,,Vendor,11277,18030341,,,,,
08407K,,CS,Bar Code,,00850069667016,,,2025-06-01,2025-06-02,
08407K,,CS,Bar Code,,850069667009,RETAIL,,2025-06-01,2025-06-02,
08408K,,,Vendor,11277,18030343,,,,,
08408K,,CS,Bar Code,,00850069667030,,,2025-06-01,2025-06-02,
08408K,,CS,Bar Code,,850069667023,RETAIL,,2025-06-01,2025-06-02,
08409K,,,Vendor,11277,18030345,,,,,
08409K,,CS,Bar Code,,00850069667054,,,2025-06-01,2025-06-02,
08409K,,CS,Bar Code,,850069667047,RETAIL,,2025-06-01,2025-06-02,
08410K,,,Vendor,11277,18030347,,,,,
08410K,,CS,Bar Code,,00850069667078,,,2025-06-01,2025-06-02,
08410K,,CS,Bar Code,,850069667061,RETAIL,,2025-06-01,2025-06-02,
08440K,,CS,Vendor,11110,311110,,,,,
08440K,,CS,Bar Code,,192699001403,RETAIL,,2025-06-08,2025-06-08,
08440K,,CS,Bar Code,,192699001427,,,2025-06-08,2025-06-08,
08441K,,CS,Vendor,11110,309419,,,,,
08441K,,CS,Bar Code,,192699000819,RETAIL,,2025-06-28,2025-06-28,
08441K,,CS,Bar Code,,8801073250871,,,2025-06-28,2025-06-28,
08442K,,CS,Vendor,11110,309418,,,,,
08442K,,CS,Bar Code,,192699000796,RETAIL,,2025-06-08,2025-06-08,
08442K,,CS,Bar Code,,'8801073250864,,,2025-06-08,2025-06-08,
08443K,,CS,Vendor,11110,307782,,,,,
08443K,,CS,Bar Code,,18801073250564,,,2025-03-01,2025-03-31,
08443K,,CS,Bar Code,,8801073210363,,,2025-03-01,2025-03-31,
08443K,,CS,Bar Code,,8801073250567,,,2025-03-01,2025-03-31,
08444K,,CS,Vendor,11110,307783,,,,,
08444K,,CS,Bar Code,,18801073250571,,,2025-03-01,2025-03-31,
08444K,,CS,Bar Code,,8801073211506,,,2025-03-01,2025-03-31,
08444K,,CS,Bar Code,,8801073250574,,,2025-03-01,2025-03-31,
08445K,,CS,Vendor,11110,311005,,,,,
08445K,,CS,Bar Code,,18801073127866,CASE,,2025-02-01,2025-02-28,
08445K,,CS,Bar Code,,192699001441,RETAIL,,2025-02-01,2025-02-28,
08446K,,CS,Vendor,11110,311004,,,,,
08446K,,CS,Bar Code,,18801073127873,CASDE,,2025-02-01,2025-02-28,
08446K,,CS,Bar Code,,192699001465,RETAIL,,2025-02-01,2025-02-28,
08447K,,CS,Vendor,11110,311003,,,,,
08447K,,CS,Bar Code,,18801073127880,CASE,,2025-02-01,2025-02-28,
08447K,,CS,Bar Code,,192699001489,RETAIL,,2025-02-01,2025-02-28,
08448K,,CS,Vendor,11110,307651,,,,,
08448K,,CS,Bar Code,,10192699000366,CASE,,2024-10-07,,
08448K,,CS,Bar Code,,192699000369,RETAIL,,2024-10-07,,
08449K,,CS,Vendor,11110,504086,,,,,
08449K,,CS,Bar Code,,10192699000083,CASE,,2024-07-29,,
08449K,,CS,Bar Code,,192699000086,RETAIL,,2024-07-29,,
08450K,,CS,Bar Code,,10192699000250,CASE,,2024-07-29,2025-02-07,
08450K,,CS,Bar Code,,192699000253,EACH,,2024-07-29,2025-02-07,
08451K,,CS,Bar Code,,10192699000144,CASE,,2024-07-29,2025-02-07,
08451K,,CS,Bar Code,,192699000147,EACH,,2024-07-29,2025-02-07,
08452K,,CS,Bar Code,,10192699000076,CASE,,2024-07-29,,
08452K,,CS,Bar Code,,192699000079,EACH,,2024-07-29,,
08453K,,CS,Bar Code,,16484363100439,CASE,,2024-07-29,,
08453K,,CS,Bar Code,,648436310043,EACH,,2024-07-29,,
08453K,,CS,Bar Code,,648436310050,CASE,,2024-07-29,,
08454K,,CS,Bar Code,,648436310081,EACH,,2024-07-29,,
08454K,,CS,Bar Code,,648436310098,CASE,,2024-07-29,,
08455K,,CS,Bar Code,,8801073125773,CASE,,2024-07-29,,
08455K,,CS,Bar Code,,8801073143661,EACH,,2024-07-29,,
08456K,,CS,Bar Code,,8801073114678,EACH,,2024-07-29,2024-07-30,
08456K,,CS,Bar Code,,8801073124530,CASE,,2024-07-29,2024-07-30,
08456K,,CS,Bar Code,,8801073143067,EACH,,2024-07-29,2024-07-30,
08457K,,CS,Bar Code,,18801073124544,CASE,,2024-07-29,2025-04-25,
08457K,,CS,Bar Code,,8801073114685,EACH,,2024-07-29,2025-04-25,
08457K,,CS,Bar Code,,8801073143074,EACH,,2024-07-29,2025-04-25,
08459K,,CS,Bar Code,,8801073212343,RETAIL 2023_05_09,,2024-07-29,2024-10-24,
08459K,,CS,Bar Code,,8801073223059,WH 2023_05_09,,2024-07-29,2024-10-24,
08460K,,CS,Bar Code,,8801073114531,EACH,,2024-07-29,2024-11-22,
08460K,,CS,Bar Code,,8801073124424,CASE,,2024-07-29,2024-11-22,
08460K,,CS,Bar Code,,8801073125100,CASE,,2024-07-29,2024-11-22,
08460K,,CS,Bar Code,,8801073142961,EACH,,2024-07-29,2024-11-22,
08462K,,CS,Bar Code,,8801073122963,,,2024-07-29,2025-04-25,
08462K,,CS,Bar Code,,8801073141858,RETAIL,,2024-07-29,2025-04-25,
08464K,,CS,Vendor,11110,305324,,,,,
08464K,,CS,Bar Code,,8801073122987,CASE,,2024-10-07,2024-10-24,
08464K,,CS,Bar Code,,8801073141872,RETAIL,,2024-10-07,2024-10-24,
08465K,,CS,Bar Code,,8801073113428428,EACH,,2024-07-29,,
08465K,,CS,Bar Code,,8801073123007,CASE,,2024-07-29,,
08465K,,CS,Bar Code,,8801073141896,EACH,,2024-07-29,,
08468K,,CS,Bar Code,,18801073191959,CASE,,2024-07-29,2025-04-25,
08468K,,CS,Bar Code,,8801073112278,EACH,,2024-07-29,2025-04-25,
08468K,,CS,Bar Code,,8801073191952,CASE,,2024-07-29,2025-04-25,
08476K,,CS,Bar Code,,8801073211063,RETAIL 2023_05_09,,2024-07-29,2025-04-25,
08476K,,CS,Bar Code,,8801073221796,WH 2023_05_09,,2024-07-29,2025-04-25,
08478K,,CS,Bar Code,,18801073250328,CASE,,2025-01-01,,
08478K,,CS,Bar Code,,8801073211223,RETAIL 2023_05_09,,2024-07-29,,
08478K,,CS,Bar Code,,8801073250321,WH 2023_05_09,,2024-07-29,,
08479K,,CS,Bar Code,,18801073123622,WH 2023_05_10,,2024-07-29,,
08479K,,CS,Bar Code,,8801073113893,EACH,,2024-07-29,,
08479K,,CS,Bar Code,,8801073123625,WH 2023_05_10,,2024-07-29,,
08479K,,CS,Bar Code,,8801073142312,RETAIL 2023_05_10,,2024-07-29,,
08480K,,CS,Bar Code,,8801073211506,EACH,,2024-07-29,,
08480K,,CS,Bar Code,,8801073222250,CASE,,2024-07-29,,
08481K,,CS,Bar Code,,88010731248754875,CASE,,2024-07-29,,
08481K,,CS,Bar Code,,8801073143203,EACH,,2024-07-29,,
08482K,,CS,Bar Code,,8801073125384,CASE,,2024-07-29,,
08482K,,CS,Bar Code,,8801073143463,EACH,,2024-07-29,,
08483K,,CS,Vendor,11110,306063,,,,,
08483K,,CS,Bar Code,,8801073125995,CASE,,2024-07-29,,
08483K,,CS,Bar Code,,8801073143777,EACH,,2024-07-29,,
08484K,,CS,Bar Code,,8801073211667,EACH,,2024-07-29,,
08484K,,CS,Bar Code,,8801073250475,CASE,,2024-07-29,,
08485K,,CS,Bar Code,,8801073211254,RETAIL 2023_05_09,,2024-07-29,,
08485K,,CS,Bar Code,,8801073250482,WH 2023_05_09,,2024-07-29,,
08486K,,CS,Bar Code,,8801073212763,EACH,,2024-07-29,2025-04-25,
08486K,,CS,Bar Code,,8801073223554,CASE,,2024-07-29,2025-04-25,
08487K,,CS,Vendor,11110,305354,,,,,
08487K,,CS,Bar Code,,8801073211216,RETAIL,,2024-10-25,2025-04-25,
08487K,,CS,Bar Code,,8801073221970,CASE,,2024-10-25,2025-04-25,
08488K,,CS,Vendor,11110,305356,,,,,
08488K,,CS,Bar Code,,8801073211056,RETAIL,,2024-10-25,2025-04-25,
08488K,,CS,Bar Code,,8801073221765,CASE,,2024-10-25,2025-04-25,
08491K,,CS,Bar Code,,8801073123502,CASE,,2024-07-29,2024-07-30,
08491K,,CS,Bar Code,,8801073142220,EACH,,2024-07-29,2024-07-30,
08492K,,CS,Bar Code,,8801073113947,EACH,,2024-07-29,2025-05-23,
08492K,,CS,Bar Code,,8801073123687,CASE,,2024-07-29,2025-05-23,
08492K,,CS,Bar Code,,8801073142367,EACH,,2024-07-29,2025-05-23,
08496K,,CS,Vendor,11110,311110,,,,,
08496K,,CS,Bar Code,,10192699001349,CASE,,2025-03-01,2025-03-31,
08496K,,CS,Bar Code,,192699001342,RETAIL,,2025-03-01,2025-03-31,
08497K,,CS,Vendor,11110,310990,,,,,
08497K,,CS,Bar Code,,10192699001400,CASE,,2025-03-01,2025-03-31,
08497K,,CS,Bar Code,,192699001403,RETAIL,,2025-03-01,2025-03-31,
08499K,,CS,Bar Code,,18801073321004,CASE,,2024-07-29,,
08499K,,CS,Bar Code,,8801073910270,RETAIL 2023_05_09,,2024-07-29,,
08499K,,CS,Bar Code,,8801073920286,WH 2023_05_09,,2024-07-29,,
08500K,,CS,Bar Code,,8801073910287,RETAIL 2023_05_09,,2024-07-29,,
08500K,,CS,Bar Code,,8801073920293,WH 2023_05_09,,2024-07-29,,
08501P,,CS,Bar Code,,14800124805672,CASE,,2024-11-01,,
08501P,,CS,Bar Code,,4800124902954,EACH,,2024-07-29,,
08502P,,CS,Bar Code,,14800124801704,WH 2023_04_04,,2024-07-29,,
08502P,,CS,Bar Code,,4800124901858,RETAIL 2023_04_04,,2024-07-29,,
08505P,,CS,Bar Code,,14800124803647,WH 2023_04_04,,2024-07-29,,
08505P,,CS,Bar Code,,4800124902909,RETAIL 2023_04_04,,2024-07-29,,
08506P,,CS,Bar Code,,14800124800707,CASE,,2024-11-01,,
08506P,,CS,Bar Code,,4800124901803,EACH,,2024-07-29,,
08508K,,CS,Bar Code,,8801073114333,EACH,,2024-07-29,2025-04-25,
08508K,,CS,Bar Code,,8801073124165,CASE,,2024-07-29,2025-04-25,
08508K,,CS,Bar Code,,8801073142725,EACH,,2024-07-29,2025-04-25,
08509K,,CS,Bar Code,,8801073211643,RETAIL 2023_05_09,,2024-07-29,2025-04-25,
08509K,,CS,Bar Code,,8801073222359,WH 2023_05_09,,2024-07-29,2025-04-25,
08522K,,CS,Bar Code,,18801047416873,WH 2023_05_09,,2024-07-29,,
08522K,,CS,Bar Code,,8801047416876,RETAIL 2023_05_09,,2024-07-29,,
08525K,,CS,Bar Code,,18801047416668,WH 2023_04_14,,2024-07-29,,
08525K,,CS,Bar Code,,8801047416661,RETAIL 2023_04_14,,2024-07-29,,
08526K,,CS,Bar Code,,18801047416675,WH 2023_04_14,,2024-07-29,,
08526K,,CS,Bar Code,,8801047416678,RETAIL 2023_04_14,,2024-07-29,,
08527K,,CS,Bar Code,,18801047416682,WH 2023_05_09,,2024-07-29,,
08527K,,CS,Bar Code,,8801047416685,RETAIL 2023_05_09,,2024-07-29,,
08528K,,CS,Bar Code,,18801047416880,WH 2023_05_09,,2024-07-29,,
08528K,,CS,Bar Code,,8801047416883,RETAIL 2023_05_09,,2024-07-29,,
08529K,,CS,Bar Code,,18801047416897,CASE,,2024-07-29,,
08529K,,CS,Bar Code,,8801047416890,EACH,,2024-07-29,,
08530V,,CS,Bar Code,,081652085300,RETAIL 2023_05_09,,2024-07-29,,
08530V,,CS,Bar Code,,10081652085307,WH 2023_05_09,,2024-07-29,,
08531V,,CS,Bar Code,,081652085317,RETAIL 2023_05_09,,2024-07-29,,
08531V,,CS,Bar Code,,10081652085314,WH 2023_05_09,,2024-07-29,,
08532V,,CS,Bar Code,,081652085324,RETAIL 2023_05_09,,2024-07-29,,
08532V,,CS,Bar Code,,10081652085321,WH 2023_05_09,,2024-07-29,,
08533V,,CS,Bar Code,,081652085331,RETAIL 2023_05_09,,2024-07-29,,
08533V,,CS,Bar Code,,10081652085338,WH 2023_05_09,,2024-07-29,,
08536K,,CS,Bar Code,,081652085362,EACH,,2025-04-15,,
08536K,,CS,Bar Code,,10081652085369,CASE,,2025-04-15,,
08541C,,CS,Bar Code,,081652085416,RETAIL 2023_05_09,,2024-07-29,,
08541C,,CS,Bar Code,,10001652085413,WH 2023_05_09,,2024-07-29,,
08541C,,CS,Bar Code,,10081652085413,WH 2023_04_14,,2024-07-29,,
08542C,,CS,Bar Code,,081652085423,EACH,,2025-04-15,,
08542C,,CS,Bar Code,,10081652054420,CASE,,2025-04-15,,
08543K,,CS,Bar Code,,18801047416958,WH 2023_05_09,,2024-07-29,,
08543K,,CS,Bar Code,,8801047416951,RETAIL 2023_05_09,,2024-07-29,,
08544K,,CS,Bar Code,,18801047416934,WH 2023_05_09,,2024-07-29,,
08544K,,CS,Bar Code,,8801047416937,RETAIL 2023_05_09,,2024-07-29,,
08545K,,CS,Bar Code,,18801047416477,WH 2023_04_14,,2024-07-29,,
08545K,,CS,Bar Code,,8801047416470,RETAIL 2023_04_14,,2024-07-29,,
08546K,,CS,Bar Code,,18801047416484,WH 2023_04_14,,2024-07-29,,
08546K,,CS,Bar Code,,8801047416487,RETAIL 2023_04_14,,2024-07-29,,
08547K,,CS,Bar Code,,18801047144073,CASE,,2024-07-29,2024-08-02,
08547K,,CS,Bar Code,,8801047144076,EACH,,2024-07-29,2024-08-02,
08548K,,CS,Bar Code,,18801047144158,CASE,,2024-07-29,2024-07-30,
08548K,,CS,Bar Code,,8801047144151,EACH,,2024-07-29,2024-07-30,
08549K,,CS,Bar Code,,18801047144165,CASE,,2024-07-29,2024-07-30,
08549K,,CS,Bar Code,,8801047144168,EACH,,2024-07-29,2024-07-30,
08550K,,CS,Bar Code,,18801047415913,CASE,,2024-07-29,,
08550K,,CS,Bar Code,,8801047415916,EACH,,2024-07-29,,
08551K,,CS,Bar Code,,18801047415920,CASE,,2024-07-29,,
08551K,,CS,Bar Code,,8801047415923,EACH,,2024-07-29,,
08552C,,CS,Bar Code,,081652085522,RETAIL 2023_04_10,,2024-07-29,,
08552C,,CS,Bar Code,,10081652085522,WH 2023_04_10,,2024-07-29,,
08553C,,CS,Bar Code,,081652085539,EACH,,2024-07-29,,
08553C,,CS,Bar Code,,10081652085539,CASE,,2024-07-29,,
08561K,,CS,Bar Code,,081652085614,RETAIL 2023_04_10,,2024-07-29,,
08561K,,CS,Bar Code,,10081652085611,WH 2023_04_10,,2024-07-29,,
08562K,,CS,Bar Code,,081652085621,RETAIL 2023_04_10,,2024-07-29,,
08562K,,CS,Bar Code,,10081652085628,WH 2023_04_10,,2024-07-29,,
08563K,,CS,Bar Code,,081652085638,RETAIL 2023_04_04,,2024-07-29,,
08563K,,CS,Bar Code,,1008165208563,CASE,,2024-07-29,,
08563K,,CS,Bar Code,,10081652085635,WH 2023_04_04,,2024-07-29,,
08564K,,CS,Bar Code,,081652085645,RETAIL 2023_04_10,,2024-07-29,,
08564K,,CS,Bar Code,,10081652085642,WH 2023_04_10,,2024-07-29,,
08565K,,CS,Bar Code,,081652085652,RETAIL 2023_04_10,,2024-07-29,,
08565K,,CS,Bar Code,,1008165208565,CASE,,2024-07-29,,
08565K,,CS,Bar Code,,10081652085659,WH 2023_04_10,,2024-07-29,,
08568T,,CS,Bar Code,,052066004386,RETAIL 2023_05_09,,2024-07-29,,
08568T,,CS,Bar Code,,052066004423,WH 2023_05_09,,2024-07-29,,
08568T,,CS,Bar Code,,8851876100705,CASE,,2024-07-29,,
08569T,,CS,Bar Code,,052066004447,RETAIL 2023_05_09,,2024-07-29,,
08569T,,CS,Bar Code,,052066004461,WH 2023_05_09,,2024-07-29,,
08577K,,CS,Bar Code,,081652085775,EACH,,2024-07-29,,
08577K,,CS,Bar Code,,10081652085772,WH 2023_05_09,,2024-07-29,,
08577K,,CS,Bar Code,,4545732085773,RETAIL 2023_05_09,,2024-07-29,,
08578K,,CS,Bar Code,,081652085782,EACH,,2024-07-29,,
08578K,,CS,Bar Code,,10081652085789,WH 2023_05_09,,2024-07-29,,
08578K,,CS,Bar Code,,4545732085780,RETAIL 2023_05_09,,2024-07-29,,
08579K,,CS,Bar Code,,081652085799,EACH,,2024-07-29,,
08579K,,CS,Bar Code,,10081652085796,WH 2023_05_09,,2024-07-29,,
08579K,,CS,Bar Code,,4545732085797,RETAIL 2023_05_09,,2024-07-29,,
08581T,,CS,Bar Code,,28850100004196,CASE,,2024-07-29,,
08581T,,CS,Bar Code,,8850100004888,EACH,,2024-07-29,,
08582T,,CS,Bar Code,,28850100003489,WH 2023_04_10,,2024-07-29,,
08582T,,CS,Bar Code,,8850100207029,RETAIL 2023_04_10,,2024-07-29,,
08583T,,CS,Bar Code,,084909017604,EACH,,2024-07-29,2024-07-30,
08584T,,CS,Bar Code,,081652085843,RETAIL 2023_04_10,,2024-07-29,,
08584T,,CS,Bar Code,,084909085849,EACH,,2024-07-29,,
08584T,,CS,Bar Code,,10081652085840,WH 2023_04_10,,2024-07-29,,
08585T,,CS,Bar Code,,081652085850,RETAIL 2023_04_10,,2024-07-29,,
08585T,,CS,Bar Code,,10081652085857,WH 2023_04_10,,2024-07-29,,
08586T,,CS,Bar Code,,081652085867,RETAIL 2023_04_10,,2024-07-29,,
08586T,,CS,Bar Code,,10081652085864,WH 2023_04_10,,2024-07-29,,
08587T,,CS,Bar Code,,081652085874,RETAIL,,2024-07-29,,
08587T,,CS,Bar Code,,10081652085871,WH 2023_04_10,,2024-07-29,,
08600T,,CS,Bar Code,,081652086000,RETAIL 2023_04_04,,2024-07-29,,
08600T,,CS,Bar Code,,10081652086007,WH 2023_04_04,,2024-07-29,,
08601K,,CS,Bar Code,,18801047626005,,,2024-07-29,,
08601K,,CS,Bar Code,,8801047626008,RETAIL,,2024-07-29,,
08602K,,CS,Bar Code,,18801047228605,,,2024-07-29,,
08602K,,CS,Bar Code,,8801047228608,RETAIL,,2024-07-29,,
08604V,,CS,Bar Code,,081652086048,RETAIL 2023_04_10,,2024-07-29,,
08604V,,CS,Bar Code,,10081652086045,WH 2023_04_10,,2024-07-29,,
08605V,,CS,Bar Code,,081652086055,RETAIL 2023_04_10,,2024-07-29,,
08605V,,CS,Bar Code,,10081652086052,WH 2023_04_10,,2024-07-29,,
08606V,,CS,Bar Code,,081652086062,RETAIL 2023_05_10,,2024-07-29,,
08606V,,CS,Bar Code,,10081652086069,WH 2023_05_10,,2024-07-29,,
08607V,,CS,Bar Code,,081652086079,RETAIL 2023_04_10,,2024-07-29,,
08607V,,CS,Bar Code,,10081652086076,WH 2023_04_10,,2024-07-29,,
08621K,,CS,Bar Code,,18801047169724,WH 2023_04_24,,2024-07-29,,
08621K,,CS,Bar Code,,8801047169727,RETAIL 2023_04_24,,2024-07-29,,
08622K,,CS,Bar Code,,18801047169441,CASE,,2024-07-29,2024-07-30,
08622K,,CS,Bar Code,,8801047169444,EACH,,2024-07-29,2024-07-30,
08623K,,CS,Bar Code,,18801047169410,CASE,,2024-07-29,2024-07-30,
08623K,,CS,Bar Code,,8801047169413,EACH,,2024-07-29,2024-07-30,
08624K,,CS,Bar Code,,18801047169595,CASE,,2024-07-29,,
08624K,,CS,Bar Code,,8801047169598,EACH,,2024-07-29,,
08625K,,CS,Bar Code,,18801047272059,CASE,,2024-07-29,2025-04-25,
08625K,,CS,Bar Code,,8801047272052,EACH,,2024-07-29,2025-04-25,
08626K,,CS,Bar Code,,18801047272066,CASE,,2024-07-29,2025-03-28,
08626K,,CS,Bar Code,,8801047272069,EACH,,2024-07-29,2025-03-28,
08627K,,CS,Bar Code,,18801047271762,CASE,,2024-07-29,2025-03-28,
08627K,,CS,Bar Code,,8801047271765,EACH,,2024-07-29,2025-03-28,
08628K,,CS,Bar Code,,18801047271816,CASE,,2024-07-29,2025-04-25,
08628K,,CS,Bar Code,,8801047271819,EACH,,2024-07-29,2025-04-25,
08629K,,CS,Bar Code,,18801047271861,CASE,,2024-07-29,2025-03-28,
08629K,,CS,Bar Code,,8801047271864,EACH,,2024-07-29,2025-03-28,
08630K,,CS,Bar Code,,031146063970,EACH,,2024-09-01,2024-09-30,
08630K,,CS,Bar Code,,031146063987,CASE,,2024-09-01,2024-09-30,
08631K,,CS,Bar Code,,031146064007,EACH,,2024-09-01,2024-09-30,
08631K,,CS,Bar Code,,031146064014,CASE,,2024-09-01,2024-09-30,
08632K,,CS,Bar Code,,031146064038,EACH,,2024-07-29,2024-07-30,
08632K,,CS,Bar Code,,031146064045,CASE,,2024-07-29,2024-07-30,
08633K,,CS,Bar Code,,031146063758,EACH,,2024-07-29,2024-07-30,
08633K,,CS,Bar Code,,031146063765,CASE,,2024-07-29,2024-07-30,
08634K,,CS,Bar Code,,18801047271786,CASE,,2024-07-29,2025-03-28,
08634K,,CS,Bar Code,,8801047271789,EACH,,2024-07-29,2025-03-28,
08635K,,CS,Bar Code,,18801047271793,CASE,,2024-07-29,2024-08-02,
08635K,,CS,Bar Code,,8801047271796,EACH,,2024-07-29,2024-08-02,
08636K,,CS,Vendor,10069,10049,,,,,
08636K,,CS,Bar Code,,16484361215197,CASE,,2024-07-29,,
08636K,,CS,Bar Code,,648436100552,RETAIL,,2024-07-29,,
08637K,,CS,Vendor,10069,10048,,,,,
08637K,,CS,Bar Code,,10648436121493,CASE,,2024-07-29,,
08637K,,CS,Bar Code,,648436100279,RETAIL,,2024-07-29,,
08637K,,CS,Bar Code,,648436121496,CASE,,2024-07-29,,
08638K,,CS,Vendor,10069,10168,,,,,
08638K,,CS,Bar Code,,10648436310224,,,2025-06-30,,
08638K,,CS,Bar Code,,648436100293,RETAIL,,2025-06-30,,
08639K,,CS,Bar Code,,031146009282,RETAIL,,2024-07-29,2025-03-21,
08639K,,CS,Bar Code,,031146009435,CASE,,2024-07-29,2025-03-21,
08642K,,CS,Vendor,10153,41557,,,,,
08642K,,CS,Bar Code,,18801047416576,CASE,,2024-07-29,2025-08-01,
08642K,,CS,Bar Code,,8801047416579,RETAIL,,2024-07-29,2025-08-01,
08643K,,CS,Vendor,10153,62655,,,,,
08643K,,CS,Bar Code,,883298626554,RETAIL,,2024-07-29,,
08643K,,CS,Bar Code,,883298626561,CASE,,2024-07-29,,
08644K,,CS,Vendor,10069,10223,,,,,
08644K,,CS,Bar Code,,8809695252860,CASE,,2024-08-23,2025-03-21,
08644K,,CS,Bar Code,,8809695252877,RETAIL,,2024-08-23,2025-03-21,
08645K,,CS,Vendor,10069,10224,,,,,
08645K,,CS,Bar Code,,10648436310521,CASE,,2024-11-01,2025-05-23,
08645K,,CS,Bar Code,,648436310517,RETAIL,,2024-11-01,2025-05-23,
08646K,,CS,Vendor,11110,309787,,,,,
08646K,,CS,Bar Code,,10192699000946,CASE,,2025-05-16,,
08646K,,CS,Bar Code,,192699000772,RETAIL,,2025-05-16,,
08647K,,CS,Vendor,11110,309560,,,,,
08647K,,CS,Bar Code,,10192699000878,CASE,,2025-05-16,,
08647K,,CS,Bar Code,,192699000864,RETAIL,,2025-05-16,,
08648K,,CS,Vendor,10406,18030133,,,,,
08648K,,CS,Bar Code,,18801045260683,CASE,,2024-07-29,,
08648K,,CS,Bar Code,,8801045260686,EACH,,2024-07-29,,
08649K,,CS,Vendor,11277,A18130127,,,,,
08649K,,CS,Vendor,11277,A18130139,,,,,
08649K,,CS,Bar Code,,00850033465921,CASE,,2025-01-09,,
08649K,,CS,Bar Code,,18801045345717,CASE,,2024-09-18,,
08649K,,CS,Bar Code,,645175571636,RETAIL 2023_05_10,,2024-07-29,,
08649K,,CS,Bar Code,,850028858370,WH 2023_05_10,,2024-07-29,,
08649K,,CS,Bar Code,,850033465846,RETAIL,,2025-01-09,,
08650K,,CS,Vendor,11277,A18130126,,,,,
08650K,,CS,Vendor,11277,A18130138,,,,,
08650K,,CS,Bar Code,,00850033465914,CASE,,2025-01-09,,
08650K,,CS,Bar Code,,18801045399895,CASE,,2024-09-18,,
08650K,,CS,Bar Code,,645175571643,EACH,,2024-07-29,,
08650K,,CS,Bar Code,,850028858387,CASE,,2024-07-29,,
08650K,,CS,Bar Code,,850033465839,RETAIL,,2025-01-09,,
08651K,,CS,Vendor,11110,310855,,,,,
08651K,,CS,Bar Code,,10192699001165,CASE,,2025-05-09,,
08651K,,CS,Bar Code,,192699001168,RETAIL,,2025-05-09,,
08652K,,CS,Vendor,11110,310861,,,,,
08652K,,CS,Bar Code,,10192699001172,CASE,,2025-05-09,,
08652K,,CS,Bar Code,,192699001175,RETAIL,,2025-05-09,,
08653K,,CS,Vendor,11110,310857,,,,,
08653K,,CS,Bar Code,,10192699001189,CASE,,2025-05-09,,
08653K,,CS,Bar Code,,192699001182,RETAIL,,2025-05-09,,
08654K,,CS,Vendor,11110,310859,,,,,
08654K,,CS,Bar Code,,10192699001196,CASE,,2025-05-09,,
08654K,,CS,Bar Code,,192699001199,RETAIL,,2025-05-09,,
08656K,,CS,Vendor,10069,10072,,,,,
08656K,,CS,Bar Code,,18936028641095,CASE,,2025-04-15,,
08656K,,CS,Bar Code,,648436101283,EACH,,2025-04-15,,
08656K,,CS,Bar Code,,648436121182,CASE,,2025-03-21,,
08657K,,CS,Vendor,10069,10166,,,,,
08657K,,CS,Bar Code,,10648436310194,CASE,,2025-03-21,,
08657K,,CS,Bar Code,,648436101641,RETAIL,,2025-03-21,,
08657K,,CS,Bar Code,,648436310197,CASE,,2025-03-21,,
08666K,,CS,Vendor,10153,41599,,,,,
08666K,,CS,Bar Code,,18801047415999,CASE,,2024-09-09,,
08666K,,CS,Bar Code,,8801047415992,RETAIL,,2024-09-09,,
08670K,,CS,Vendor,10069,10227,,,,,
08670K,,CS,Bar Code,,648436310692,RETAIL,,2025-03-21,,
08670K,,CS,Bar Code,,648436310708,CASE,,2025-03-21,,
08671K,,CS,Vendor,10069,10177,,,,,
08671K,,CS,Bar Code,,648436310715,RETAIL,,2025-03-21,,
08671K,,CS,Bar Code,,648436310722,CASE,,2025-03-21,,
08672K,,CS,Bar Code,,12000000203116,WH 2023_05_09,,2024-07-29,2024-07-30,
08672K,,CS,Bar Code,,2000000203119,RETAIL 2023_05_09,,2024-07-29,2024-07-30,
08673K,,CS,Bar Code,,12000000303014,CASE,,2024-07-29,2024-08-02,
08673K,,CS,Bar Code,,12000001368357,WH 2023_05_09,,2024-07-29,2024-08-02,
08673K,,CS,Bar Code,,2000000303017,EACH,,2024-07-29,2024-08-02,
08673K,,CS,Bar Code,,2000001368350,RETAIL 2023_05_09,,2024-07-29,2024-08-02,
08674K,,CS,Bar Code,,12000000232390,CASE,,2024-07-29,2024-08-02,
08674K,,CS,Bar Code,,12000001368340,WH 2023_05_09,,2024-07-29,2024-08-02,
08674K,,CS,Bar Code,,2000000232393,EACH,,2024-07-29,2024-08-02,
08674K,,CS,Bar Code,,2000001368343,RETAIL 2023_05_09,,2024-07-29,2024-08-02,
08675K,,CS,Vendor,11110,310856,,,,,
08675K,,CS,Bar Code,,10192699001080,CASE,,2025-07-25,,
08675K,,CS,Bar Code,,192699001045,RETAIL,,2025-07-25,,
08676K,,CS,Vendor,11110,310862,,,,,
08676K,,CS,Bar Code,,10192699001097,CASE,,2025-07-25,,
08676K,,CS,Bar Code,,192699001052,RETAIL,,2025-07-25,,
08677K,,CS,Vendor,11110,310858,,,,,
08677K,,CS,Bar Code,,10192699001103,CASE,,2025-07-25,,
08677K,,CS,Bar Code,,192699001069,RETAIL,,2025-07-25,,
08678K,,CS,Vendor,11110,310860,,,,,
08678K,,CS,Bar Code,,10192699001110,CASE,,2025-07-25,,
08678K,,CS,Bar Code,,192699001076,RETAIL,,2025-07-25,,
08681K,,CS,Bar Code,,18809189924737,WH 2023_04_14,,2024-07-29,2024-08-02,
08681K,,CS,Bar Code,,8809189924730,RETAIL 2023_04_14,,2024-07-29,2024-08-02,
08682K,,CS,Bar Code,,18809189924751,CASE,,2024-07-29,2024-08-02,
08682K,,CS,Bar Code,,8809189924754,EACH,,2024-07-29,2024-08-02,
08684K,,CS,Bar Code,,18809062651101,WH 2023_05_09,,2024-07-29,2024-08-02,
08684K,,CS,Bar Code,,8809062651104,RETAIL 2023_05_09,,2024-07-29,2024-08-02,
08685K,,CS,Bar Code,,18809189924775,CASE,,2024-07-29,2024-08-02,
08685K,,CS,Bar Code,,8809189924778,EACH,,2024-07-29,2024-08-02,
08686K,,CS,Vendor,10069,10169,,,,,
08686K,,CS,Bar Code,,648436100620,RETAIL,,2025-06-30,,
08686K,,CS,Bar Code,,648436310258,CASE,,2025-06-30,,
08687K,,CS,Vendor,10069,10170,,,,,
08687K,,CS,Bar Code,,648436100798,RETAIL,,2024-11-08,,
08687K,,CS,Bar Code,,648436310272,CASE,,2024-11-08,,
08688K,,CS,Vendor,11110,309203,,,,,
08688K,,CS,Bar Code,,10192699000892,CASE,,2025-01-24,,
08688K,,CS,Bar Code,,192699000895,RETAIL,,2025-01-24,,
08689K,,CS,Vendor,11110,309204,,,,,
08689K,,CS,Bar Code,,10192699000915,CASE,,2025-01-24,,
08689K,,CS,Bar Code,,192699000918,RETAIL,,2025-01-24,,
08690T,,CS,Bar Code,,8850643066947,EACH,,2024-07-29,2024-07-30,
08691T,,CS,Bar Code,,8850643067029,EACH,,2024-07-29,2024-07-30,
08692T,,CS,Bar Code,,8850643066961,EACH,,2024-07-29,2024-07-30,
08693T,,CS,Bar Code,,8850643069429,EACH,,2024-07-29,2024-07-30,
08694T,,CS,Bar Code,,8850643067845,EACH,,2024-07-29,2024-07-30,
08695K,,CS,Bar Code,,081652086956,EACH,,2024-07-29,,
08695K,,CS,Bar Code,,10081652086953,CASE,,2024-07-29,,
08696K,,CS,Bar Code,,081652086963,EACH,,2024-07-29,,
08696K,,CS,Bar Code,,10081652086960,WH 2023_05_22,,2024-07-29,,
08697K,,CS,Bar Code,,081652086970,EACH,,2024-07-29,,
08697K,,CS,Bar Code,,10081652086977,WH 2023_05_22,,2024-07-29,,
08698K,,CS,Bar Code,,081652086987,RETAIL 2023_04_10,,2024-07-29,,
08698K,,CS,Bar Code,,10081652086984,WH 2023_05_22,,2024-07-29,,
08698K,,CS,Bar Code,,4545732086985,WH 2023_04_10,,2024-07-29,,
08699K,,CS,Bar Code,,081652086994,EACH,,2024-07-29,,
08699K,,CS,Bar Code,,10081652086991,WH 2023_05_22,,2024-07-29,,
08700K,,CS,Bar Code,,648436100118,RETAIL 2023_05_09,,2024-07-29,,
08700K,,CS,Bar Code,,648436120116,WH 2023_05_09,,2024-07-29,,
08701K,,CS,Bar Code,,648436100026,EACH,,2025-04-15,,
08701K,,CS,Bar Code,,648436120024,CASE,,2025-04-15,,
08702K,,CS,Bar Code,,648436100088,RETAIL 2023_05_09,,2024-07-29,2025-01-10,
08702K,,CS,Bar Code,,648436120086,WH 2023_05_09,,2024-07-29,2025-01-10,
08704K,,CS,Bar Code,,648436100545,EACH,,2024-07-29,2025-08-01,
08704K,,CS,Bar Code,,648436120529,RETAIL 2023_05_09,,2024-07-29,2025-08-01,
08705K,,CS,Bar Code,,648436100606,RETAIL 2023_05_09,,2024-07-29,2025-06-20,
08705K,,CS,Bar Code,,648436120598,WH 2023_05_09,,2024-07-29,2025-06-20,
08706K,,CS,Bar Code,,10648436100030,WH 2023_05_09,,2024-07-29,,
08706K,,CS,Bar Code,,648436100033,RETAIL 2023_05_09,,2024-07-29,,
08706K,,CS,Bar Code,,648436120031,CASE,,2024-07-29,,
08707K,,CS,Bar Code,,648436100040,RETAIL 2023_05_09,,2024-07-29,,
08707K,,CS,Bar Code,,648436120048,WH 2023_05_09,,2024-07-29,,
08708K,,CS,Bar Code,,10648436100016,WH 2023_05_09,,2024-07-29,,
08708K,,CS,Bar Code,,648436100019,EACH,,2024-07-29,,
08708K,,CS,Bar Code,,648436120017,RETAIL 2023_05_09,,2024-07-29,,
08709K,,CS,Bar Code,,648436100651,EACH,,2024-07-29,2025-06-20,
08709K,,CS,Bar Code,,648436120659,CASE,,2024-07-29,2025-06-20,
08710K,,CS,Bar Code,,10648436100252,WH 2023_05_09,,2024-07-29,,
08710K,,CS,Bar Code,,648436100255,RETAIL 2023_05_09,,2024-07-29,,
08710K,,CS,Bar Code,,648436120253,CASE,,2024-07-29,,
08711K,,CS,Bar Code,,648436100064,RETAIL 2023_04_14,,2024-07-29,,
08711K,,CS,Bar Code,,648436120062,CASE,,2024-07-29,,
08711K,,CS,Bar Code,,648436121069,WH 2023_04_14,,2024-07-29,,
08712K,,CS,Bar Code,,648436100279,RETAIL 2023_05_09,,2024-07-29,2024-07-30,
08712K,,CS,Bar Code,,648436120260,WH 2023_05_09,,2024-07-29,2024-07-30,
08713K,,CS,Bar Code,,648436100798,EACH,,2024-07-29,2024-11-22,
08713K,,CS,Bar Code,,648436120789,CASE,,2024-07-29,2024-11-22,
08714K,,CS,Bar Code,,10648436100856,WH 2023_05_09,,2024-07-29,,
08714K,,CS,Bar Code,,648436100859,EACH,,2024-07-29,,
08714K,,CS,Bar Code,,648436120819,RETAIL 2023_05_09,,2024-07-29,,
08715K,,CS,Bar Code,,10648436100863,WH 2023_05_09,,2024-07-29,2024-07-30,
08715K,,CS,Bar Code,,648436100866,EACH,,2024-07-29,2024-07-30,
08715K,,CS,Bar Code,,648436120826,RETAIL 2023_05_09,,2024-07-29,2024-07-30,
08716K,,CS,Bar Code,,648436101160,RETAIL 2023_04_14,,2024-07-29,,
08716K,,CS,Bar Code,,648436120192,CASE,,2024-07-29,,
08716K,,CS,Bar Code,,648436121090,WH 2023_04_14,,2024-07-29,,
08717K,,CS,Bar Code,,18809296883118,CASE,,2024-07-29,,
08717K,,CS,Bar Code,,648436101146,EACH,,2024-07-29,,
08717K,,CS,Bar Code,,648436101344,RETAIL 2023_04_14,,2024-07-29,,
08717K,,CS,Bar Code,,648436121229,WH 2023_04_14,,2024-07-29,,
08720K,,CS,Bar Code,,648436122295,RETAIL 2023_05_09,,2024-07-29,2025-07-11,
08720K,,CS,Bar Code,,648436122301,WH 2023_05_09,,2024-07-29,2025-07-11,
08722K,,CS,Bar Code,,18801128503058,WH 2023_04_14,,2024-07-29,,
08722K,,CS,Bar Code,,648436140053,CASE,,2024-07-29,,
08722K,,CS,Bar Code,,8801128503051,RETAIL 2023_04_14,,2024-07-29,,
08724K,,CS,Bar Code,,10648436105141,WH 2023_04_14,,2024-07-29,,
08724K,,CS,Bar Code,,648436105144,RETAIL 2023_04_14,,2024-07-29,,
08724K,,CS,Bar Code,,648436140145,CASE,,2024-07-29,,
08727K,,CS,Bar Code,,8809695250408,EACH,,2024-07-29,2024-07-30,
08727K,,CS,Bar Code,,8809695250415,CASE,,2024-07-29,2024-07-30,
08729K,,CS,Bar Code,,18801045333677,WH 2023_04_14,,2024-07-29,,
08729K,,CS,Bar Code,,8801045333670,RETAIL 2023_04_14,,2024-07-29,,
08731K,,CS,Bar Code,,648436104178,EACH,,2024-07-29,2024-07-30,
08731K,,CS,Bar Code,,648436120505,CASE,,2024-07-29,2024-07-30,
08733K,,CS,Bar Code,,8801128504744,RETAIL 2023_05_09,,2024-07-29,,
08733K,,CS,Bar Code,,8801128541060,WH 2023_05_09,,2024-07-29,,
08734K,,CS,Bar Code,,10648436104229,WH 2023_05_09,,2024-07-29,,
08734K,,CS,Bar Code,,648436104222,RETAIL 2023_05_09,,2024-07-29,,
08734K,,CS,Bar Code,,648436120581,CASE,,2024-07-29,,
08735K,,CS,Bar Code,,648436104239,RETAIL 2023_04_14,,2024-07-29,,
08735K,,CS,Bar Code,,648436120604,WH 2023_04_14,,2024-07-29,,
08736K,,CS,Bar Code,,648436104215,RETAIL 2023_04_14,,2024-07-29,,
08736K,,CS,Bar Code,,648436120567,WH 2023_04_14,,2024-07-29,,
08737K,,CS,Vendor,10069,10042,,,,2024-11-29,
08737K,,CS,Bar Code,,648436100293,RETAIL 2023_05_09,,2024-07-29,2024-11-22,
08737K,,CS,Bar Code,,648436120277,WH 2023_05_09,,2024-07-29,2024-11-22,
08738K,,CS,Bar Code,,648436104185,RETAIL 2023_04_14,,2024-07-29,,
08738K,,CS,Bar Code,,648436150281,WH 2023_04_14,,2024-07-29,,
08740K,,CS,Bar Code,,10648436100696,WH 2023_04_14,,2024-07-29,,
08740K,,CS,Bar Code,,648436100699,RETAIL 2023_04_14,,2024-07-29,,
08740K,,CS,Bar Code,,648436120680,CASE,,2024-07-29,,
08741K,,CS,Bar Code,,648436100712,RETAIL 2023_05_09,,2024-07-29,,
08741K,,CS,Bar Code,,648436120703,WH 2023_05_09,,2024-07-29,,
08742K,,CS,Bar Code,,10648436310187,CASE,,2025-04-15,,
08742K,,CS,Bar Code,,648436100705,EACH,,2025-04-15,,
08771K,,CS,Bar Code,,18809695256179,CASE,,2024-07-29,2024-07-30,
08771K,,CS,Bar Code,,8809695256165,EACH,,2024-07-29,2024-07-30,
08772K,,CS,Bar Code,,18809296885303,CASE,,2024-07-29,2024-07-30,
08772K,,CS,Bar Code,,8809296885290,EACH,,2024-07-29,2024-07-30,
08780T,,CS,Bar Code,,016229000585,EACH,,2024-07-29,,
08789T,,CS,Bar Code,,8858702413695,EA,,2024-07-29,2024-07-30,
08791T,,CS,Bar Code,,081652087915,RETAIL 2023_04_10,,2024-07-29,,
08791T,,CS,Bar Code,,10081652087912,WH 2023_04_10,,2024-07-29,,
08792T,,CS,Bar Code,,081652087922,RETAIL 2023_04_10,,2024-07-29,,
08792T,,CS,Bar Code,,10081652087929,WH 2023_04_10,,2024-07-29,,
08793T,,CS,Bar Code,,081652087939,EACH,,2024-07-29,,
08793T,,CS,Bar Code,,10081652087936,CASE,,2024-07-29,,
08794T,,CS,Bar Code,,081652087946,RETAIL 2023_04_14,,2024-07-29,,
08794T,,CS,Bar Code,,10081652087943,WH 2023_04_14,,2024-07-29,,
08798T,,CS,Bar Code,,48851954105101,WH 2023_04_04,,2024-07-29,,
08798T,,CS,Bar Code,,8851954105110,RETAIL 2023_04_04,,2024-07-29,,
08800K,,CS,Bar Code,,031146038619,WH 2023_04_14,,2024-07-29,2024-07-30,
08800K,,CS,Bar Code,,031146038626,RETAIL 2023_04_14,,2024-07-29,2024-07-30,
08801K,,CS,Bar Code,,00031146035762,WH 2023_05_09,,2024-07-29,,
08801K,,CS,Bar Code,,031146035755,RETAIL 2023_05_09,,2024-07-29,,
08801K,,CS,Bar Code,,031146035762,CASE,,2024-07-29,,
08802K,,CS,Bar Code,,031146035915,EACH,,2024-07-29,2024-07-30,
08802K,,CS,Bar Code,,031146035922,CASE,,2024-07-29,2024-07-30,
08805K,,CS,Bar Code,,648436101252,RETAIL 2023_04_14,,2024-07-29,,
08805K,,CS,Bar Code,,648436121168,WH 2023_04_14,,2024-07-29,,
08811P,,CS,Bar Code,,14800194106013,WH 2023_05_09,,2024-07-29,,
08811P,,CS,Bar Code,,4800194106016,RETAIL 2023_05_09,,2024-07-29,,
08812P,,CS,Bar Code,,14800194106037,CASE,,2024-07-29,,
08812P,,CS,Bar Code,,4800194106030,EACH,,2024-07-29,,
08813T,,CS,Bar Code,,081652088134,RETAIL 2023_04_04,,2024-07-29,2025-07-11,
08813T,,CS,Bar Code,,10081652088131,WH 2023_04_04,,2024-07-29,2025-07-11,
08814T,,CS,Bar Code,,081652088141,EACH,,2024-07-29,2024-07-30,
08814T,,CS,Bar Code,,10081652088148,CASE,,2024-07-29,2024-07-30,
08816K,,CS,Bar Code,,031146062270,EACH,,2024-07-29,2024-07-30,
08816K,,CS,Bar Code,,031146062287,CASE,,2024-07-29,2024-07-30,
08817K,,CS,Bar Code,,031146060924,RETAIL 2023_04_14,,2024-07-29,2024-07-30,
08817K,,CS,Bar Code,,031146060931,WH 2023_04_14,,2024-07-29,2024-07-30,
08823K,,CS,Bar Code,,031146039685,EACH,,2024-07-29,2024-07-30,
08823K,,CS,Bar Code,,031146039692,CASE,,2024-07-29,2024-07-30,
08824K,,CS,Bar Code,,031146158201,EACH,,2024-07-29,,
08824K,,CS,Bar Code,,031146953585,CSAE,,2024-07-29,,
08827K,,CS,Vendor,10386,101002381,,,,,
08827K,,CS,Bar Code,,031146016921,WH 2023_05_09,,2024-07-29,,
08827K,,CS,Bar Code,,031146156917,RETAIL 2023_05_09,,2024-07-29,,
08828K,,CS,Bar Code,,00031146039586,WH 2023_05_09,,2024-07-29,2024-07-30,
08828K,,CS,Bar Code,,031146013524,RETAIL 2023_05_09,,2024-07-29,2024-07-30,
08828K,,CS,Bar Code,,031186019586,CASE,,2024-07-29,2024-07-30,
08830T,,CS,Bar Code,,647351920238,EACH,,2024-11-01,,
08830T,,CS,Bar Code,,8851465240225,RETAIL 2023_05_09,,2024-07-29,,
08830T,,CS,Bar Code,,88514652402252,WH 2023_05_09,,2024-07-29,,
08831T,,CS,Bar Code,,647351715322,RETAIL 2023_05_10,,2024-07-29,,
08831T,,CS,Bar Code,,64735171532200,WH 2023_05_10,,2024-07-29,,
08831T,,CS,Bar Code,,8851465240560,EACH,,2024-07-29,,
08832T,,CS,Bar Code,,647351697659,EACH,,2024-07-29,,
08832T,,CS,Bar Code,,64735169765900,CASE,,2024-07-29,,
08832T,,CS,Bar Code,,8851465240232,EACH,,2024-07-29,,
08833T,,CS,Bar Code,,8851465240249,EACH,,2024-07-29,,
08849K,,CS,Bar Code,,18801111184707,WH 2023_05_09,,2024-07-29,2024-07-30,
08849K,,CS,Bar Code,,18801111934333,CASE,,2024-07-29,2024-07-30,
08849K,,CS,Bar Code,,8801111184700,RETAIL 2023_05_09,,2024-07-29,2024-07-30,
08849K,,CS,Bar Code,,8801111934336,EACH,,2024-07-29,2024-07-30,
08850K,,CS,Bar Code,,18801117981508,CASE,,2024-07-29,2024-07-30,
08850K,,CS,Bar Code,,8801117981501,WH 2023_05_09,,2024-07-29,2024-07-30,
08850K,,CS,Bar Code,,8801117990305,RETAIL 2023_05_09,,2024-07-29,2024-07-30,
08862T,,CS,Bar Code,,081652088622,RETAIL 2023_04_04,,2024-07-29,,
08862T,,CS,Bar Code,,10081652088629,WH 2023_04_04,,2024-07-29,,
08863T,,CS,Bar Code,,081652088639,RETAIL 2023_04_04,,2024-07-29,,
08863T,,CS,Bar Code,,10081652088636,WH 2023_04_04,,2024-07-29,,
08864K,,CS,Bar Code,,10648436310613,CASE,,2025-04-15,,
08864K,,CS,Bar Code,,648436310593,EACH,,2025-04-15,,
08865K,,CS,Bar Code,,18801117784505,CASE,,2024-07-29,2024-07-30,
08865K,,CS,Bar Code,,18801117962101,CASE,,2024-07-29,2024-07-30,
08867T,,CS,Bar Code,,8858702428132,EACH,,2024-07-29,,
08867T,,CS,Bar Code,,8858702441063,,,2024-11-01,,
08874K,,CS,Bar Code,,18806002016532,CASE,,2024-07-29,2024-07-30,
08874K,,CS,Bar Code,,8806002016535,EACH,,2024-07-29,2024-07-30,
08875K,,CS,Bar Code,,18806002016501,WH 2023_04_04,,2024-07-29,2025-04-25,
08875K,,CS,Bar Code,,8806002016504,RETAIL 2023_04_04,,2024-07-29,2025-04-25,
08876K,,CS,Bar Code,,18806002006434,WH 2023_04_10,,2024-07-29,,
08876K,,CS,Bar Code,,8806002006437,RETAIL 2023_04_10,,2024-07-29,,
08877K,,CS,Bar Code,,18806002005802,CASE,,2024-07-29,,
08877K,,CS,Bar Code,,8806002005805,EACH,,2024-07-29,,
08878K,,CS,Bar Code,,18806002009954,WH 2023_04_04,,2024-07-29,,
08878K,,CS,Bar Code,,8806002009957,RETAIL 2023_04_04,,2024-07-29,,
08879K,,CS,Bar Code,,18806002009398,CASE,,2024-07-29,,
08879K,,CS,Bar Code,,8806002009391,EACH,,2024-07-29,,
08880K,,CS,Bar Code,,8806002012919,RETAIL 2023_04_04,,2024-07-29,,
08880K,,CS,Bar Code,,8806002012926,WH 2023_04_04,,2024-07-29,,
08882D,,CS,Bar Code,,035549974710,EACH,,2024-07-29,2024-07-30,
08882D,,CS,Bar Code,,50035549974715,CASE,,2024-07-29,2024-07-30,
08883K,,CS,Bar Code,,18801105942757,WH 2023_04_04,,2024-07-29,,
08883K,,CS,Bar Code,,8801105901009,RETAIL 2023_04_04,,2024-07-29,,
08883K,,CS,Bar Code,,8801105940428,WH 2023_04_04,,2024-07-29,,
08884K,,CS,Bar Code,,18801105942894,WH 2023_03_17,,2024-07-29,,
08884K,,CS,Bar Code,,8801105000535,RETAIL 2023_03_17,,2024-07-29,,
08884K,,CS,Bar Code,,8801105941579,WH 2023_03_17,,2024-07-29,,
08887K,,CS,Bar Code,,18801105943082,WH 2023_03_17,,2024-07-29,,
08887K,,CS,Bar Code,,8801105222067,WH 2023_03_17,,2024-07-29,,
08887K,,CS,Bar Code,,8801105940787,RETAIL 2023_03_17,,2024-07-29,,
08888K,,CS,Bar Code,,18801062016096,WH 2023_04_14,,2024-07-29,,
08888K,,CS,Bar Code,,8801062016099,RETAIL 2023_04_14,,2024-07-29,,
08894K,,CS,Bar Code,,8801068107678,RETAIL 2023_04_10,,2024-07-29,,
08895K,,CS,Bar Code,,18806002020133,WH 2023_04_14,,2024-07-29,2024-07-30,
08895K,,CS,Bar Code,,8806002020136,RETAIL 2023_04_14,,2024-07-29,2024-07-30,
08896T,,CS,Bar Code,,8858702428712,RETAIL 2023_05_09,,2024-07-29,2024-07-30,
08896T,,CS,Bar Code,,8858702428729,WH 2023_05_09,,2024-07-29,2024-07-30,
08906K,,CS,Bar Code,,14580352290128,CASE,,2024-07-29,,
08906K,,CS,Bar Code,,8801073125490,WH 2023_04_14,,2024-07-29,,
08906K,,CS,Bar Code,,8801073140622,RETAIL 2023_04_14,,2024-07-29,,
08907K,,CS,Bar Code,,8801073210134,EACH,,2024-07-01,2025-05-09,
08907K,,CS,Bar Code,,8801073250055,CASE,,2024-07-01,2025-05-09,
08911K,,CS,Bar Code,,18809054409031,WH 2023_05_09,,2024-07-29,,
08911K,,CS,Bar Code,,8809054409034,RETAIL 2023_05_09,,2024-07-29,,
08912K,,CS,Bar Code,,8809054409652,RETAIL 2023_04_14,,2024-07-29,,
08913K,,CS,Bar Code,,8809054400529,RETAIL 2023_05_09,,2024-07-29,,
08915K,,CS,Bar Code,,031146043637,RETAIL 2023_05_09,,2024-07-29,,
08915K,,CS,Bar Code,,031146043644,WH 2023_05_09,,2024-07-29,,
08916K,,CS,Bar Code,,031146043613,RETAIL 2023_05_09,,2024-07-29,,
08916K,,CS,Bar Code,,031146043620,WH 2023_05_09,,2024-07-29,,
08917K,,CS,Bar Code,,031146035793,RETAIL 2023_05_09,,2024-07-29,,
08917K,,CS,Bar Code,,031146035809,WH 2023_05_09,,2024-07-29,,
08918K,,CS,Bar Code,,031146049530,WH 2023_05_09,,2024-07-29,,
08918K,,CS,Bar Code,,031146216185,RETAIL 2023_05_09,,2024-07-29,,
08927K,,CS,Bar Code,,031146009329,RETAIL 2023_04_14,,2024-07-29,,
08927K,,CS,Bar Code,,031146054138,WH 2023_04_14,,2024-07-29,,
08928K,,CS,Bar Code,,031146054152,WH 2023_05_09,,2024-07-29,2024-09-27,
08928K,,CS,Bar Code,,031146216192,RETAIL 2023_05_09,,2024-07-29,2024-09-27,
08954K,,CS,Bar Code,,18801062893376,WH 2023_05_09,,2024-07-29,2024-07-30,
08954K,,CS,Bar Code,,8801062893379,RETAIL 2023_05_09,,2024-07-29,2024-07-30,
08955K,,CS,Bar Code,,18801062893369,WH 2023_04_10,,2024-07-29,2024-07-30,
08955K,,CS,Bar Code,,8801062893362,RETAIL 2023_04_10,,2024-07-29,2024-07-30,
08956K,,CS,Bar Code,,18801062893352,WH 2023_05_09,,2024-07-29,2024-07-30,
08956K,,CS,Bar Code,,8801062893355,RETAIL 2023_05_09,,2024-07-29,2024-07-30,
08957K,,CS,Bar Code,,18801062893406,CASE,,2024-07-29,2024-07-30,
08957K,,CS,Bar Code,,8801062893409,EACH,,2024-07-29,2024-07-30,
08958K,,CS,Bar Code,,18801062893390,CASE,,2024-07-29,2024-07-30,
08958K,,CS,Bar Code,,8801062893393,EACH,,2024-07-29,2024-07-30,
08959K,,CS,Bar Code,,18801062893383,CASE,,2024-07-29,2024-07-30,
08959K,,CS,Bar Code,,8801062893386,EACH,,2024-07-29,2024-07-30,
08960K,,CS,Bar Code,,031146045723,WH 2023_05_09,,2024-07-29,,
08960K,,CS,Bar Code,,031146200139,RETAIL 2023_05_09,,2024-07-29,,
08961K,,CS,Bar Code,,031146045730,WH 2023_05_09,,2024-07-29,,
08961K,,CS,Bar Code,,031146215690,RETAIL 2023_05_09,,2024-07-29,,
08962K,,CS,Bar Code,,031146047802,WH 2023_05_09,,2024-07-29,,
08962K,,CS,Bar Code,,031146215409,RETAIL 2023_05_09,,2024-07-29,,
08963K,,CS,Bar Code,,00031146047864,WH 2023_05_09,,2024-07-29,,
08963K,,CS,Bar Code,,031146047864,CASE,,2024-07-29,,
08963K,,CS,Bar Code,,031146215430,RETAIL 2023_05_09,,2024-07-29,,
08964K,,CS,Bar Code,,031146047680,WH 2023_05_09,,2024-07-29,2024-09-27,
08964K,,CS,Bar Code,,031146212002,RETAIL 2023_05_09,,2024-07-29,2024-09-27,
08965K,,CS,Bar Code,,031146047772,WH 2023_04_10,,2024-07-29,,
08965K,,CS,Bar Code,,031146211005,RETAIL 2023_04_10,,2024-07-29,,
08966K,,CS,Bar Code,,031146047857,WH 2023_04_14,,2024-07-29,,
08966K,,CS,Bar Code,,031146201105,RETAIL 2023_04_14,,2024-07-29,,
08967K,,CS,Bar Code,,031146045747,CASE,,2024-07-29,,
08967K,,CS,Bar Code,,031146215768,EACH,,2024-07-29,,
08978K,,CS,Bar Code,,8801056936129,RETAIL,,2024-07-29,,
08978K,,CS,Bar Code,,8801056936723,,,2024-07-29,,
08979K,,CS,Bar Code,,8801056298128,EACH,,2024-07-29,,
08979K,,CS,Bar Code,,88801056298722,CASE,,2024-07-29,,
08984K,,CS,Bar Code,,18809178819220,CASE,,2025-04-15,,
08984K,,CS,Bar Code,,8809178819955,EACH,,2025-04-15,,
08985K,,CS,Bar Code,,18809178819221,CASE,,2025-04-15,,
08985K,,CS,Bar Code,,8809178819948,EACH,,2025-04-15,,
08986K,,CS,Bar Code,,18809178819223,CASE,,2025-04-15,,
08986K,,CS,Bar Code,,8809178819931,EACH,,2025-04-15,,
08987K,,CS,Bar Code,,18809178819222,CASE,,2025-04-15,,
08987K,,CS,Bar Code,,8809178819641,EACH,,2025-04-15,,
08988K,,CS,Bar Code,,18801111904305,WH 2023_05_09,,2024-07-29,2024-07-30,
08988K,,CS,Bar Code,,8801111904308,RETAIL 2023_05_09,,2024-07-29,2024-07-30,
08998T,,CS,Bar Code,,18854657002455,WH 2023_05_10,,2024-07-29,2024-12-27,
08998T,,CS,Bar Code,,8854657002458,RETAIL 2023_05_10,,2024-07-29,2024-12-27,
08999K,,CS,Bar Code,,031146049721,EACH,,2024-07-29,2024-07-30,
08999K,,CS,Bar Code,,031146049738,CASE,,2024-07-29,2024-07-30,
09015K,,CS,Bar Code,,18801204003199,CASE,,2024-12-20,,
09015K,,CS,Bar Code,,8801204003192,RETAIL,,2024-12-20,,
09019K,,CS,Bar Code,,18801111610855,WH 2023_04_14,,2024-07-29,2024-07-30,
09019K,,CS,Bar Code,,8801111610858,RETAIL 2023_04_14,,2024-07-29,2024-07-30,
09020K,,CS,Bar Code,,18801111934258,WH 2023_05_10,,2024-07-29,2024-07-30,
09020K,,CS,Bar Code,,8801111934251,RETAIL 2023_05_10,,2024-07-29,2024-07-30,
09021K,,CS,Bar Code,,18801111611098,WH 2023_05_09,,2024-07-29,2024-07-30,
09021K,,CS,Bar Code,,8801111611091,RETAIL 2023_05_09,,2024-07-29,2024-07-30,
09031K,,CS,Bar Code,,18801111611104,WH 2023_05_10,,2024-07-29,2024-07-30,
09031K,,CS,Bar Code,,8801111611107,RETAIL 2023_05_10,,2024-07-29,2024-07-30,
09044K,,CS,Bar Code,,18801111180495,WH 2023_04_24,,2024-07-29,2024-07-30,
09044K,,CS,Bar Code,,8801111180498,RETAIL 2023_04_24,,2024-07-29,2024-07-30,
09047K,,CS,Bar Code,,18801111115220,WH 2023_04_14,,2024-07-29,2024-07-30,
09047K,,CS,Bar Code,,8801111115223,RETAIL 2023_04_14,,2024-07-29,2024-07-30,
09049K,,CS,Bar Code,,18801111115251,WH 2023_04_14,,2024-07-29,2024-07-30,
09049K,,CS,Bar Code,,8801111115254,RETAIL 2023_04_14,,2024-07-29,2024-07-30,
09065K,,CS,Bar Code,,8809502290108,RETAIL 2023_04_04,,2024-07-29,2024-07-30,
09065K,,CS,Bar Code,,8809502290115,WH 2023_04_04,,2024-07-29,2024-07-30,
09065K,,CS,Bar Code,,8809502290122,WH 2023_04_04,,2024-07-29,2024-07-30,
09091K,,CS,Bar Code,,18801111611319,CASE,,2024-07-29,2024-07-30,
09091K,,CS,Bar Code,,8801111611312,EACH,,2024-07-29,2024-07-30,
09111K,,CS,Bar Code,,18801117551619,CASE,,2024-07-29,,
09111K,,CS,Bar Code,,18801117984110,WH 2023_04_10,,2024-07-29,,
09111K,,CS,Bar Code,,8801117551612,EACH,,2024-07-29,,
09111K,,CS,Bar Code,,8801117984113,RETAIL 2023_04_10,,2024-07-29,,
09121K,,CS,Bar Code,,18801062882912,WH 2023_04_14,,2024-07-29,,
09121K,,CS,Bar Code,,8801062882915,RETAIL 2023_04_14,,2024-07-29,,
09140J,,CS,Bar Code,,04902888267420,,,2025-04-18,,
09140J,,CS,Bar Code,,4902888218835,RETAIL,,2025-04-18,,
09149J,,CS,Bar Code,,081652091493,RETAIL 2023_04_24,,2024-07-29,2024-07-30,
09150J,,CS,Bar Code,,081652091509,EACH,,2024-07-29,,
09151J,,CS,Bar Code,,081652091516,EACH,,2024-07-29,,
09156J,,CS,Bar Code,,081652091561,RETAIL 2023_04_24,,2024-07-29,2024-07-30,
09157J,,CS,Bar Code,,4901016171585,EACH,,2024-07-29,,
09157J,,CS,Bar Code,,4901016901113,RETAIL 2023_05_10,,2024-07-29,,
09158J,,CS,Bar Code,,4901016920015,RETAIL 2023_04_24,,2024-07-29,,
09159J,,CS,Bar Code,,4901016901120,RETAIL 2023_05_10,,2024-07-29,,
09211K,,CS,Bar Code,,18801045560264,WH 2023_04_14,,2024-07-29,,
09211K,,CS,Bar Code,,645175560098,RETAIL 2023_04_14,,2024-07-29,,
09212K,,CS,Bar Code,,18801045560189,WH 2023_04_14,,2024-07-29,,
09212K,,CS,Bar Code,,645175560036,RETAIL 2023_04_14,,2024-07-29,,
09213K,,CS,Bar Code,,18801045560226,WH 2023_04_14,,2024-07-29,,
09213K,,CS,Bar Code,,645175560074,RETAIL 2023_04_14,,2024-07-29,,
09216K,,CS,Bar Code,,081652092162,RETAIL 2023_04_14,,2024-07-29,,
09216K,,CS,Bar Code,,10081652092169,WH 2023_04_14,,2024-07-29,,
09227C,,CS,Bar Code,,16934364804992,,,2025-06-30,2025-06-30,
09227C,,CS,Bar Code,,6934364804995,RETAIL,,2025-06-30,2025-06-30,
09228C,,CS,Bar Code,,16934364804978,,,2025-06-30,2025-06-30,
09228C,,CS,Bar Code,,6934364804971,RETAIL,,2025-06-30,2025-06-30,
09235K,,CS,Bar Code,,081652092353,EACH,,2025-02-14,,
09235K,,CS,Bar Code,,10081652092350,,,2025-02-14,,
09237K,,CS,Bar Code,,081652092377,RETAIL,,2025-02-14,,
09237K,,CS,Bar Code,,10081652092374,,,2025-02-14,,
09250J,,BX,Bar Code,,073141152334,BOX,,2024-07-29,2024-07-30,
09250J,,BX,Bar Code,,10073141152331,CASE,,2024-07-29,2024-07-30,
09262K,,CS,Bar Code,,18809178852133,CASE,,2025-04-15,,
09262K,,CS,Bar Code,,8809178852136,EACH,,2025-04-15,,
09263K,,CS,Bar Code,,18809178852720,CASE,,2025-04-15,,
09263K,,CS,Bar Code,,8809178852723,EACH,,2025-04-15,,
09264W,,CS,Bar Code,,4711931033154,RETAIL 2023_04_14,,2024-07-29,2024-07-30,
09265W,,CS,Bar Code,,4711931033161,RETAIL 2023_04_10,,2024-07-29,2024-07-30,
09291J,,CS,Bar Code,,44901326030846,WH 2023_04_24,,2024-07-29,,
09291J,,CS,Bar Code,,4901326030848,RETAIL 2023_04_24,,2024-07-29,,
09293J,,CS,Bar Code,,4901326040359,EACH,,2024-07-29,,
09295J,,CS,Bar Code,,4901326040052,EACH,,2024-07-29,,
09296J,,CS,Bar Code,,4901326040397,EACH,,2024-07-29,,
09297J,,CS,Bar Code,,4901326040229,EACH,,2024-07-29,,
09299J,,CS,Bar Code,,4901326040342,EACH,,2024-07-29,,
09302C,,CS,Bar Code,,6920339098155,RETAIL 2023_04_10,,2024-07-29,,
09358K,,CS,Bar Code,,18801062013606,CASE,,2024-07-29,2024-07-30,
09358K,,CS,Bar Code,,8801062013609,EACH,,2024-07-29,2024-07-30,
09361K,,CS,Bar Code,,081652093619,RETAIL 2023_04_24,,2024-07-29,,
09361K,,CS,Bar Code,,10081652093616,WH 2023_04_24,,2024-07-29,,
09362K,,CS,Bar Code,,081652093626,RETAIL 2023_04_24,,2024-07-29,,
09362K,,CS,Bar Code,,10081652093623,WH 2023_04_24,,2024-07-29,,
09381K,,CS,Bar Code,,031146216321,RETAIL 2023_04_14,,2024-07-29,,
09381K,,CS,Bar Code,,031146701643,WH 2023_04_14,,2024-07-29,,
09383K,,CS,Bar Code,,28801062247251,CASE,,2024-07-29,,
09383K,,CS,Bar Code,,38801062873419,WH 2023_04_14,,2024-07-29,,
09383K,,CS,Bar Code,,8801062247257,EACH,,2024-07-29,,
09383K,,CS,Bar Code,,8801062890071,RETAIL 2023_04_14,,2024-07-29,,
09394J,,BX,Bar Code,,046572808002,EACH,,2024-07-29,,
09399K,,CS,Bar Code,,8801566034445,EACH,,2025-04-15,,
09402K,,CS,Bar Code,,38801062634454,WH 2023_07_03,,2024-07-29,,
09402K,,CS,Bar Code,,68801062642085,CASE,,2024-07-29,,
09402K,,CS,Bar Code,,8801062634453,EACH,,2024-07-29,,
09404K,,CS,Bar Code,,031146215539,RETAIL 2023_05_09,,2024-07-29,,
09404K,,CS,Bar Code,,031146700851,WH 2023_05_09,,2024-07-29,,
09405K,,CS,Bar Code,,031146202102,RETAIL 2023_04_14,,2024-07-29,,
09405K,,CS,Bar Code,,031146700103,WH 2023_04_14,,2024-07-29,,
09407K,,CS,Bar Code,,074603003300,EACH,,2024-07-29,2024-07-30,
09407K,,CS,Bar Code,,74603003300,CASE,,2024-07-29,2024-07-30,
09407K,,CS,Bar Code,,8801073310834,EACH,,2024-07-29,2024-07-30,
09407K,,CS,Bar Code,,8801073320901,CASE,,2024-07-29,2024-07-30,
09409K,,CS,Bar Code,,8801073310759,EACH,,2024-07-29,2024-07-30,
09409K,,CS,Bar Code,,8801073320819,CASE,,2024-07-29,2024-07-30,
09410K,,CS,Bar Code,,031146202119,EACH,,2024-07-29,,
09410K,,CS,Bar Code,,031146700110,WH 2023_05_09,,2024-07-29,,
09413K,,CS,Bar Code,,18801073226101,CASE,,2024-07-29,2024-07-30,
09413K,,CS,Bar Code,,8801073207370,EACH,,2024-07-29,2024-07-30,
09414K,,CS,Bar Code,,18801111610633,CASE,,2024-07-29,2024-07-30,
09414K,,CS,Bar Code,,8801111610636,EACH,,2024-07-29,2024-07-30,
09417K,,CS,Bar Code,,031146216208,RETAIL 2023_04_14,,2024-07-29,,
09417K,,CS,Bar Code,,031146701520,WH 2023_04_14,,2024-07-29,,
09421D,,CS,Bar Code,,081652094210,EACH,,2024-07-29,,
09426K,,CS,Bar Code,,18801111611326,WH 2023_04_14,,2024-07-29,2024-07-30,
09426K,,CS,Bar Code,,8801111611329,RETAIL 2023_04_14,,2024-07-29,2024-07-30,
09428K,,CS,Bar Code,,8801073310773,EACH,,2024-07-29,2024-07-30,
09428K,,CS,Bar Code,,8801073320840,CASE,,2024-07-29,2024-07-30,
09429K,,CS,Bar Code,,18801111610640,CASE,,2024-07-29,2024-07-30,
09429K,,CS,Bar Code,,18801111934326,WH 2023_04_14,,2024-07-29,2024-07-30,
09429K,,CS,Bar Code,,8801111610643,EACH,,2024-07-29,2024-07-30,
09429K,,CS,Bar Code,,8801111934329,RETAIL 2023_04_14,,2024-07-29,2024-07-30,
09437K,,CS,Bar Code,,28801062481730,WH 2023_04_04,,2024-07-29,,
09437K,,CS,Bar Code,,28801062641264,CASE,,2024-07-29,,
09437K,,CS,Bar Code,,8801062641260,RETAIL 2023_04_04,,2024-07-29,,
09439J,,CS,Bar Code,,081652094395,RETAIL 2023_04_24,,2024-07-29,,
09439J,,CS,Bar Code,,4902752770001,WH 2023_04_24,,2024-07-29,,
09440K,,CS,Bar Code,,28801062334241,CASE 6X5.57 OZ,,2024-07-29,,
09440K,,CS,Bar Code,,38801062334248,WH 2023_05_09,,2024-07-29,,
09440K,,CS,Bar Code,,8801062334247,RETAIL 2023_05_09,,2024-07-29,,
09441K,,CS,Bar Code,,18801019603447,CASE,,2024-07-29,2024-07-30,
09441K,,CS,Bar Code,,8801019603440,EACH,,2024-07-29,2024-07-30,
09445K,,CS,Bar Code,,18801117923805,CASE,,2024-07-29,,
09445K,,CS,Bar Code,,18801117931602,WH 2023_04_24,,2024-07-29,,
09445K,,CS,Bar Code,,8801117910907,RETAIL 2023_04_24,,2024-07-29,,
09448K,,CS,Bar Code,,081652094487,RETAIL 2023_04_14,,2024-07-29,,
09448K,,CS,Bar Code,,10081652094484,WH 2023_04_14,,2024-07-29,,
09450K,,CS,Bar Code,,18801019306492,CASE,,2024-07-29,2024-07-30,
09450K,,CS,Bar Code,,8801019306495,EACH,,2024-07-29,2024-07-30,
09451K,,CS,Bar Code,,18801019306942,CASE,,2024-07-29,2024-07-30,
09451K,,CS,Bar Code,,18801019309974,CASE,,2024-07-29,2024-07-30,
09451K,,CS,Bar Code,,8801019306945,EACH,,2024-07-29,2024-07-30,
09451K,,CS,Bar Code,,8801019309977,EACH,,2024-07-29,2024-07-30,
09452K,,CS,Bar Code,,18801019307147,CASE,,2024-07-29,2024-07-30,
09452K,,CS,Bar Code,,8801019307140,EACH,,2024-07-29,2024-07-30,
09456K,,CS,Bar Code,,18801117761001,BOX,,2024-07-29,,
09456K,,CS,Bar Code,,18801117985001,WH 2023_04_14,,2024-07-29,,
09456K,,CS,Bar Code,,28801117743701,CASE,,2024-07-29,,
09456K,,CS,Bar Code,,8801117761004,EACH,,2024-07-29,,
09456K,,CS,Bar Code,,8801117985004,RETAIL 2023_04_14,,2024-07-29,,
09462K,,CS,Bar Code,,18801062860521,CASE,,2024-07-29,,
09462K,,CS,Bar Code,,8801062267699,RETAIL 2023_04_14,,2024-07-29,,
09463K,,CS,Bar Code,,38801062479819,WH 2023_04_14,,2024-07-29,,
09463K,,CS,Bar Code,,8801062636358,RETAIL 2023_04_14,,2024-07-29,,
09464K,,CS,Bar Code,,28801062639483,WH 2023_04_14,,2024-07-29,,
09464K,,CS,Bar Code,,8801062267675,RETAIL 2023_04_14,,2024-07-29,,
09476K,,CS,Bar Code,,18801062133090,WH 2023_04_14,,2024-07-29,2025-07-18,
09476K,,CS,Bar Code,,8801062144815,RETAIL 2023_04_14,,2024-07-29,2025-07-18,
09477K,,CS,Bar Code,,18801062144027,CASE,,2024-07-29,,
09477K,,CS,Bar Code,,28801062482201,WH 2023_04_14,,2024-07-29,,
09477K,,CS,Bar Code,,8801062267798,RETAIL 2023_04_14,,2024-07-29,,
09478K,,CS,Bar Code,,18801062132765,CASE,,2024-07-29,,
09478K,,CS,Bar Code,,28801062478907,WH 2023_04_14,,2024-07-29,,
09478K,,CS,Bar Code,,8801062267712,RETAIL 2023_04_14,,2024-07-29,,
09485K,,CS,Bar Code,,18801117924000,CASE,,2024-07-29,,
09485K,,CS,Bar Code,,18801117931701,WH 2023_04_14,,2024-07-29,,
09485K,,CS,Bar Code,,8801117911003,RETAIL 2023_04_14,,2024-07-29,,
09486K,,CS,Bar Code,,18801117984301,CASE,,2024-07-29,,
09486K,,CS,Bar Code,,8801117984304,RETAIL 2023_05_09,,2024-07-29,,
09488K,,CS,Bar Code,,1880101930758,CASE,,2024-07-29,2024-07-30,
09488K,,CS,Bar Code,,88010193010751,EACH,,2024-07-29,2024-07-30,
09497K,,CS,Bar Code,,28801062247053,CASE,,2024-07-29,,
09497K,,CS,Bar Code,,48801062247057,WH 2023_04_14,,2024-07-29,,
09497K,,CS,Bar Code,,8801062247059,RETAIL 2023_04_14,,2024-07-29,,
09502C,,CS,Vendor,10475,1-319,,,,,
09502C,,CS,Bar Code,,4711931008114,EACH,,2024-07-29,,
09507K,,CS,Bar Code,,648436200160,RETAIL 2023_04_14,,2024-07-29,2024-09-27,
09507K,,CS,Bar Code,,648436240166,WH 2023_04_14,,2024-07-29,2024-09-27,
09508K,,CS,Bar Code,,10648436240149,,,2024-11-01,2025-03-14,
09508K,,CS,Bar Code,,648436200146,RETAIL 2023_04_14,,2024-07-29,2025-03-14,
09508K,,CS,Bar Code,,648436240142,WH 2023_04_14,,2024-07-29,2025-03-14,
09510C,,CS,Vendor,10475,320-644,,,,,
09510C,,CS,Bar Code,,4711931005106,EACH,,2024-07-29,,
09510C,,CS,Bar Code,,4711931011299,RETAIL 2023_04_24,,2024-07-29,,
09511C,,CS,Vendor,10475,645-866,,,,,
09511C,,CS,Bar Code,,4711931005090,EACH,,2024-07-29,,
09511C,,CS,Bar Code,,4711931011206,RETAIL 2023_04_24,,2024-07-29,,
09512C,,CS,Vendor,10475,867-1254,,,,,
09512C,,CS,Bar Code,,4711931005113,EACH,,2024-07-29,,
09512C,,CS,Bar Code,,4711931011343,EACH,,2024-07-29,,
09513C,,CS,Bar Code,,4711931007308,EACH,,2024-07-29,,
09513C,,CS,Bar Code,,4711931011305,EACH,,2024-07-29,,
09516C,,CS,Vendor,10475,2079-2270,,,,,
09516C,,CS,Bar Code,,4711931011312,RETAIL 2023_04_24,,2024-07-29,,
09517C,,CS,Vendor,10475,2271-2523,,,,,
09517C,,CS,Bar Code,,4711931005168,EACH,,2024-07-29,,
09517C,,CS,Bar Code,,4711931011367,EACH,,2024-07-29,,
09517C,,CS,Bar Code,,4711931014689,CASE,,2024-07-29,,
09524K,,CS,Bar Code,,18801117942301,WH 2023_04_14,,2024-07-29,2024-07-30,
09524K,,CS,Bar Code,,8801117942304,RETAIL 2023_04_14,,2024-07-29,2024-07-30,
09528K,,CS,Bar Code,,18801062127693,CASE,,2024-07-29,2025-07-18,
09528K,,CS,Bar Code,,8801062245055,EACH,,2024-07-29,2025-07-18,
09529K,,CS,Bar Code,,18801062516855,WH 2023_07_03,,2024-07-29,2025-07-18,
09529K,,CS,Bar Code,,28801062521412,CASE,,2024-07-29,2025-07-18,
09529K,,CS,Bar Code,,78801062516857,CASE,,2024-07-29,2025-07-18,
09529K,,CS,Bar Code,,8801062516858,EACH,,2024-07-29,2025-07-18,
09530K,,CS,Bar Code,,18801111110867,CASE,,2024-07-29,2024-07-30,
09530K,,CS,Bar Code,,18801111917459,WH 2023_05_09,,2024-07-29,2024-07-30,
09530K,,CS,Bar Code,,8801111110860,EACH,,2024-07-29,2024-07-30,
09530K,,CS,Bar Code,,8801111917452,RETAIL 2023_05_09,,2024-07-29,2024-07-30,
09540D,,CS,Vendor,10260,29219,,,,,
09540D,,CS,Bar Code,,071146000148,EACH,,2024-07-29,,
09540D,,CS,Bar Code,,10071146000145,CASE,,2024-07-29,,
09541D,,CS,Vendor,10260,29220,,,,,
09541D,,CS,Bar Code,,071146010147,EACH,,2024-07-29,,
09541D,,CS,Bar Code,,071146010154,EACH,,2024-07-29,,
09541D,,CS,Bar Code,,10071146010151,CASE,,2024-07-29,,
09542D,,CS,Vendor,10260,29292,,,,,
09542D,,CS,Bar Code,,071146005334,RETAIL 2023_05_09,,2024-07-29,,
09542D,,CS,Bar Code,,10071146005331,WH 2023_05_09,,2024-07-29,,
09548W,,CS,Vendor,10475,2524-2559,,,,2024-07-30,
09548W,,CS,Bar Code,,34711931022067,WH 2023_05_09,,2024-07-29,2024-07-30,
09548W,,CS,Bar Code,,4711931022066,RETAIL 2023_05_09,,2024-07-29,2024-07-30,
09549W,,CS,Bar Code,,34711931022074,WH 2023_05_09,,2024-07-29,2024-07-30,
09549W,,CS,Bar Code,,4711931022073,RETAIL 2023_05_09,,2024-07-29,2024-07-30,
09552C,,CS,Vendor,10475,2560-2628,,,,,
09552C,,CS,Bar Code,,4711931007223,RETAIL 2023_04_24,,2024-07-29,,
09554C,,CS,Vendor,10475,2629-2694,,,,,
09554C,,CS,Bar Code,,4711931007230,RETAIL 2023_04_24,,2024-07-29,,
09555C,,CS,Vendor,10475,2695-2797,,,,,
09555C,,CS,Bar Code,,4711931007551,EACH,,2024-07-29,,
09558K,,CS,Vendor,10331,W5107553,,,,,
09558K,,CS,Bar Code,,28801062517910,,,2025-01-27,2025-01-27,
09558K,,CS,Bar Code,,8801062247455,RETAIL,,2025-01-27,2025-01-27,
09563K,,CS,Bar Code,,18801062273352,WH 2023_04_24,,2024-07-29,2024-07-30,
09563K,,CS,Bar Code,,8801062273355,RETAIL 2023_04_24,,2024-07-29,2024-07-30,
09565K,,CS,Bar Code,,18801062273314,CASE,,2024-07-29,2024-07-30,
09565K,,CS,Bar Code,,801062273317,RETAIL,,2024-07-29,2024-07-30,
09575K,,CS,Bar Code,,68801062477977,CASE,,2024-07-29,,
09575K,,CS,Bar Code,,8801062641239,EACH,,2024-07-29,,
09582K,,CS,Bar Code,,18801117982505,WH 2023_04_14,,2024-07-29,,
09582K,,CS,Bar Code,,8801117982508,RETAIL 2023_04_14,,2024-07-29,,
09584K,,CS,Bar Code,,18801111113226,WH 2023_05_09,,2024-07-29,2024-07-30,
09584K,,CS,Bar Code,,8801111113229,RETAIL 2023_05_09,,2024-07-29,2024-07-30,
09585K,,CS,Bar Code,,18801111186091,WH 2023_04_24,,2024-07-29,2024-07-30,
09585K,,CS,Bar Code,,8801111180078,EACH,,2024-07-29,2024-07-30,
09585K,,CS,Bar Code,,8801111186094,RETAIL 2023_04_24,,2024-07-29,2024-07-30,
09589K,,CS,Bar Code,,031146215782,RETAIL 2023_04_14,,2024-07-29,2024-07-30,
09589K,,CS,Bar Code,,031146701117,WH 2023_04_14,,2024-07-29,2024-07-30,
09601T,,CS,Bar Code,,8857107231774,RETAIL 2023_05_09,,2024-07-29,,
09601T,,CS,Bar Code,,8858702424110,WH 2023_05_09,,2024-07-29,,
09602T,,CS,Bar Code,,8857107231781,RETAIL 2023_05_09,,2024-07-29,,
09602T,,CS,Bar Code,,8858702424127,WH 2023_05_09,,2024-07-29,,
09603T,,CS,Bar Code,,8858702402521,RETAIL 2023_04_14,,2024-07-29,,
09603T,,CS,Bar Code,,8858702424134,WH 2023_04_14,,2024-07-29,,
09604T,,CS,Bar Code,,8858702403597,RETAIL 2023_05_09,,2024-07-29,2024-07-30,
09604T,,CS,Bar Code,,8858702424141,WH 2023_05_09,,2024-07-29,2024-07-30,
09605T,,CS,Bar Code,,8858702403603,RETAIL 2023_05_09,,2024-07-29,2024-07-30,
09605T,,CS,Bar Code,,8858702424158,WH 2023_05_09,,2024-07-29,2024-07-30,
09611T,,CS,Bar Code,,8858702404273,RETAIL 2023_05_09,,2024-07-29,2024-07-30,
09611T,,CS,Bar Code,,8858702424240,WH 2023_05_09,,2024-07-29,2024-07-30,
09612T,,CS,Bar Code,,8858702403634,EACH,,2024-07-29,2024-07-30,
09617T,,CS,Bar Code,,8858702401265,RETAIL 2023_05_09,,2024-07-29,,
09617T,,CS,Bar Code,,8858702424172,,,2024-11-01,,
09618T,,CS,Bar Code,,8858702401272,EACH,,2024-07-29,,
09618T,,CS,Bar Code,,8858702424189,WH 2023_05_09,,2024-07-29,,
09620T,,CS,Bar Code,,8858702415262,EACH,,2024-07-29,,
09620T,,CS,Bar Code,,8858702424165,,,2024-11-01,,
09621K,,CS,Bar Code,,18801117982604,WH 2023_05_10,,2024-07-29,,
09621K,,CS,Bar Code,,8801117982607,EACH,,2024-07-29,,
09630K,,CS,Bar Code,,18801111934319,WH 2023_05_09,,2024-07-29,2024-07-30,
09630K,,CS,Bar Code,,18801111944319,CASE,,2024-07-29,2024-07-30,
09630K,,CS,Bar Code,,8801111934312,RETAIL 2023_05_09,,2024-07-29,2024-07-30,
09634K,,CS,Bar Code,,18801062126481,WH 2023_04_14,,2024-07-29,,
09634K,,CS,Bar Code,,8801062161881,RETAIL 2023_04_14,,2024-07-29,,
09636K,,CS,Vendor,10331,W5142869,,,,,
09636K,,CS,Bar Code,,18801062870414,,,2025-01-27,2025-01-27,
09636K,,CS,Bar Code,,8801062870417,RETAIL,,2025-01-27,2025-01-27,
09663K,,CS,Bar Code,,18801062126474,WH 2023_05_10,,2024-07-29,,
09663K,,CS,Bar Code,,8801062160709,RETAIL 2023_05_10,,2024-07-29,,
09665K,,CS,Bar Code,,18801117760202,WH 2023_04_14,,2024-07-29,,
09665K,,CS,Bar Code,,8801117760205,RETAIL 2023_04_14,,2024-07-29,,
09668K,,CS,Bar Code,,18801117943216,WH 2023_05_09,,2024-07-29,,
09668K,,CS,Bar Code,,716680886819,RETAIL 2023_05_09,,2024-07-29,,
09673K,,CS,Bar Code,,18801117775206,WH 2023_04_14,,2024-07-29,,
09673K,,CS,Bar Code,,8801117775209,RETAIL 2023_04_14,,2024-07-29,,
09679T,,CS,Bar Code,,8858702410823,RETAIL 2023_05_09,,2024-07-29,,
09679T,,CS,Bar Code,,8858702410830,WH 2023_05_09,,2024-07-29,,
09680T,,CS,Bar Code,,8858702410885,EACH,,2024-07-29,2024-07-30,
09680T,,CS,Bar Code,,8858702410892,CASE,,2024-07-29,2024-07-30,
09681T,,CS,Bar Code,,8858702410854,EACH,,2024-07-29,,
09681T,,CS,Bar Code,,8858702410861,CASE,,2024-07-29,,
09682T,,CS,Bar Code,,8858702414968,RETAIL 2023_05_09,,2024-07-29,,
09682T,,CS,Bar Code,,8858702414975,WH 2023_05_09,,2024-07-29,,
09686T,,CS,Bar Code,,8858702414890,RETAIL 2023_05_09,,2024-07-29,2024-07-30,
09686T,,CS,Bar Code,,8858702414906,WH 2023_05_09,,2024-07-29,2024-07-30,
09700J,,CS,Bar Code,,081652097006,RETAIL 2023_04_14,,2024-07-29,,
09700J,,CS,Bar Code,,10001652097003,WH 2023_04_14,,2024-07-29,,
09700J,,CS,Bar Code,,10081652097003,CASE,,2024-07-29,,
09701J,,CS,Bar Code,,081652097013,RETAIL 2023_04_14,,2024-07-29,,
09701J,,CS,Bar Code,,10081652097010,WH 2023_04_14,,2024-07-29,,
09711K,,CS,Bar Code,,18801906162040,WH 2023_04_14,,2024-07-29,,
09711K,,CS,Bar Code,,8801906162043,RETAIL 2023_04_14,,2024-07-29,,
09712K,,CS,Bar Code,,18801906161043,WH 2023_04_14,,2024-07-29,,
09712K,,CS,Bar Code,,8801906161046,RETAIL 2023_04_14,,2024-07-29,,
09713K,,CS,Bar Code,,18801906165065,WH 2023_05_10,,2024-07-29,,
09713K,,CS,Bar Code,,8801906165068,RETAIL 2023_05_10,,2024-07-29,,
09720J,,CS,Bar Code,,081652097204,RETAIL 2023_04_14,,2024-07-29,,
09720J,,CS,Bar Code,,10081652097201,WH 2023_04_14,,2024-07-29,,
09721J,,CS,Bar Code,,081652097211,EACH,,2024-07-29,,
09722J,,CS,Bar Code,,081652097228,RETAIL 2023_04_10,,2024-07-29,,
09722J,,CS,Bar Code,,10081652097225,CASE,,2024-07-29,,
09723J,,CS,Bar Code,,081652097235,EACH,,2024-07-29,,
09724J,,CS,Bar Code,,081652097242,EACH,,2024-07-29,,
09724J,,CS,Bar Code,,10081652097249,,,2024-11-01,,
09725J,,CS,Bar Code,,081652097259,EACH,,2024-07-29,,
09725J,,CS,Bar Code,,10081652097256,,,2024-11-01,,
09726J,,CS,Bar Code,,081652097266,RETAIL 2023_04_10,,2024-07-29,,
09726J,,CS,Bar Code,,10081652097263,WH 2023_04_10,,2024-07-29,,
09727K,,CS,Bar Code,,18801906163283,WH 2023_05_09,,2024-07-29,,
09727K,,CS,Bar Code,,8801906163286,RETAIL 2023_05_09,,2024-07-29,,
09731K,,CS,Bar Code,,081652097310,RETAIL 2023_04_14,,2024-07-29,,
09731K,,CS,Bar Code,,10081652097317,WH 2023_04_14,,2024-07-29,,
09733K,,CS,Bar Code,,081652097334,RETAIL 2023_04_14,,2024-07-29,,
09733K,,CS,Bar Code,,10081652097331,CASE,,2024-07-29,,
09734K,,CS,Bar Code,,081652097341,RETAIL 2023_04_14,,2024-07-29,,
09734K,,CS,Bar Code,,10081652097348,WH 2023_04_14,,2024-07-29,,
09737K,,CS,Bar Code,,081650097374,EACH,,2024-07-29,2024-07-30,
09737K,,CS,Bar Code,,081652097372,RETAIL 2023_04_14,,2024-07-29,2024-07-30,
09737K,,CS,Bar Code,,081652097374,EACH,,2024-07-29,2024-07-30,
09737K,,CS,Bar Code,,10081652097379,WH 2023_04_14,,2024-07-29,2024-07-30,
09739K,,CS,Bar Code,,081652097396,RETAIL 2023_05_10,,2024-07-29,,
09739K,,CS,Bar Code,,10081652097393,WH 2023_05_10,,2024-07-29,,
09742J,,CS,Bar Code,,081652097426,EACH,,2024-07-29,2025-05-30,
09742J,,CS,Bar Code,,10081652097423,CASE,,2024-07-29,2025-05-30,
09743K,,CS,Bar Code,,28801117761909,WH 2023_04_14,,2024-07-29,,
09743K,,CS,Bar Code,,8801117761905,RETAIL 2023_04_14,,2024-07-29,,
09745J,,CS,Bar Code,,081652097457,RETAIL 2023_05_09,,2024-07-29,,
09745J,,CS,Bar Code,,10081652097454,WH 2023_05_09,,2024-07-29,,
09746K,,CS,Bar Code,,081652097464,RETAIL 2023_04_14,,2024-07-29,,
09746K,,CS,Bar Code,,10081652097461,WH 2023_04_14,,2024-07-29,,
09747P,,CS,Bar Code,,14800194177082,WH 2023_05_09,,2024-07-29,,
09747P,,CS,Bar Code,,4800194177085,RETAIL 2023_05_09,,2024-07-29,,
09748P,,CS,Bar Code,,14800194177969,WH 2023_04_14,,2024-07-29,,
09748P,,CS,Bar Code,,4800194177962,RETAIL 2023_04_14,,2024-07-29,,
09756K,,CS,Bar Code,,031146205202,RETAIL 2023_04_14,,2024-07-29,,
09756K,,CS,Bar Code,,031146700080,WH 2023_04_14,,2024-07-29,,
09763K,,CS,Bar Code,,081652097631,RETAIL 2023_04_14,,2024-07-29,,
09763K,,CS,Bar Code,,10081652097638,WH 2023_04_14,,2024-07-29,,
09764K,,CS,Bar Code,,081652097648,RETAIL 2023_05_09,,2024-07-29,2024-07-30,
09764K,,CS,Bar Code,,10081652097645,WH 2023_05_09,,2024-07-29,2024-07-30,
09771K,,CS,Bar Code,,081652097716,RETAIL 2023_04_10,,2024-07-29,,
09771K,,CS,Bar Code,,10081652097713,WH 2023_04_10,,2024-07-29,,
09775K,,CS,Bar Code,,18805495000363,WH 2023_04_14,,2024-07-29,,
09775K,,CS,Bar Code,,8805495000366,RETAIL 2023_04_14,,2024-07-29,,
09787K,,CS,Bar Code,,8809000435254,WH 2023_04_14,,2024-07-29,2024-07-30,
09794K,,CS,Bar Code,,081652097945,RETAIL 2023_05_09,,2024-07-29,2024-07-30,
09794K,,CS,Bar Code,,10081652097942,WH 2023_05_09,,2024-07-29,2024-07-30,
09806K,,CS,Bar Code,,8805609012346,EACH,,2024-07-29,2024-07-30,
09836K,,CS,Bar Code,,18801117912403,WH 2023_04_24,,2024-07-29,,
09836K,,CS,Bar Code,,8801117268206,RETAIL 2023_04_24,,2024-07-29,,
09837K,,CS,Bar Code,,18801117956209,WH 2023_04_14,,2024-07-29,,
09837K,,CS,Bar Code,,8801117956202,RETAIL 2023_04_14,,2024-07-29,,
09842K,,CS,Bar Code,,18801111110621,WH 2023_04_24,,2024-07-29,2024-07-30,
09842K,,CS,Bar Code,,8801111110624,RETAIL 2023_04_24,,2024-07-29,2024-07-30,
09843K,,CS,Bar Code,,18801019306300,CASE,,2024-07-29,2024-07-30,
09843K,,CS,Bar Code,,18801019309585,CASE,,2024-07-29,2024-07-30,
09843K,,CS,Bar Code,,18801019310611,CASE,,2024-07-29,2024-07-30,
09843K,,CS,Bar Code,,8801019306303,EACH,,2024-07-29,2024-07-30,
09843K,,CS,Bar Code,,8801019309588,EACH,,2024-07-29,2024-07-30,
09843K,,CS,Bar Code,,8801019310614,EACH,,2024-07-29,2024-07-30,
09845K,,CS,Bar Code,,031146032655,RETAIL 2023_04_14,,2024-07-29,,
09845K,,CS,Bar Code,,031146032662,WH 2023_04_14,,2024-07-29,,
09846K,,CS,Bar Code,,28801062519372,WH 2023_04_14,,2024-07-29,,
09846K,,CS,Bar Code,,8801062519378,RETAIL 2023_04_14,,2024-07-29,,
09847K,,CS,Bar Code,,18801062146496,CASE,,2024-07-29,,
09847K,,CS,Bar Code,,607279240290,EACH,,2024-07-29,,
09869K,,CS,Bar Code,,18801382124525,WH 2023_04_14,,2024-07-29,,
09869K,,CS,Bar Code,,8801382124528,RETAIL 2023_04_14,,2024-07-29,,
09870K,,CS,Bar Code,,648436121441,WH 2023_04_24,,2024-07-29,2025-02-28,
09870K,,CS,Bar Code,,648436330676,RETAIL 2023_04_24,,2024-07-29,2025-02-28,
09872K,,CS,Bar Code,,648436121458,WH 2023_04_24,,2024-07-29,,
09872K,,CS,Bar Code,,648436330669,RETAIL 2023_04_24,,2024-07-29,,
09873K,,CS,Bar Code,,648436330539,CASE,,2024-07-29,,
09873K,,CS,Bar Code,,648436330683,EACH,,2024-07-29,,
09874K,,CS,Bar Code,,648436330508,WH 2023_04_14,,2024-07-29,2025-02-28,
09874K,,CS,Bar Code,,648436330652,RETAIL 2023_04_14,,2024-07-29,2025-02-28,
09875K,,CS,Bar Code,,18801382126567,CASE,,2024-07-29,,
09875K,,CS,Bar Code,,8801382126560,EACH,,2024-07-29,,
09880K,,CS,Bar Code,,18801382126512,CASE,,2024-07-29,,
09880K,,CS,Bar Code,,8801382126515,RETAIL 2023_04_04,,2024-07-29,,
09900J,,CS,Bar Code,,081652099000,RETAIL 2023_04_24,,2024-07-29,,
09900J,,CS,Bar Code,,10081652099007,WH 2023_04_24,,2024-07-29,,
09902K,,CS,Bar Code,,18801382124846,CASE,,2024-07-29,,
09902K,,CS,Bar Code,,8801382124849,EACH,,2024-07-29,,
09903K,,CS,Bar Code,,081652099031,WH 2023_03_17,,2024-07-29,2024-07-30,
09903K,,CS,Bar Code,,78801056005237,WH 2023_03_17,,2024-07-29,2024-07-30,
09903K,,CS,Bar Code,,8801056005214,RETAIL 2023_03_17,,2024-07-29,2024-07-30,
09903K,,CS,Bar Code,,8801056005221,BOX,,2024-07-29,2024-07-30,
09905J,,CS,Bar Code,,081652099055,EACH,,2024-07-29,,
09905J,,CS,Bar Code,,10081652099052,BOX,,2024-07-29,,
09907K,,CS,Bar Code,,648436300594,EACH,,2024-07-29,2024-07-30,
09907K,,CS,Bar Code,,648436330416,CASE,,2024-07-29,2024-07-30,
09909K,,CS,Bar Code,,648436300600,EACH,,2024-07-29,2024-07-30,
09909K,,CS,Bar Code,,648436330423,CASE,,2024-07-29,2024-07-30,
09910K,,CS,Bar Code,,18801382123443,WH 2023_04_04,,2024-07-29,,
09910K,,CS,Bar Code,,8801382123446,RETAIL 2023_04_04,,2024-07-29,,
09912K,,CS,Bar Code,,8801056023492,WH 2023_04_10,,2024-07-29,,
09912K,,CS,Bar Code,,8801056290016,RETAIL 2023_04_10,,2024-07-29,,
09912K,,CS,Bar Code,,8801056290061,WH 2023_04_10,,2024-07-29,,
09915K,,CS,Bar Code,,081652099154,RETAIL 2023_03_17,,2024-07-29,,
09915K,,CS,Bar Code,,10081652099151,WH 2023_03_17,,2024-07-29,,
09916K,,CS,Bar Code,,081652099161,RETAIL 2023_03_17,,2024-07-29,,
09916K,,CS,Bar Code,,10081652099168,WH 2023_03_17,,2024-07-29,,
09920K,,CS,Bar Code,,18801382131035,WH 2023_04_04,,2024-07-29,,
09920K,,CS,Bar Code,,8801382131038,RETAIL 2023_04_04,,2024-07-29,,
09921J,,CS,Bar Code,,14902494000012,CASE,,2024-07-29,,
09921J,,CS,Bar Code,,14902494008001,WH 2023_04_04,,2024-07-29,,
09921J,,CS,Bar Code,,4902494000015,BOX,,2024-07-29,,
09921J,,CS,Bar Code,,4902494008004,RETAIL 2023_04_04,,2024-07-29,,
09921J,,CS,Bar Code,,4902494060095,WH 2023_04_04,,2024-07-29,,
09922J,,CS,Bar Code,,081652099222,EACH,,2024-07-29,,
09923K,,CS,Bar Code,,68801056034582,WH 2023_04_10,,2024-07-29,,
09923K,,CS,Bar Code,,8801056005672,RETAIL 2023_04_10,,2024-07-29,,
09923K,,CS,Bar Code,,8801056034573,WH 2023_04_10,,2024-07-29,,
09924J,,CS,Bar Code,,081652099246,RETAIL 2023_05_09,,2024-07-29,,
09927K,,CS,Vendor,10460,D-GSH01,,,,,
09927K,,CS,Bar Code,,196852654185,RETAIL,,2024-08-29,,
09929K,,CS,Bar Code,,648436320042,EACH,,2024-07-29,2024-07-30,
09929K,,CS,Bar Code,,648436350049,CASE,,2024-07-29,2024-07-30,
09930K,,CS,Bar Code,,8801128943406,EACH,,2024-07-29,2024-07-30,
09930K,,CS,Bar Code,,8801128943413,CASE,,2024-07-29,2024-07-30,
09931K,,CS,Bar Code,,081652099314,RETAIL 2023_04_04,,2024-07-29,,
09931K,,CS,Bar Code,,10081652099311,WH 2023_05_22,,2024-07-29,,
09931K,,CS,Bar Code,,4545732099312,RETAIL 2023_05_22,,2024-07-29,,
09932K,,CS,Bar Code,,18806011412769,WH 2023_04_04,,2024-07-29,,
09932K,,CS,Bar Code,,8806011412762,RETAIL 2023_04_04,,2024-07-29,,
09932K,,CS,Bar Code,,8806011412847,WH 2023_04_04,,2024-07-29,,
09934K,,CS,Bar Code,,678108480019,WH 2023_04_04,,2024-07-29,2024-08-30,
09934K,,CS,Bar Code,,769972102029,RETAIL 2023_04_04,,2024-07-29,2024-08-30,
09934K,,CS,Bar Code,,769972102036,BOX,,2024-07-29,2024-08-30,
09942K,,CS,Bar Code,,648436320035,EACH,,2024-07-29,2024-07-30,
09942K,,CS,Bar Code,,648436350032,CASE,,2024-07-29,2024-07-30,
09948C,,CS,Bar Code,,077521321013,RETAIL 2023_04_04,,2024-07-29,,
09948C,,CS,Bar Code,,077521720014,WH 2023_04_04,,2024-07-29,,
09949K,,CS,Bar Code,,68801056033332,CASE,,2024-07-29,,
09949K,,CS,Bar Code,,8801056755010,RETAIL 2023_05_09,,2024-07-29,,
09955K,,CS,Bar Code,,081652099550,EACH,,2025-04-15,,
09955K,,CS,Bar Code,,10081652099557,CASE,,2025-04-15,,
09961K,,CS,Vendor,10331,11211011F,,,,,
09961K,,CS,Bar Code,,60809939073558,WH 2023_04_04,,2024-07-29,,
09961K,,CS,Bar Code,,809939073549,RETAIL 2023_04_04,,2024-07-29,,
09961K,,CS,Bar Code,,809939073563,WH 2023_04_04,,2024-07-29,,
09963K,,CS,Bar Code,,60809939087883,WH 2023_05_09,,2024-07-29,,
09963K,,CS,Bar Code,,809939087867,RETAIL 2023_05_09,,2024-07-29,,
09963K,,CS,Bar Code,,809939087874,WH 2023_05_09,,2024-07-29,,
09966K,,CS,Bar Code,,8801056192013,EACH,,2025-04-15,,
09967K,,CS,Bar Code,,18801097250045,WH 2023_04_24,,2024-07-29,,
09967K,,CS,Bar Code,,8801097250048,RETAIL 2023_04_24,,2024-07-29,,
09981K,,CS,Bar Code,,8801056002701,RETAIL 2023_05_09,,2024-07-29,,
09981K,,CS,Bar Code,,8801056002718,WH 2023_05_09,,2024-07-29,,
09981K,,CS,Bar Code,,8801056023546,WH 2023_05_09,,2024-07-29,,
09986K,,CS,Bar Code,,58801056002751,WH 2023_04_04,,2024-07-29,,
09986K,,CS,Bar Code,,8801056002749,RETAIL 2023_04_04,,2024-07-29,,
09990K,,CS,Bar Code,,081652099901,EACH,,2025-04-15,,
09990K,,CS,Bar Code,,10081652099908,CASE,,2025-04-15,,
09992K,,CS,Bar Code,,081652099925,RETAIL 2023_03_17,,2024-07-29,,
09992K,,CS,Bar Code,,10081652099922,WH 2023_03_17,,2024-07-29,,
09993K,,CS,Bar Code,,081652099932,RETAIL 2023_03_17,,2024-07-29,,
09993K,,CS,Bar Code,,10081652099939,WH 2023_03_17,,2024-07-29,,
09994K,,CS,Bar Code,,081652099949,RETAIL 2023_05_22,,2024-07-29,,
09994K,,CS,Bar Code,,10081652099946,CS,,2024-07-29,,
09996K,,CS,Bar Code,,081652099963,RETAIL 2023_03_17,,2024-07-29,,
09996K,,CS,Bar Code,,10081652099960,WH 2023_03_17,,2024-07-29,,
09998K,,CS,Bar Code,,081652099987,RETAIL 2023_04_04,,2024-07-29,,
09998K,,CS,Bar Code,,10081652099984,WH 2023_04_04,,2024-07-29,,
10001K,,CS,Bar Code,,18801097150031,WH 2023_04_04,,2024-07-29,,
10001K,,CS,Bar Code,,8801097150034,RETAIL 2023_04_04,,2024-07-29,,
10003K,,CS,Bar Code,,38801097150011,WH 2023_08_11,,2024-07-29,,
10003K,,CS,Bar Code,,8801097150010,EACH,,2024-07-29,,
10003K,,CS,Bar Code,,8801097150119,BOX,,2024-07-29,,
10011K,,CS,Bar Code,,081652100119,EACH,,2025-04-15,,
10011K,,CS,Bar Code,,10081652100116,CASE,,2025-04-15,,
10016K,,CS,Bar Code,,081652100164,RETAIL 2023_04_24,,2024-07-29,,
10016K,,CS,Bar Code,,10000052100161,WH 2023_04_24,,2024-07-29,,
10016K,,CS,Bar Code,,10081652100161,,,2024-11-01,,
10017K,,CS,Bar Code,,081652100171,RETAIL 2023_04_24,,2024-07-29,,
10017K,,CS,Bar Code,,10081652100178,WH 2023_04_24,,2024-07-29,,
10018K,,CS,Bar Code,,081652100188,EACH,,2024-07-29,,
10018K,,CS,Bar Code,,10081652100185,,,2024-11-01,,
10019K,,CS,Bar Code,,18801674710207,WH 2023_04_04,,2024-07-29,,
10019K,,CS,Bar Code,,8801674210205,RETAIL 2023_04_04,,2024-07-29,,
10029K,,CS,Bar Code,,28801037019470,WH 2023_04_10,,2024-07-29,,
10029K,,CS,Bar Code,,8801037019476,WH 2023_04_10,,2024-07-29,,
10032K,,CS,Bar Code,,18801069217823,CASE,,2024-07-29,2024-07-30,
10032K,,CS,Bar Code,,8801069175546,EACH,,2024-07-29,2024-07-30,
10034K,,CS,Bar Code,,18801069215904,CASE,,2024-07-29,2024-07-30,
10034K,,CS,Bar Code,,8801069174037,EACH,,2024-07-29,2024-07-30,
10035K,,CS,Bar Code,,081652100355,EACH,,2024-07-29,,
10035K,,CS,Bar Code,,10081652100352,,,2024-11-01,,
10036K,,CS,Bar Code,,081652100362,RETAIL 2023_04_24,,2024-07-29,,
10036K,,CS,Bar Code,,10081652100369,WH 2023_04_24,,2024-07-29,,
10037K,,CS,Bar Code,,081652100379,RETAIL 2023_05_09,,2024-07-29,,
10037K,,CS,Bar Code,,10081652100376,WH 2023_05_22,,2024-07-29,,
10048K,,CS,Bar Code,,081652100485,RETAIL 2023_05_09,,2024-07-29,2025-07-11,
10048K,,CS,Bar Code,,10081652100482,WH 2023_05_09,,2024-07-29,2025-07-11,
10051P,,CS,Bar Code,,14800194114469,,,2024-11-01,2024-11-02,
10051P,,CS,Bar Code,,4800194114462,RETAIL,,2024-11-01,2024-11-02,
10052P,,CS,Bar Code,,14800194152324,,,2024-11-01,2024-11-02,
10052P,,CS,Bar Code,,4800194152327,RETAIL,,2024-11-01,2024-11-02,
10053P,,CS,Bar Code,,14800194150672,,,2024-11-01,2024-11-02,
10053P,,CS,Bar Code,,4800194150675,RETAIL,,2024-11-01,2024-11-02,
10068D,,CS,Bar Code,,021273200126,RETAIL 2023_05_09,,2024-07-29,,
10077D,,CS,Bar Code,,081652100775,EACH,,2024-07-29,,
10080D,,CS,Bar Code,,081652100805,RETAIL 2023_05_09,,2024-07-29,,
10083K,,CS,Bar Code,,081652100836,RETAIL 2023_03_17,,2024-07-29,,
10083K,,CS,Bar Code,,10081652100833,WH 2023_03_17,,2024-07-29,,
10088K,,CS,Bar Code,,081652100881,EACH,,2025-04-15,,
10088K,,CS,Bar Code,,10081652100888,CASE,,2025-04-15,,
10091K,,CS,Bar Code,,18801013840022,CASE,,2024-07-29,,
10091K,,CS,Bar Code,,8801013840025,RETAIL,,2024-07-29,,
10095D,,CS,Bar Code,,081652100959,RETAIL 2023_04_04,,2024-07-29,2024-07-30,
10095D,,CS,Bar Code,,10081652100956,WH 2023_04_04,,2024-07-29,2024-07-30,
10097D,,CS,Bar Code,,081652100973,RETAIL 2023_05_09,,2024-07-29,,
10098D,,CS,Bar Code,,081652100980,RETAIL 2023_05_09,,2024-07-29,,
10099K,,CS,Bar Code,,081652100997,RETAIL 2023_05_09,,2024-07-29,,
10099K,,CS,Bar Code,,10001652100994,WH 2023_05_09,,2024-07-29,,
10099K,,CS,Bar Code,,10081652100994,,,2024-11-01,,
10100K,,CS,Bar Code,,081652101000,RETAIL 2023_04_04,,2024-07-29,2025-04-25,
10100K,,CS,Bar Code,,10081652101007,WH 2023_04_04,,2024-07-29,2025-04-25,
10101K,,CS,Bar Code,,28801037019661,WH 2023_04_10,,2024-07-29,,
10101K,,CS,Bar Code,,8801037019667,RETAIL 2023_04_10,,2024-07-29,,
10112K,,CS,Bar Code,,8809083872557,EACH,,2025-04-15,,
10140J,,EA,Bar Code,,4901046331355,EACH,,2024-07-29,2024-07-30,
10169D,,CS,Bar Code,,781308001288,EACH,,2024-07-29,2024-07-30,
10170D,,CS,Bar Code,,781308001233,EACH,,2024-07-29,2024-07-30,
10171J,,EA,Bar Code,,4901046321318,EACH,,2024-07-29,2024-07-30,
10172D,,CS,Bar Code,,023991251015,EACH,,2024-07-29,2024-07-30,
10173D,,CS,Bar Code,,023991251022,EACH,,2024-07-29,2024-07-30,
10174D,,CS,Bar Code,,023991251039,EACH,,2024-07-29,2024-07-30,
10177D,,CS,Bar Code,,781308001301,EACH,,2024-07-29,2024-07-30,
10178D,,CS,Bar Code,,023991000033,EACH,,2024-07-29,2024-07-30,
10211K,,CS,Bar Code,,8803937066130,RETAIL 2023_05_09,,2024-07-29,2024-07-30,
10215K,,CS,Bar Code,,081652102151,EACH,,2025-04-15,,
10219K,,CS,Bar Code,,8803937066116,RETAIL 2023_04_04,,2024-07-29,,
10219K,,CS,Bar Code,,8805892000020,EACH,,2024-07-29,,
10220K,,CS,Bar Code,,8803937066123,RETAIL 2023_04_24,,2024-07-29,,
10224K,,CS,Bar Code,,8805892000174,RETAIL 2023_05_09,,2024-07-29,,
10225K,,CS,Bar Code,,8805892000235,RETAIL 2023_04_10,,2024-07-29,,
10245D,,CS,Bar Code,,081652102458,RETAIL 2023_04_14,,2024-07-29,2024-07-30,
10245D,,CS,Bar Code,,10081652102455,WH 2023_04_14,,2024-07-29,2024-07-30,
10261C,,EA,Bar Code,,6901317643017,EACH,,2024-07-29,,
10263C,,EA,Bar Code,,6901118910301,EACH,,2024-07-29,,
10264C,,EA,Bar Code,,6901118910325,EACH,,2024-07-29,,
10265C,,EA,Bar Code,,6901118910332,EACH,,2024-07-29,,
10266C,,CS,Bar Code,,081652102663,RETAIL 2023_04_10,,2024-07-29,,
10266C,,CS,Bar Code,,10081652102660,WH 2023_04_10,,2024-07-29,,
10274K,,CS,Bar Code,,18801674810075,WH 2023_03_17,,2024-07-29,,
10274K,,CS,Bar Code,,8801674710071,WH 2023_03_17,,2024-07-29,,
10274K,,CS,Bar Code,,8801674810078,RETAIL 2023_03_17,,2024-07-29,,
10275K,,CS,Bar Code,,18801674710030,WH 2023_03_17,,2024-07-29,,
10275K,,CS,Bar Code,,8801674710033,RETAIL 2023_03_17,,2024-07-29,,
10275K,,CS,Bar Code,,8801674810030,WH 2023_03_17,,2024-07-29,,
10285C,,CS,Bar Code,,081652021513,RETAIL 2023_05_09,,2024-07-29,2024-07-30,
10285C,,CS,Bar Code,,081652102854,RETAIL 2023_04_04,,2024-07-29,2024-07-30,
10285C,,CS,Bar Code,,10081652102851,WH 2023_05_09,,2024-07-29,2024-07-30,
10291K,,CS,Bar Code,,081652102915,RETAIL 2023_04_04,,2024-07-29,,
10291K,,CS,Bar Code,,10081652102912,WH 2023_04_04,,2024-07-29,,
10294K,,CS,Bar Code,,081652102946,RETAIL 2023_04_04,,2024-07-29,,
10294K,,CS,Bar Code,,10081652102943,WH 2023_04_04,,2024-07-29,,
10304K,,CS,Bar Code,,081652103042,RETAIL 2023_04_04,,2024-07-29,2024-07-30,
10304K,,CS,Bar Code,,10081652103049,WH 2023_04_04,,2024-07-29,2024-07-30,
10308K,,CS,Bar Code,,10081652103087,WH 2023_05_09,,2024-07-29,2024-07-30,
10308K,,CS,Bar Code,,8801550234790,RETAIL 2023_05_09,,2024-07-29,2024-07-30,
10351D,,CS,Bar Code,,081652102458,EACH,,2024-07-29,2024-07-30,
10351D,,CS,Bar Code,,10081652102455,CASE,,2024-07-29,2024-07-30,
10355J,,CS,Bar Code,,081652103554,RETAIL 2023_04_14,,2024-07-29,,
10355J,,CS,Bar Code,,10081652103551,WH 2023_04_14,,2024-07-29,,
10359K,,CS,Bar Code,,081652103592,RETAIL,,2024-07-29,,
10359K,,CS,Bar Code,,10081652103599,,,2024-07-29,,
10364C,,PL,Bar Code,,081652103837,RETAIL,,2025-06-30,2025-06-30,
10365C,,PL,Bar Code,,081652103844,RETAIL,,2025-06-30,2025-06-30,
10366K,,CS,Bar Code,,081652103660,RETAIL 2023_04_10,,2024-07-29,,
10366K,,CS,Bar Code,,10081652103667,WH 2023_04_10,,2024-07-29,,
10367K,,CS,Bar Code,,081652103677,RETAIL 2023_04_14,,2024-07-29,,
10367K,,CS,Bar Code,,10081652103674,WH 2023_04_14,,2024-07-29,,
10368K,,CS,Bar Code,,081652103684,RETAIL 2023_04_14,,2024-07-29,,
10368K,,CS,Bar Code,,10080052103681,WH 2023_04_14,,2024-07-29,,
10368K,,CS,Bar Code,,10081652103681,CASE,,2024-07-29,,
10369K,,CS,Bar Code,,081652103691,RETAIL 2023_05_09,,2024-07-29,,
10369K,,CS,Bar Code,,10081652103698,WH 2023_05_09,,2024-07-29,,
10370K,,CS,Bar Code,,081652103707,RETAIL 2023_04_14,,2024-07-29,,
10370K,,CS,Bar Code,,10081652103704,WH 2023_04_14,,2024-07-29,,
10373K,,CS,Bar Code,,081652103738,RETAIL 2023_04_14,,2024-07-29,,
10373K,,CS,Bar Code,,10081652103735,WH 2023_04_14,,2024-07-29,,
10374K,,CS,Bar Code,,081652103745,RETAIL 2023_04_14,,2024-07-29,,
10374K,,CS,Bar Code,,10081652103742,WH 2023_04_14,,2024-07-29,,
10375K,,CS,Bar Code,,081652103752,RETAIL 2023_04_14,,2024-07-29,,
10375K,,CS,Bar Code,,10081652103759,WH 2023_04_14,,2024-07-29,,
10376K,,CS,Bar Code,,081652103769,RETAIL 2023_04_10,,2024-07-29,,
10376K,,CS,Bar Code,,10081652103766,WH 2023_04_10,,2024-07-29,,
10377K,,CS,Bar Code,,081652103776,EACH,,2024-07-29,,
10377K,,CS,Bar Code,,10081652103773,RETAIL 2023_04_10,,2024-07-29,,
10378K,,CS,Bar Code,,081652103783,RETAIL 2023_04_14,,2024-07-29,,
10378K,,CS,Bar Code,,10081652103780,WH 2023_04_14,,2024-07-29,,
10380K,,CS,Bar Code,,081652103806,RETAIL 2023_04_14,,2024-07-29,,
10380K,,CS,Bar Code,,10081652103803,WH 2023_04_14,,2024-07-29,,
10381K,,CS,Bar Code,,081652103813,EACH,,2025-04-15,,
10381K,,CS,Bar Code,,10081652103810,CASE,,2025-04-15,,
10382K,,CS,Bar Code,,081652103820,EACH,,2025-04-15,,
10382K,,CS,Bar Code,,10081652103827,CASE,,2025-04-15,,
10383K,,CS,Bar Code,,081652103837,RETAIL 2023_04_10,,2024-07-29,,
10383K,,CS,Bar Code,,10081652103834,WH 2023_04_10,,2024-07-29,,
10384K,,CS,Bar Code,,081652103844,RETAIL 2023_04_14,,2024-07-29,,
10384K,,CS,Bar Code,,10081652103841,WH 2023_04_14,,2024-07-29,,
10395K,,CS,Vendor,10400,99209,,,,,
10395K,,CS,Bar Code,,18801117992009,CASE,,2024-07-29,2025-06-20,
10395K,,CS,Bar Code,,8801117992002,RETAIL,,2024-07-29,2025-06-20,
10396K,,CS,Vendor,10400,99199,,,,,
10396K,,CS,Bar Code,,18801117991903,CASE,,2024-07-29,2025-08-01,
10396K,,CS,Bar Code,,8801117991906,RETAIL,,2024-07-29,2025-08-01,
10397K,,CS,Vendor,10400,99189,,,,,
10397K,,CS,Bar Code,,18801117991804,CASE,,2024-07-29,,
10397K,,CS,Bar Code,,8801117991807,RETAIL,,2024-07-29,,
10409V,,CS,Bar Code,,18934683008949,CASE,,2024-07-29,,
10409V,,CS,Bar Code,,840857002587,EACH,,2024-07-29,,
10414K,,CS,Bar Code,,18801204205166,,,2024-12-05,,
10414K,,CS,Bar Code,,8801204205169,RETAIL,,2024-12-05,,
10415K,,CS,Bar Code,,18801204204435,CASE,,2025-04-15,,
10415K,,CS,Bar Code,,18801204205135,,,2024-12-05,,
10415K,,CS,Bar Code,,8801204204438,EACH,,2025-04-15,,
10415K,,CS,Bar Code,,8801204205138,RETAIL,,2024-12-05,,
10416K,,CS,Bar Code,,18801204202578,WH 2023_04_14,,2024-07-29,,
10416K,,CS,Bar Code,,8801204202571,RETAIL 2023_04_14,,2024-07-29,,
10417K,,CS,Bar Code,,18801204202691,RETAIL 2023_04_14,,2024-07-29,2024-07-30,
10417K,,CS,Bar Code,,8801204202694,WH 2023_04_14,,2024-07-29,2024-07-30,
10418K,,CS,Bar Code,,18801204008668,,,2024-12-05,,
10418K,,CS,Bar Code,,8801204008661,RETAIL,,2024-12-05,,
10419K,,CS,Bar Code,,18801204203025,,,2024-07-01,,
10419K,,CS,Bar Code,,8801204203028,RETAIL,,2024-07-01,,
10424K,,CS,Bar Code,,18801204101734,,,2024-07-01,2024-10-07,
10424K,,CS,Bar Code,,8801204101737,RETAIL,,2024-07-01,2024-10-07,
10435K,,CS,Bar Code,,18801117977501,WH 2023_04_24,,2024-07-29,,
10435K,,CS,Bar Code,,8801117977504,RETAIL 2023_04_24,,2024-07-29,,
10436K,,CS,Bar Code,,18801117988309,CASE,,2024-07-29,2024-07-30,
10436K,,CS,Bar Code,,8801117988302,EACH,,2024-07-29,2024-07-30,
10437K,,CS,Bar Code,,18801117987500,WH 2023_04_14,,2024-07-29,,
10437K,,CS,Bar Code,,8801117983208,RETAIL 2023_04_14,,2024-07-29,,
10438K,,CS,Bar Code,,28801117956602,WH 2023_04_14,,2024-07-29,,
10438K,,CS,Bar Code,,8801117956608,RETAIL 2023_04_14,,2024-07-29,,
10439K,,CS,Bar Code,,18801117663206,,,2025-07-11,2025-07-11,
10439K,,CS,Bar Code,,88011171663209,RETAIL,,2025-07-11,2025-07-11,
10440K,,CS,Bar Code,,18801117663305,,,2025-07-11,2025-07-11,
10440K,,CS,Bar Code,,88011171663315,RETAIL,,2025-07-11,2025-07-11,
10441K,,CS,Bar Code,,18936036027010,CASE,,2024-07-01,2024-10-07,
10441K,,CS,Bar Code,,8936036027013,RETAIL,,2024-07-01,2024-10-07,
10442K,,CS,Bar Code,,18936036027027,CASE,,2024-07-01,2024-10-07,
10442K,,CS,Bar Code,,8936036027020,RETAIL,,2024-07-01,2024-10-07,
10443K,,CS,Bar Code,,18936036028970,CASE,,2024-07-01,2024-10-07,
10443K,,CS,Bar Code,,8936036028973,RETAIL,,2024-07-01,2024-10-07,
10444K,,CS,Vendor,10400,18829,,,,,
10444K,,CS,Bar Code,,18801117188204,,,2024-11-15,,
10444K,,CS,Bar Code,,8801117995911,RETAIL,,2024-11-15,,
10445K,,CS,Vendor,10400,99599,,,,,
10445K,,CS,Bar Code,,18801117995901,CASE,,2024-07-29,2024-12-27,
10446K,,CS,Vendor,10400,94239,,,,,
10446K,,CS,Bar Code,,18801117942301,CASE,,2024-07-29,,
10446K,,CS,Bar Code,,8801117942304,RETAIL,,2024-07-29,,
10447K,,CS,Vendor,10400,99709,,,,,
10447K,,CS,Bar Code,,18801117997004,CASE,,2024-07-29,,
10447K,,CS,Bar Code,,8801117997007,RETAIL,,2024-07-29,,
10448K,,CS,Vendor,10400,99719,,,,,
10448K,,CS,Bar Code,,18801117997103,,,2024-07-29,,
10448K,,CS,Bar Code,,8801117997106,RETAIL,,2024-07-29,,
10449K,,CS,Vendor,10400,99729,,,,,
10449K,,CS,Bar Code,,18801117997202,CASE,,2024-07-29,,
10449K,,CS,Bar Code,,8801117997205,RETAIL,,2024-07-29,,
10450K,,CS,Vendor,10400,99689,,,,2024-07-30,
10450K,,CS,Bar Code,,18801117996809,CASE,,2024-07-29,2024-07-30,
10450K,,CS,Bar Code,,8801117996802,RETAIL,,2024-07-29,2024-07-30,
10451K,,CS,Vendor,10400,99699,,,,,
10451K,,CS,Bar Code,,18801117996908,CASE,,2024-07-29,2025-05-30,
10451K,,CS,Bar Code,,8801117996901,RETAIL,,2024-07-29,2025-05-30,
10460K,,CS,Vendor,10386,102002451,,,,,
10460K,,CS,Bar Code,,031146020164,RETAIL,,2025-06-27,,
10460K,,CS,Bar Code,,031146020744,,,2025-06-27,,
10461K,,CS,Vendor,10386,102002453,,,,,
10461K,,CS,Bar Code,,031146021024,RETAIL,,2025-06-27,,
10461K,,CS,Bar Code,,031146021079,,,2025-06-27,,
10462K,,CS,Vendor,10386,102002539,,,,,
10462K,,CS,Bar Code,,031146036523,RETAIL,,2025-06-22,2025-06-22,
10462K,,CS,Bar Code,,031146037896,,,2025-06-22,2025-06-22,
10463K,,CS,Vendor,10386,102002568,,,,,
10463K,,CS,Bar Code,,031146041060,RETAIL,,2025-06-24,2025-06-24,
10463K,,CS,Bar Code,,031146041145,,,2025-06-24,2025-06-24,
10464K,,CS,Vendor,10386,102002569,,,,,
10464K,,CS,Bar Code,,031146041169,,,2025-06-25,2025-06-25,
10464K,,CS,Bar Code,,031146041671,,,2025-06-25,2025-06-25,
10465K,,CS,Bar Code,,18801204401599,,,2024-12-13,,
10465K,,CS,Bar Code,,8801204401592,RETAIL,,2024-12-13,,
10466K,,,Vendor,10400,67399,,,,,
10466K,,CS,Bar Code,,18801117673908,,,2025-06-03,2025-06-03,
10466K,,CS,Bar Code,,8801117673901,RETAIL,,2025-06-03,2025-06-03,
10467K,,,Vendor,10400,67359,,,,,
10467K,,CS,Bar Code,,18801117991705,,,2025-06-03,2025-06-03,
10467K,,CS,Bar Code,,8801117991708,RETAIL,,2025-06-03,2025-06-03,
10468K,,CS,Vendor,10400,67389,,,,,
10468K,,CS,Bar Code,,18801117673809,,,2025-06-03,2025-06-03,
10468K,,CS,Bar Code,,8801117673802,RETAIL,,2025-06-03,2025-06-03,
10469K,,CS,Vendor,10400,67369,,,,,
10469K,,CS,Bar Code,,18801117673601,,,2025-06-03,2025-06-03,
10469K,,CS,Bar Code,,8801117673604,RETAIL,,2025-06-03,2025-06-03,
10470K,,CS,Vendor,10400,67279,,,,,
10470K,,CS,Bar Code,,18801117672703,,,2025-06-03,2025-06-03,
10470K,,CS,Bar Code,,8801117672706,RETAIL,,2025-06-03,2025-06-03,
10471K,,CS,Vendor,11110,305072,,,,,
10471K,,CS,Bar Code,,10192699000243,CASE,,2024-07-29,,
10471K,,CS,Bar Code,,192699000246,RETAIL,,2024-07-29,,
10472K,,CS,Vendor,11110,305071,,,,,
10472K,,CS,Bar Code,,10192699000229,CASE,,2024-07-29,,
10472K,,CS,Bar Code,,192699000222,RETAIL,,2024-07-29,,
10473K,,CS,Vendor,11110,305070,,,,,
10473K,,CS,Bar Code,,10192699000236,CASE,,2024-07-29,,
10473K,,CS,Bar Code,,192699000239,RETAIL,,2024-07-29,,
10474K,,CS,Vendor,11110,306000,,,,,
10474K,,CS,Bar Code,,8801073310674,EACH,,2024-07-29,2024-11-01,
10474K,,CS,Bar Code,,8801073320697,CASE,,2024-07-29,2024-11-01,
10474K,,CS,Bar Code,,8801073340237,RETAIL,,2024-07-29,2024-11-01,
10475T,,CS,Bar Code,,8858702441018,RETAIL,,2025-05-06,2025-05-06,
10475T,,CS,Bar Code,,8858702442244,,,2025-05-06,2025-05-06,
10476T,,CS,Bar Code,,8858702443418,RETAIL,,2025-05-06,2025-05-06,
10476T,,CS,Bar Code,,8858702443432,,,2025-05-06,2025-05-06,
10477T,,CS,Bar Code,,8858702404273,EACH,,2024-07-29,2024-08-30,
10477T,,CS,Bar Code,,8858702424240,CASE,,2024-07-29,2024-08-30,
10478T,,CS,Bar Code,,8858702403634,EACH,,2024-07-29,2024-08-30,
10478T,,CS,Bar Code,,8858702424233,CASE,,2024-07-29,2024-08-30,
10479T,,CS,Bar Code,,18858702445860,,,2025-05-10,2025-05-10,
10479T,,CS,Bar Code,,844854001604,RETAIL,,2025-05-10,2025-05-10,
10480K,,CS,Vendor,11110,504468,,,,,
10480K,,CS,Bar Code,,10192699000687,,,2025-05-16,,
10480K,,CS,Bar Code,,192699000680,RETAIL,,2025-05-16,,
10481K,,CS,Vendor,11110,504470,,,,,
10481K,,CS,Bar Code,,10192699000700,,,2025-05-16,,
10481K,,CS,Bar Code,,192699000703,RETAIL,,2025-05-16,,
10482K,,CS,Vendor,11110,504469,,,,,
10482K,,CS,Bar Code,,10192699000694,,,2024-12-24,,
10482K,,CS,Bar Code,,192699000697,RETAIL,,2024-12-24,,
10483T,,CS,Vendor,10551,1-0046-BB,,,,,
10483T,,CS,Bar Code,,8858702444583,RETAIL,,2025-05-06,2025-05-06,
10483T,,CS,Bar Code,,885870244459,,,2025-05-06,2025-05-06,
10484T,,CS,Vendor,10551,1-0045-B,,,,,
10484T,,CS,Bar Code,,8858702440769,RETAIL,,2025-05-06,2025-05-06,
10484T,,CS,Bar Code,,8858702440776,,,2025-05-06,2025-05-06,
10487K,,CS,Bar Code,,'8809184805553,RETAIL,,2025-05-26,2025-05-26,
10488K,,CS,Bar Code,,'8809184805560,RETAIL,,2025-05-26,2025-05-26,
10489K,,CS,Bar Code,,'8809184805577,RETAIL,,2025-05-26,2025-05-26,
10490K,,CS,Bar Code,,'8809184805584,RETAIL,,2025-05-26,2025-05-26,
10491K,,CS,Bar Code,,'8809184805591,RETAIL,,2024-05-26,2024-05-26,
10492K,,CS,Bar Code,,'8809184808639,RETAIL,,2025-05-26,2025-05-26,
10493K,,CS,Bar Code,,8809184808868,RETAIL,,2025-05-26,2025-05-26,
10496K,,CS,Vendor,10069,20040,,,,,
10496K,,CS,Bar Code,,18801128945742,,,2025-04-25,,
10496K,,CS,Bar Code,,8801128945745,RETAIL,,2025-04-25,,
10496K,,CS,Bar Code,,8801128945752,,,2025-04-25,,
10497K,,CS,Vendor,10069,20023,,,,,
10497K,,CS,Bar Code,,10648436122834,,,2024-07-29,,
10497K,,CS,Bar Code,,648436122820,RETAIL,,2024-07-29,,
10498K,,CS,Bar Code,,648436122813,CASE,,2024-07-29,,
10498K,,CS,Bar Code,,648436300037,RETAIL 2023_04_04,,2024-07-29,,
10498K,,CS,Bar Code,,648436310036,WH 2023_04_04,,2024-07-29,,
10499K,,CS,Bar Code,,648436122677,RETAIL 2023_04_04,,2024-07-29,,
10499K,,CS,Bar Code,,648436122844,WH 2023_04_04,,2024-07-29,,
10510J,,CS,Bar Code,,14902074014316,,,2025-04-07,2025-04-07,
10510J,,CS,Bar Code,,4902074014319,,,2025-04-07,2025-04-07,
10511J,,CS,Bar Code,,14902074016853,,,2025-03-01,2025-03-02,
10511J,,CS,Bar Code,,4902074016856,RETAIL,,2025-03-01,2025-03-02,
10515J,,CS,Bar Code,,14901777064468,WH 2023_04_04,,2024-07-29,,
10515J,,CS,Bar Code,,4901777064461,RETAIL 2023_04_04,,2024-07-29,,
10515J,,CS,Bar Code,,4901777119451,WH 2023_04_04,,2024-07-29,,
10517J,,CS,Bar Code,,081652105176,RETAIL 2023_05_09,,2024-07-29,,
10518J,,CS,Bar Code,,081652105183,WH 2023_05_09,,2024-07-29,,
10522J,,CS,Bar Code,,081652105220,RETAIL 2023_04_04,,2024-07-29,,
10523J,,CS,Bar Code,,081652105237,RETAIL 2023_04_04,,2024-07-29,,
10524J,,CS,Bar Code,,081652105244,RETAIL 2023_04_04,,2024-07-29,,
10526K,,CS,Bar Code,,18801550005014,,,2024-11-08,,
10526K,,CS,Bar Code,,8801550005017,RETAIL,,2024-11-08,,
10527K,,CS,Bar Code,,18801550005007,,,2024-11-08,,
10527K,,CS,Bar Code,,8801550005000,RETAIL,,2024-11-08,,
10528K,,CS,Bar Code,,081652105282,EACH,,2024-07-29,,
10528K,,CS,Bar Code,,10081652105289,CASE,,2024-07-29,,
10528K,,CS,Bar Code,,18801550004734,CASE,,2024-07-29,,
10528K,,CS,Bar Code,,8801550004737,EACH,,2024-07-29,,
10529K,,CS,Bar Code,,081652105299,EACH,,2024-07-29,2025-05-09,
10529K,,CS,Bar Code,,10081652105296,CASE,,2024-07-29,2025-05-09,
10529K,,CS,Bar Code,,18801550003799,CASE,,2024-07-29,2025-05-09,
10529K,,CS,Bar Code,,8801550003792,EACH,,2024-07-29,2025-05-09,
10530T,,CS,Bar Code,,6291010901157,CASE,,2024-07-29,,
10530T,,CS,Bar Code,,707966789788,EACH,,2024-07-29,,
10532T,,CS,Bar Code,,6291010911224,EACH,,2024-07-29,,
10533T,,CS,Bar Code,,6291010700354,CASE,,2024-07-29,,
10533T,,CS,Bar Code,,6291010902949,EACH,,2024-07-29,,
10534T,,CS,Bar Code,,6291010902017,CASE,,2024-07-29,2024-08-02,
10534T,,CS,Bar Code,,6291010903403,EACH,,2024-07-29,2024-08-02,
10535V,,CS,Bar Code,,8938507849117,RETAIL 2023_04_04,,2024-07-29,,
10535V,,CS,Bar Code,,8938507849124,WH 2023_04_04,,2024-07-29,,
10536V,,CS,Bar Code,,8938507849131,RETAIL 2023_04_04,,2024-07-29,,
10536V,,CS,Bar Code,,8938507849148,WH 2023_04_04,,2024-07-29,,
10537V,,CS,Bar Code,,8938507849155,RETAIL 2023_05_09,,2024-07-29,,
10537V,,CS,Bar Code,,8938507849162,WH 2023_05_09,,2024-07-29,,
10538V,,CS,Bar Code,,8938507849179,EACH,,2024-07-29,,
10538V,,CS,Bar Code,,8938507849186,RETAIL 2023_04_04,,2024-07-29,,
10547K,,CS,Bar Code,,28806002018434,WH 2023_04_04,,2024-07-29,2025-06-20,
10547K,,CS,Bar Code,,8806002018430,RETAIL 2023_04_04,,2024-07-29,2025-06-20,
10548K,,CS,Bar Code,,8806002018676,EACH,,2024-07-29,2024-07-30,
10548K,,CS,Bar Code,,8806002018683,CASE,,2024-07-29,2024-07-30,
10549K,,CS,Bar Code,,8806002018652,EACH,,2024-07-29,2024-07-30,
10549K,,CS,Bar Code,,8806002018669,CASE,,2024-07-29,2024-07-30,
10563D,,CS,Bar Code,,6970399920583,CASE,,2024-07-29,2024-07-30,
10563D,,CS,Bar Code,,6970399921214,EACH,,2024-07-29,2024-07-30,
10564D,,CS,Bar Code,,6970399925793,CASE,,2024-07-29,2024-07-30,
10564D,,CS,Bar Code,,6970399925809,EACH,,2024-07-29,2024-07-30,
10565D,,CS,Bar Code,,6970399925625,CASE,,2024-07-29,2024-07-30,
10565D,,CS,Bar Code,,6970399925731,EACH,,2024-07-29,2024-07-30,
10566D,,CS,Bar Code,,6970399925649,CASE,,2024-07-29,2024-07-30,
10566D,,CS,Bar Code,,6970399925748,EACH,,2024-07-29,2024-07-30,
10567K,,CS,Bar Code,,28809388465038,CASE,,2024-07-01,2024-10-25,
10567K,,CS,Bar Code,,8809388465034,RETAIL,,2024-07-01,2024-10-25,
10568K,,CS,Bar Code,,28809388465045,CASE,,2024-07-29,2024-07-30,
10568K,,CS,Bar Code,,8809388465041,RETAIL,,2024-07-29,2024-07-30,
10569K,,CS,Bar Code,,28809388465052,CASE,,2024-07-29,2024-07-30,
10569K,,CS,Bar Code,,8809388465058,RETAIL,,2024-07-29,2024-07-30,
10570K,,CS,Bar Code,,18809388463877,,,2025-07-25,,
10570K,,CS,Bar Code,,8809388463870,RETAIL,,2025-07-25,,
10571K,,CS,Bar Code,,28809388466066,,,2025-08-01,,
10571K,,CS,Bar Code,,8809388466062,RETAIL,,2025-08-01,,
10579K,,CS,Bar Code,,18801068916703,,,2024-07-29,,
10579K,,CS,Bar Code,,8801068916706,RETAIL,,2024-07-29,,
10583K,,CS,Bar Code,,081652105831,EACH,,2025-04-15,,
10583K,,CS,Bar Code,,10081652105838,CASE,,2025-04-15,,
10586K,,CS,Bar Code,,081652105862,EACH,,2025-04-15,,
10586K,,CS,Bar Code,,10081652105869,CASE,,2025-04-15,,
10590K,,CS,Bar Code,,68801056317241,CASE,,2024-07-29,2024-07-30,
10590K,,CS,Bar Code,,8801056317126,EACH,,2024-07-29,2024-07-30,
10592K,,CS,Bar Code,,18801047292231,CASE,,2024-07-29,2024-07-30,
10592K,,CS,Bar Code,,8801047292234,EACH,,2024-07-29,2024-07-30,
10593K,,CS,Bar Code,,18801047290107,CASE,,2024-07-29,2024-07-30,
10593K,,CS,Bar Code,,8801047290100,EACH,,2024-07-29,2024-07-30,
10594K,,CS,Bar Code,,18801047290114,CASE,,2024-07-29,2024-07-30,
10594K,,CS,Bar Code,,8801047290117,EACH,,2024-07-29,2024-07-30,
10595K,,CS,Bar Code,,18801062864291,CASE,,2024-07-29,2024-07-30,
10595K,,CS,Bar Code,,8801062864294,EACH,,2024-07-29,2024-07-30,
10596K,,CS,Vendor,10153,28449,,,,,
10596K,,CS,Bar Code,,18801047284496,,,2024-07-29,2025-06-20,
10596K,,CS,Bar Code,,8801047284499,RETAIL,,2024-07-29,2025-06-20,
10597K,,CS,Vendor,10153,28448,,,,,
10597K,,CS,Bar Code,,18801047284489,,,2024-07-29,2025-07-11,
10597K,,CS,Bar Code,,8801047284482,RETAIL,,2024-07-29,2025-07-11,
10605K,,CS,Bar Code,,68801056088530,CASE,,2024-07-29,,
10605K,,CS,Bar Code,,68809939084457,WH 2023_04_14,,2024-07-29,,
10605K,,CS,Bar Code,,809939084453,RETAIL 2023_04_14,,2024-07-29,,
10605K,,CS,Bar Code,,809939088512,WH 2023_04_14,,2024-07-29,,
10606K,,CS,Bar Code,,60809939073657,CASE,,2024-07-29,,
10606K,,CS,Bar Code,,809939073662,EACH,,2024-07-29,,
10607K,,CS,Bar Code,,68809939088509,WH 2023_05_22,,2024-07-29,,
10607K,,CS,Bar Code,,809939088505,RETAIL 2023_05_22,,2024-07-29,,
10608K,,CS,Bar Code,,68801056025818,WH 2023_05_22,,2024-07-29,,
10608K,,CS,Bar Code,,8801056006426,RETAIL 2023_05_22,,2024-07-29,,
10615W,,CS,Bar Code,,081652106159,RETAIL 2023_04_10,,2024-07-29,,
10615W,,CS,Bar Code,,10081652106156,WH 2023_04_10,,2024-07-29,,
10616W,,CS,Bar Code,,081652106166,RETAIL 2023_04_10,,2024-07-29,,
10616W,,CS,Bar Code,,10081652106163,WH 2023_04_10,,2024-07-29,,
10617W,,CS,Bar Code,,081652106173,RETAIL 2023_04_10,,2024-07-29,,
10617W,,CS,Bar Code,,10081652106170,WH 2023_04_10,,2024-07-29,,
10618K,,CS,Vendor,10331,112110113,,,,,
10618K,,CS,Bar Code,,8801056244897,RETAIL,,2024-10-01,2024-11-22,
10620K,,CS,Bar Code,,18801069410620,CASE,,2024-07-29,2024-07-30,
10620K,,CS,Bar Code,,8801069410623,EACH,,2024-07-29,2024-07-30,
10621K,,CS,Bar Code,,18801069409631,CASE,,2024-07-29,2024-07-30,
10621K,,CS,Bar Code,,8801069409634,EACH,,2024-07-29,2024-07-30,
10624K,,CS,Bar Code,,8806002015736,EACH,,2024-07-29,2024-07-30,
10624K,,CS,Bar Code,,8806002015743,CASE,,2024-07-29,2024-07-30,
10625K,,CS,Bar Code,,8806002015712,RETAIL 2023_03_17,,2024-07-29,2024-07-30,
10625K,,CS,Bar Code,,8806002015729,WH 2023_03_17,,2024-07-29,2024-07-30,
10626K,,CS,Bar Code,,18806002001859,,,2024-07-29,,
10626K,,CS,Bar Code,,8806002001852,RETAIL,,2024-07-29,,
10627K,,CS,Vendor,10271,02018,,,,,
10627K,,CS,Bar Code,,18806002020188,,,2024-07-29,,
10627K,,CS,Bar Code,,8806002020181,RETAIL,,2024-07-29,,
10628K,,CS,Vendor,10271,02017,,,,,
10628K,,CS,Bar Code,,28806002020178,,,2024-07-29,,
10628K,,CS,Bar Code,,8806002020174,RETAIL,,2024-07-29,,
10629K,,CS,Bar Code,,28806002022189,,,2024-07-29,2024-12-27,
10629K,,CS,Bar Code,,8806002022192,RETAIL,,2024-07-29,2024-12-27,
10630V,,CS,Bar Code,,18935000567101,,,2025-08-15,,
10630V,,CS,Bar Code,,8935000567104,RETAIL,,2025-08-15,,
10631V,,CS,Bar Code,,18935000567057,,,2025-08-15,,
10631V,,CS,Bar Code,,8935000567050,RETAIL,,2025-08-15,,
10632V,,CS,Bar Code,,18935000567033,,,2025-08-15,,
10632V,,CS,Bar Code,,8935000567036,RETAIL,,2025-08-15,,
10633V,,CS,Bar Code,,18935000567019,,,2025-08-15,,
10633V,,CS,Bar Code,,8935000567012,RETAIL,,2025-08-15,,
10640K,,CS,Vendor,10069,20073,,,,,
10640K,,CS,Bar Code,,18809695254571,,,2024-09-26,,
10640K,,CS,Bar Code,,648436310364,RETAIL,,2024-09-26,,
10641K,,CS,Vendor,10069,20074,,,,,
10641K,,CS,Bar Code,,18809695254588,,,2024-09-26,2025-07-18,
10641K,,CS,Bar Code,,648436310357,RETAIL,,2024-09-26,2025-07-18,
10642K,,CS,Vendor,10069,20065,,,,,
10642K,,CS,Bar Code,,648436310340,RETAIL,,2025-02-20,,
10642K,,CS,Bar Code,,648436310586,,,2025-02-20,,
10643K,,CS,Vendor,10069,20066,,,,,
10643K,,CS,Bar Code,,648436310333,RETAIL,,2025-02-07,,
10643K,,CS,Bar Code,,648436310579,,,2025-02-07,,
10650T,,CS,Bar Code,,081652106500,EACH,,2025-07-25,,
10650T,,CS,Bar Code,,10081652106507,,,2025-07-25,,
10651T,,CS,Bar Code,,081652106517,EACH,,2025-07-25,,
10651T,,CS,Bar Code,,10081652106514,,,2025-07-25,,
10655T,,CS,Bar Code,,4711368413321,RETAIL,,2025-08-01,,
10655T,,CS,Bar Code,,4711368413338,,,2025-08-01,,
10656T,,CS,Bar Code,,4711368413123,RETAIL,,2025-08-01,,
10656T,,CS,Bar Code,,4711368413130,,,2025-08-01,,
10657T,,CS,Bar Code,,4711368413222,RETAIL,,2025-08-01,,
10657T,,CS,Bar Code,,4711368413239,,,2025-08-01,,
10658V,,CS,Bar Code,,8938507849292,RETAIL,,2025-04-19,2025-04-19,
10658V,,CS,Bar Code,,8938507849308,,,2025-04-19,2025-04-19,
10659V,,CS,Bar Code,,8938507849315,RETAIL,,2025-04-19,2025-04-19,
10659V,,CS,Bar Code,,8938507849322,,,2025-04-19,2025-04-19,
10660K,,CS,Vendor,11135,13740,,,,,
10660K,,CS,Bar Code,,18801382150777,,,2024-10-03,,
10660K,,CS,Bar Code,,8801382150770,RETAIL,,2024-10-03,,
10661K,,CS,Vendor,11135,13666,,,,,
10661K,,CS,Bar Code,,18801382150494,,,2024-10-03,,
10661K,,CS,Bar Code,,8801382150497,RETAIL,,2024-10-03,,
10662K,,CS,Vendor,11135,13668,,,,,
10662K,,CS,Bar Code,,18801382150500,,,2024-10-03,,
10662K,,CS,Bar Code,,8801382150503,RETAIL,,2024-10-03,,
10663K,,CS,Vendor,11135,13670,,,,,
10663K,,CS,Bar Code,,18801382150517,,,2024-10-03,,
10663K,,CS,Bar Code,,8801382150510,RETAIL,,2024-10-03,,
10670K,,CS,Bar Code,,18801128283356,,,2025-08-01,,
10670K,,CS,Bar Code,,8801128283403,RETAIL,,2025-08-01,,
10675K,,CS,Vendor,10331,25429,,,,,
10675K,,CS,Bar Code,,809939235893,RETAIL,,2024-07-29,,
10676K,,CS,Vendor,10331,W11211091,,,,,
10676K,,CS,Bar Code,,809939242662,EACH,,2025-07-04,,
10685K,,CS,Vendor,11136,1010103768,,,,,
10685K,,CS,Bar Code,,28809388461191,,,2025-02-21,,
10685K,,CS,Bar Code,,8809388461197,RETAIL,,2025-02-21,,
10686K,,CS,Vendor,11136,1010103758,,,,,
10686K,,CS,Bar Code,,28809388464338,,,2025-02-21,,
10686K,,CS,Bar Code,,8809388464334,RETAIL,,2025-02-21,,
10687K,,CS,Vendor,11136,1010102252,,,,,
10687K,,CS,Bar Code,,38809388461365,,,2025-02-21,,
10687K,,CS,Bar Code,,8809388461364,RETAIL,,2025-02-21,,
10688K,,CS,Vendor,11136,1010102253,,,,,
10688K,,CS,Bar Code,,38809388461372,,,2025-02-21,,
10688K,,CS,Bar Code,,8809388461371,RETAIL,,2025-02-21,,
10689K,,CS,Bar Code,,18809388465789,,,2024-10-30,2025-04-25,
10689K,,CS,Bar Code,,8809388465782,RETAIL,,2024-10-30,2025-04-25,
10690K,,CS,Bar Code,,18809388465772,,,2024-10-30,2025-04-25,
10690K,,CS,Bar Code,,8809388465775,RETAIL,,2024-10-30,2025-04-25,
10696K,,CS,Bar Code,,18809189923440,CASE,,2024-07-29,2024-07-30,
10696K,,CS,Bar Code,,18809189924768,WH 2023_05_09,,2024-07-29,2024-07-30,
10696K,,CS,Bar Code,,8809189923443,EACH,,2024-07-29,2024-07-30,
10696K,,CS,Bar Code,,8809189924761,RETAIL 2023_05_09,,2024-07-29,2024-07-30,
10697K,,CS,Bar Code,,18801204903277,CASE,,2024-07-29,2024-08-02,
10697K,,CS,Bar Code,,8801204903270,EACH,,2024-07-29,2024-08-02,
10698K,,CS,Bar Code,,18801204008989,CASE,,2024-07-29,2024-08-02,
10698K,,CS,Bar Code,,18801204904137,CASE,,2024-07-29,2024-08-02,
10698K,,CS,Bar Code,,8801204008982,EACH,,2024-07-29,2024-08-02,
10698K,,CS,Bar Code,,8801204904130,EACH,,2024-07-29,2024-08-02,
10699K,,CS,Bar Code,,12000001010119,WH 2023_05_09,,2024-07-29,2024-08-02,
10699K,,CS,Bar Code,,2000001010112,RETAIL 2023_05_09,,2024-07-29,2024-08-02,
10700K,,CS,Bar Code,,12000001010171,WH 2023_05_09,,2024-07-29,2024-08-02,
10700K,,CS,Bar Code,,2000001010174,RETAIL 2023_05_09,,2024-07-29,2024-08-02,
10704K,,CS,Bar Code,,18809010969814,CASE,,2024-07-29,2024-07-30,
10704K,,CS,Bar Code,,8809010969817,EACH,,2024-07-29,2024-07-30,
10705K,,CS,Bar Code,,18809010969753,CASE,,2024-07-29,2024-07-30,
10705K,,CS,Bar Code,,8809010969756,EACH,,2024-07-29,2024-07-30,
10706K,,CS,Bar Code,,18801062859273,CASE,,2024-07-29,,
10706K,,CS,Bar Code,,8801062273355,RETAIL,,2024-07-29,,
10707K,,CS,Bar Code,,18801062859280,CASE,,2024-07-29,,
10707K,,CS,Bar Code,,8801062273317,RETAIL,,2024-07-29,,
10720K,,CS,Vendor,11109,1000245146,,,,,
10720K,,CS,Bar Code,,18801068922049,,,2025-05-30,2025-05-30,
10720K,,CS,Bar Code,,8801068922035,RETAIL,,2025-05-30,2025-05-30,
10721K,,CS,Vendor,11109,1000245145,,,,,
10721K,,CS,Bar Code,,18801068922025,,,2025-05-30,2025-05-30,
10721K,,CS,Bar Code,,8801068922011,RETAIL,,2025-05-30,2025-05-30,
10722K,,CS,Vendor,11109,1000245141,,,,,
10722K,,CS,Bar Code,,18801068393467,,,2025-05-30,2025-05-30,
10722K,,CS,Bar Code,,8801068393453,RETAIL,,2025-05-30,2025-05-30,
10723K,,CS,Vendor,11109,1000245142,,,,,
10723K,,CS,Bar Code,,18801068393504,,,2025-05-30,2025-05-30,
10723K,,CS,Bar Code,,8801068393491,RETAIL,,2025-05-30,2025-05-30,
10740K,,CS,Vendor,10271,70611,,,,,
10740K,,CS,Bar Code,,8806002000893,EACH,,2025-06-23,2025-06-23,
10740K,,CS,Bar Code,,8806002000909,RETAIL,,2025-06-23,2025-06-23,
10740K,,CS,Bar Code,,8806002002620,,,2025-06-23,2025-06-23,
10741K,,CS,Vendor,10271,72232,,,,,
10741K,,CS,Bar Code,,8806002011967,EACH,,2025-06-23,2025-06-23,
10741K,,CS,Bar Code,,'8806002011974,RETAIL,,2025-06-23,2025-06-23,
10741K,,CS,Bar Code,,8806002011981,,,2025-06-23,2025-06-23,
10795K,,CS,Bar Code,,18809184832921,CASE,,2024-07-29,2024-07-30,
10795K,,CS,Bar Code,,8809184832924,EACH,,2024-07-29,2024-07-30,
10796K,,CS,Bar Code,,18809189923822,CASE,,2024-07-29,2024-07-30,
10796K,,CS,Bar Code,,8809189923825,EACH,,2024-07-29,2024-07-30,
10797K,,CS,Bar Code,,18809189924676,WH 2023_05_09,,2024-07-29,2024-08-02,
10797K,,CS,Bar Code,,8809189924679,RETAIL 2023_05_09,,2024-07-29,2024-08-02,
10798K,,CS,Bar Code,,18809388463723,WH 2023_08_11,,2024-07-29,,
10798K,,CS,Bar Code,,8809388463723,CASE,,2024-07-29,,
10798K,,CS,Bar Code,,8809388463726,EACH,,2024-07-29,,
10799K,,CS,Bar Code,,18809388463747,WH 2023_08_11,,2024-07-29,,
10799K,,CS,Bar Code,,8809388463740,EACH,,2024-07-29,,
10799K,,CS,Bar Code,,8809388463747,CASE,,2024-07-29,,
10800K,,CS,Bar Code,,18801069229284,CASE,,2024-07-29,2024-07-30,
10800K,,CS,Bar Code,,8801069227917,EACH,,2024-07-29,2024-07-30,
10807K,,CS,Bar Code,,18809532581006,CASE,,2024-07-29,2024-07-30,
10807K,,CS,Bar Code,,8809532581009,EACH,,2024-07-29,2024-07-30,
10808K,,CS,Bar Code,,18809532581105,CASE,,2024-07-29,2024-07-30,
10808K,,CS,Bar Code,,8809532581108,EACH,,2024-07-29,2024-07-30,
10809K,,CS,Bar Code,,18809532581204,CASE,,2024-07-29,2024-07-30,
10809K,,CS,Bar Code,,8809532581207,EACH,,2024-07-29,2024-07-30,
10810K,,CS,Bar Code,,18801047292231,CASE,,2024-07-29,2024-07-30,
10810K,,CS,Bar Code,,8809532581405,EACH,,2024-07-29,2024-07-30,
10813K,,CS,Bar Code,,8801056023539,CASE,,2025-04-15,,
10813K,,CS,Bar Code,,8801056190019,EACH,,2025-04-15,,
10814K,,CS,Bar Code,,1009043356708,CASE,,2024-07-29,,
10814K,,CS,Bar Code,,8801056201012,EACH,,2024-07-29,,
10816K,,CS,Bar Code,,18801056000339,CASE,,2025-04-15,,
10816K,,CS,Bar Code,,8801056000332,EACH,,2025-04-15,,
10834K,,CS,Bar Code,,28801062475135,WH 2023_04_14,,2024-07-29,,
10834K,,CS,Bar Code,,8801062475148,RETAIL 2023_04_14,,2024-07-29,,
10835K,,CS,Bar Code,,18801062006202,CASE,,2024-07-29,,
10835K,,CS,Bar Code,,8801062006205,EACH,,2024-07-29,,
10836K,,CS,Bar Code,,18801062000781,WH 2023_04_10,,2024-07-29,,
10836K,,CS,Bar Code,,845502061407,RETAIL 2023_04_10,,2024-07-29,,
10840K,,CS,Bar Code,,28801062482140,WH 2023_05_09,,2024-07-29,2024-07-30,
10840K,,CS,Bar Code,,8801062336449,RETAIL 2023_05_09,,2024-07-29,2024-07-30,
10840K,,CS,Bar Code,,8801062482146,EACH,,2024-07-29,2024-07-30,
10841K,,CS,Vendor,10331,W5142861,,,,,
10841K,,CS,Bar Code,,18801062870490,,,2025-01-27,2025-01-27,
10841K,,CS,Bar Code,,8801062870493,RETAIL,,2025-01-27,2025-01-27,
10847K,,CS,Bar Code,,18801062878182,CASE,,2024-07-29,,
10847K,,CS,Bar Code,,845502021128,EACH,,2024-07-29,,
10849K,,CS,Bar Code,,031146058549,RETAIL 2023_04_14,,2024-07-29,,
10849K,,CS,Bar Code,,031146058556,WH 2023_04_14,,2024-07-29,,
10850K,,CS,Bar Code,,18801117761803,CASE,,2024-07-29,2024-07-30,
10850K,,CS,Bar Code,,8801117761806,EACH,,2024-07-29,2024-07-30,
10851K,,CS,Bar Code,,18801117983205,CASE,,2024-07-29,2024-07-30,
10851K,,CS,Bar Code,,8801117983208,EACH,,2024-07-29,2024-07-30,
10852K,,CS,Bar Code,,18801117985803,CASE,,2024-07-29,2024-07-30,
10852K,,CS,Bar Code,,8801117985806,EACH,,2024-07-29,2024-07-30,
10855K,,CS,Bar Code,,648436301027,RETAIL 2023_04_14,,2024-07-29,,
10855K,,CS,Bar Code,,648436331154,WH 2023_04_14,,2024-07-29,,
10856K,,CS,Bar Code,,648436301034,RETAIL 2023_04_14,,2024-07-29,,
10856K,,CS,Bar Code,,648436331161,WH 2023_04_14,,2024-07-29,,
10857K,,CS,Bar Code,,648436301010,RETAIL 2023_04_14,,2024-07-29,,
10857K,,CS,Bar Code,,648436331147,WH 2023_04_14,,2024-07-29,,
10858K,,CS,Vendor,10069,20061,,,,,
10858K,,CS,Bar Code,,648436330515,CASE,,2024-07-29,,
10858K,,CS,Bar Code,,648436330522,RETAIL,,2024-07-29,,
10865K,,CS,Bar Code,,18801073320779,CASE,,2024-07-29,2024-07-30,
10865K,,CS,Bar Code,,8801073310735,EACH,,2024-07-29,2024-07-30,
10868K,,CS,Bar Code,,18801117981409,WH 2023_05_09,,2024-07-29,,
10868K,,CS,Bar Code,,8801117981402,RETAIL 2023_05_09,,2024-07-29,,
10869K,,CS,Bar Code,,18801117988408,CASE,,2024-07-29,2024-07-30,
10869K,,CS,Bar Code,,8801117988401,EACH,,2024-07-29,2024-07-30,
10872D,,CS,Bar Code,,10875754003983,CASE,,2024-07-29,2024-07-30,
10872D,,CS,Bar Code,,875754003986,EACH,,2024-07-29,2024-07-30,
10873K,,CS,Bar Code,,18801117982017,WH 2023_04_14,,2024-07-29,,
10873K,,CS,Bar Code,,8801117982010,RETAIL 2023_04_14,,2024-07-29,,
10873K,,CS,Bar Code,,880117982010,EACH,,2024-07-29,,
10874K,,CS,Bar Code,,8801117960513,CASE,,2024-07-29,,
10875K,,CS,Bar Code,,8801117986018,WH 2023_07_03,,2024-07-29,,
10876K,,CS,Bar Code,,18801117984417,CASE,,2024-07-29,,
10877K,,CS,Bar Code,,8801117960704,CASE,,2024-07-29,,
10878K,,CS,Bar Code,,18801117984905,CASE,,2024-07-29,2024-07-30,
10880K,,CS,Bar Code,,18801068114727,WH 2023_05_09,,2024-07-29,2024-07-30,
10880K,,CS,Bar Code,,8801068114317,RETAIL 2023_05_09,,2024-07-29,2024-07-30,
10881K,,CS,Bar Code,,18801068114710,WH 2023_05_09,,2024-07-29,2024-07-30,
10881K,,CS,Bar Code,,8801068114300,RETAIL 2023_05_09,,2024-07-29,2024-07-30,
10882K,,CS,Bar Code,,18801068396994,WH 2023_05_09,,2024-07-29,,
10882K,,CS,Bar Code,,8801068396997,RETAIL 2023_05_09,,2024-07-29,,
10883K,,CS,Bar Code,,8801068050585,EACH,,2024-07-29,,
10884K,,CS,Bar Code,,18801068401438,WH 2023_05_09,,2024-07-29,2024-08-02,
10884K,,CS,Bar Code,,8801068401431,RETAIL 2023_05_09,,2024-07-29,2024-08-02,
10885K,,CS,Bar Code,,18801068401445,WH 2023_05_09,,2024-07-29,2024-08-02,
10885K,,CS,Bar Code,,8801068401448,RETAIL 2023_05_09,,2024-07-29,2024-08-02,
10886K,,CS,Bar Code,,18801068401452,WH 2023_05_09,,2024-07-29,2024-07-30,
10886K,,CS,Bar Code,,8801068401455,RETAIL 2023_05_09,,2024-07-29,2024-07-30,
10887K,,CS,Bar Code,,18801068402978,WH 2023_03_17,,2024-07-29,,
10887K,,CS,Bar Code,,18801068915744,,,2024-11-01,,
10887K,,CS,Bar Code,,8801068402971,RETAIL 2023_03_17,,2024-07-29,,
10887K,,CS,Bar Code,,8801068915747,RETAIL,,2024-11-01,,
10888K,,CS,Bar Code,,18801068402985,WH 2023_03_17,,2024-07-29,,
10888K,,CS,Bar Code,,18801068915737,,,2024-11-01,,
10888K,,CS,Bar Code,,8801068402988,RETAIL 2023_03_17,,2024-07-29,,
10888K,,CS,Bar Code,,8801068915730,RETAIL,,2024-11-01,,
10889K,,CS,Bar Code,,18801068923992,,,2024-12-27,,
10889K,,CS,Bar Code,,8801068923995,RETAIL,,2024-12-27,,
10890K,,CS,Bar Code,,18801068924005,,,2024-12-27,,
10890K,,CS,Bar Code,,8801068924008,RETAIL,,2024-12-27,,
10899K,,CS,Bar Code,,38803284604130,CASE,,2024-07-29,2024-07-30,
10899K,,CS,Bar Code,,8803284604139,EACH,,2024-07-29,2024-07-30,
10901K,,CS,Bar Code,,18801117990203,WH 2023_05_09,,2024-07-29,,
10901K,,CS,Bar Code,,8801117784508,RETAIL 2023_05_09,,2024-07-29,,
10902K,,CS,Bar Code,,18801117990302,CASE,,2024-07-29,,
10902K,,CS,Bar Code,,8801117981501,EACH,,2024-07-29,,
10903K,,CS,Bar Code,,18801117990401,WH 2023_05_09,,2024-07-29,,
10903K,,CS,Bar Code,,8801117985806,RETAIL 2023_05_09,,2024-07-29,,
10904K,,CS,Bar Code,,18801117989108,WH 2023_05_09,,2024-07-29,,
10904K,,CS,Bar Code,,8801117989101,RETAIL 2023_05_09,,2024-07-29,,
10907K,,CS,Vendor,10400,57059,,,,,
10907K,,CS,Bar Code,,100801117570511,,,2024-07-29,2024-08-30,
10907K,,CS,Bar Code,,8801117570514,RETAIL,,2024-07-29,2024-08-30,
10908K,,CS,Vendor,10400,18979,,,,,
10908K,,CS,Bar Code,,18801117189706,,,2024-10-03,2024-11-22,
10908K,,CS,Bar Code,,8801117189709,RETAIL,,2024-10-03,2024-11-22,
10909K,,CS,Vendor,10400,57689,,,,,
10909K,,CS,Bar Code,,18801117576810,,,2024-10-01,2024-10-24,
10909K,,CS,Bar Code,,8801117576813,RETAIL,,2024-10-01,2024-10-24,
10910K,,CS,Vendor,10400,57679,,,,,
10910K,,CS,Bar Code,,18801117576711,,,2024-10-04,2024-11-22,
10910K,,CS,Bar Code,,8801117576714,RETAIL,,2024-10-04,2024-11-22,
10911K,,CS,Vendor,10400,15818,,,,,
10911K,,CS,Bar Code,,28801117158112,,,2024-10-03,,
10911K,,CS,Bar Code,,8801117158118,RETAIL,,2024-10-03,,
10912K,,CS,Vendor,10400,18749,,,,,
10912K,,CS,Bar Code,,8801117187415,RETAIL,,2024-11-01,2024-11-02,
10913K,,CS,Vendor,10400,58009,,,,,
10913K,,CS,Bar Code,,8801117580018,RETAIL,,2025-04-25,2025-04-25,
10914K,,CS,Bar Code,,8801117657215,RETAIL,,2025-03-11,2025-03-11,
10915K,,CS,Vendor,10400,19979,,,,,
10915K,,CS,Bar Code,,18801117199705,,,2025-08-15,,
10915K,,CS,Bar Code,,8801117199708,RETAIL,,2025-08-15,,
10916K,,CS,Vendor,10400,18179,,,,,
10916K,,CS,Bar Code,,18801117181700,,,2025-04-21,2025-04-21,
10916K,,CS,Bar Code,,8801117181703,RETAIL,,2025-04-21,2025-04-21,
10917K,,CS,Vendor,10400,66729,,,,,
10918K,,CS,Vendor,10400,66739,,,,,
10918K,,CS,Bar Code,,18801117667303,,,2025-07-06,2025-07-06,
10918K,,CS,Bar Code,,8801117667306,RETAIL,,2025-07-06,2025-07-06,
10925K,,CS,Bar Code,,18801204205050,,,2025-04-27,2025-04-27,
10925K,,CS,Bar Code,,8801204205053,RETAIL,,2025-04-27,2025-04-27,
10930K,,CS,Bar Code,,10081652109300,,,2024-12-27,,
10930K,,CS,Bar Code,,8809406283701,RETAIL,,2024-12-27,,
10931K,,CS,Bar Code,,8809936951088,RETAIL,,2025-02-28,,
10935K,,CS,Vendor,10069,50034,,,,,
10935K,,CS,Bar Code,,648436310494,RETAIL,,2024-11-01,,
10935K,,CS,Bar Code,,648436310500,,,2024-11-01,,
10936K,,CS,Vendor,10069,50035,,,,,
10936K,,CS,Bar Code,,10648436310477,,,2024-11-01,,
10936K,,CS,Bar Code,,648436310487,RETAIL,,2024-11-01,,
10940K,,CS,Bar Code,,18809486992316,,,2025-01-24,,
10940K,,CS,Bar Code,,8809486992319,RETAIL,,2025-01-24,,
10941K,,CS,Bar Code,,18809486992187,,,2025-01-24,,
10941K,,CS,Bar Code,,8809486992180,RETAIL,,2025-01-24,,
10942K,,CS,Bar Code,,18809486992200,,,2025-01-24,,
10942K,,CS,Bar Code,,8809486992203,RETAIL,,2025-01-24,,
10943K,,CS,Bar Code,,18809486992194,,,2025-01-24,,
10943K,,CS,Bar Code,,8809486992197,RETAIL,,2025-01-24,,
10950C,,CS,Bar Code,,34711931037016,,,2025-04-02,2025-04-02,
10950C,,CS,Bar Code,,4711931037015,RETAIL,,2025-04-02,2025-04-02,
10951C,,CS,Bar Code,,34711931036972,,,2025-04-19,2025-04-19,
10951C,,CS,Bar Code,,4711931036971,RETAIL,,2025-04-19,2025-04-19,
10952C,,CS,Bar Code,,34711931036996,,,2025-04-19,2025-04-19,
10952C,,CS,Bar Code,,4711931036995,RETAIL,,2025-04-19,2025-04-19,
10953C,,CS,Bar Code,,34711931037009,,,2025-04-19,2025-04-19,
10953C,,CS,Bar Code,,4711931037008,RETAIL,,2025-04-19,2025-04-19,
10954C,,CS,Bar Code,,34711931036736,,,2025-04-19,2025-04-19,
10954C,,CS,Bar Code,,4711931036735,RETAIL,,2025-04-19,2025-04-19,
10955C,,CS,Bar Code,,34711931036750,,,2025-04-19,2025-04-19,
10955C,,CS,Bar Code,,4711931036759,RETAIL,,2025-04-19,2025-04-19,
10956C,,CS,Bar Code,,34711931036989,,,2025-04-19,2025-04-19,
10956C,,CS,Bar Code,,4711931036988,RETAIL,,2025-04-19,2025-04-19,
10957C,,CS,Bar Code,,34711931036743,,,2025-04-19,2025-04-19,
10957C,,CS,Bar Code,,4711931036742,RETAIL,,2025-04-19,2025-04-19,
10958C,,CS,Bar Code,,34711931036767,,,2025-04-19,2025-04-19,
10958C,,CS,Bar Code,,4711931036766,RETAIL,,2025-04-19,2025-04-19,
10959C,,CS,Bar Code,,34711931036729,,,2025-04-19,2025-04-19,
10959C,,CS,Bar Code,,4711931036728,RETAIL,,2025-04-19,2025-04-19,
10999K,,CS,Bar Code,,1880110494024,CASE,,2024-07-29,,
10999K,,CS,Bar Code,,18801104940242,WH 2023_05_09,,2024-07-29,,
10999K,,CS,Bar Code,,8801104940245,RETAIL 2023_05_09,,2024-07-29,,
11001K,,CS,Bar Code,,10769828221604,WH 2023_05_09,,2024-07-29,,
11001K,,CS,Bar Code,,769828221607,RETAIL 2023_05_09,,2024-07-29,,
11002K,,CS,Bar Code,,18801104940037,WH 2023_05_09,,2024-07-29,2024-07-30,
11002K,,CS,Bar Code,,8801104940030,RETAIL 2023_05_09,,2024-07-29,2024-07-30,
11003K,,CS,Bar Code,,18801104940150,WH 2023_05_09,,2024-07-29,2024-07-30,
11003K,,CS,Bar Code,,8801104940153,RETAIL 2023_05_09,,2024-07-29,2024-07-30,
11024K,,CS,Bar Code,,10769828940291,CASE,,2024-07-29,,
11024K,,CS,Bar Code,,769828940294,RETAIL,,2024-07-29,,
11025K,,CS,Vendor,10051,122388,,,,,
11025K,,CS,Bar Code,,10769828942691,,,2024-07-29,,
11025K,,CS,Bar Code,,769828942694,RETAIL,,2024-07-29,,
11026K,,CS,Vendor,10051,122389,,,,,
11026K,,CS,Bar Code,,10769828942660,,,2024-07-29,,
11026K,,CS,Bar Code,,769828942663,RETAIL,,2024-07-29,,
11048C,,CS,Bar Code,,18809827251713,,,2025-03-01,2025-03-02,
11048C,,CS,Bar Code,,8809827251716,EACH,,2025-03-01,2025-03-02,
11049C,,CS,Bar Code,,06970729569109,,,2025-05-23,,
11049C,,CS,Bar Code,,6970729569116,RETAIL,,2025-05-23,,
11080D,,BX,Bar Code,,4987234131013,EACH,,2024-07-29,2024-07-30,
12041K,,EA,Bar Code,,8809141980613,EACH,,2024-07-29,,
12103K,,CS,Bar Code,,565034,CS,,2024-07-29,,
12103K,,CS,Bar Code,,8165212103,EACH,,2024-07-29,,
12132K,,CS,Bar Code,,081652121329,RETAIL 2023_04_04,,2024-07-29,,
12132K,,CS,Bar Code,,10081652121326,WH 2023_04_04,,2024-07-29,,
12133K,,CS,Bar Code,,081652121336,RETAIL 2023_04_04,,2024-07-29,,
12133K,,CS,Bar Code,,10081652121333,WH 2023_04_04,,2024-07-29,,
12137K,,CS,Bar Code,,8801901021017,RETAIL 2023_04_04,,2024-07-29,,
12137K,,CS,Bar Code,,8801901021215,WH 2023_04_04,,2024-07-29,,
12139K,,CS,Bar Code,,081652121398,RETAIL 2023_04_04,,2024-07-29,,
12139K,,CS,Bar Code,,10081652121395,WH 2023_04_04,,2024-07-29,,
12142K,,CS,Bar Code,,18801901023117,CASE,,2024-07-29,,
12142K,,CS,Bar Code,,8801901023110,RETAIL,,2024-07-29,,
12165C,,BX,Vendor,10360,B206B,,,,,
12165C,,BX,Bar Code,,081652121657,EACH,,2024-07-29,,
12166C,,BX,Vendor,10360,B208B,,,,,
12166C,,BX,Bar Code,,081652121664,EACH,,2024-07-29,,
12168C,,BX,Vendor,10360,B212B,,,,,
12168C,,BX,Bar Code,,081652121688,EACH,,2024-07-29,,
12169C,,BX,Vendor,10360,B210B,,,,,
12169C,,BX,Bar Code,,20845332007310,CASE,,2024-07-29,,
12169C,,BX,Bar Code,,845332007316,EACH,,2024-07-29,,
12169C,,CS,Bar Code,,20845332007310,CASE,,2024-07-29,,
12259K,,CS,Bar Code,,081652122593,EACH,,2024-07-29,,
12301K,,CS,Bar Code,,8801250911106,EACH,,2025-04-15,,
12304K,,CS,Bar Code,,081652123040,RETAIL 2023_04_14,,2024-07-29,,
12304K,,CS,Bar Code,,10081652123047,WH 2023_04_14,,2024-07-29,,
12306K,,CS,Bar Code,,081652123064,RETAIL 2023_04_10,,2024-07-29,,
12306K,,CS,Bar Code,,10081652123061,WH 2023_04_10,,2024-07-29,,
12307K,,CS,Bar Code,,8801250921129,EACH,,2025-04-15,,
12314K,,CS,Bar Code,,8801250991221,EACH,,2025-04-15,,
12315K,,BX,Bar Code,,8802569100502,EACH,,2024-07-29,2025-06-20,
12321K,,CS,Bar Code,,081652123217,RETAIL 2023_04_04,,2024-07-29,,
12321K,,CS,Bar Code,,10081652123214,WH 2023_04_04,,2024-07-29,,
12322K,,CS,Bar Code,,081652123224,RETAIL 2023_04_04,,2024-07-29,,
12322K,,CS,Bar Code,,10081652123221,WH 2023_04_04,,2024-07-29,,
12323J,,CS,Bar Code,,081652123231,RETAIL 2023_04_04,,2024-07-29,2024-07-30,
12323J,,CS,Bar Code,,10081652123238,WH 2023_04_04,,2024-07-29,2024-07-30,
12327K,,CS,Bar Code,,081652123279,RETAIL 2023_04_04,,2024-07-29,,
12327K,,CS,Bar Code,,10081652123276,WH 2023_04_04,,2024-07-29,,
12337K,,CS,Bar Code,,081652123378,RETAIL 2023_04_04,,2024-07-29,,
12337K,,CS,Bar Code,,10081652123375,WH 2023_04_04,,2024-07-29,,
12400J,,EA,Bar Code,,4976654100815,EACH,,2024-07-29,2024-07-30,
12401J,,EA,Bar Code,,4976654100556,EACH,,2024-07-29,2024-07-30,
12402J,,EA,Bar Code,,4976654100563,RETAIL,,2024-07-29,,
12690K,,EA,Bar Code,,8802998024394,EA,,2024-07-29,,
12701J,,BX,Bar Code,,4901676001000,EACH,,2024-07-29,,
12701J,,BX,Bar Code,,4901676003004,EACH,,2024-07-29,,
13063K,,BX,Bar Code,,081652130635,EACH,,2024-07-29,,
13063K,,BX,Bar Code,,8809031234499,BOX,,2024-07-29,,
13064K,,BX,Bar Code,,081652130642,BOX,,2024-07-29,,
13064K,,BX,Bar Code,,8809031234307,EACH,,2024-07-29,,
13065K,,BX,Bar Code,,081652130659,BOX,,2024-07-29,,
13065K,,BX,Bar Code,,8809031234321,EACH,,2024-07-29,,
13186K,,CS,Bar Code,,18802739467159,,,2025-04-01,2025-04-02,
13186K,,CS,Bar Code,,8802739467152,RETAIL,,2025-04-01,2025-04-02,
13187K,,CS,Bar Code,,18802739475451,CASE,,2025-04-01,2025-04-02,
13187K,,CS,Bar Code,,8802739475454,RETAIL,,2025-04-01,2025-04-02,
13188K,,CS,Bar Code,,18802739475444,CASE,,2025-04-01,2025-04-02,
13188K,,CS,Bar Code,,8802739475447,RETAIL,,2025-04-01,2025-04-02,
13189K,,CS,Bar Code,,18802739475437,,,2025-04-01,2025-04-02,
13189K,,CS,Bar Code,,8802739475430,RETAIL,,2025-04-01,2025-04-02,
13190K,,CS,Bar Code,,0000002109220,WH 2023_04_10,,2024-07-29,2024-07-30,
13190K,,CS,Bar Code,,18801252046209,CASE,,2024-07-29,2024-07-30,
13190K,,CS,Bar Code,,8801252046202,RETAIL 2023_04_10,,2024-07-29,2024-07-30,
13191K,,CS,Bar Code,,0000002109235,WH 2023_04_14,,2024-07-29,,
13191K,,CS,Bar Code,,18801252046223,CASE,,2024-07-29,,
13191K,,CS,Bar Code,,8801252046226,RETAIL 2023_04_14,,2024-07-29,,
13192K,,CS,Bar Code,,0000002109279,WH 2023_04_10,,2024-07-29,,
13192K,,CS,Bar Code,,18801252046308,WH 2023_04_10,,2024-07-29,,
13192K,,CS,Bar Code,,8801252046301,RETAIL 2023_04_10,,2024-07-29,,
13193K,,CS,Bar Code,,0000002109280,WH 2023_04_10,,2024-07-29,,
13193K,,CS,Bar Code,,18801252046315,CASE,,2024-07-29,,
13193K,,CS,Bar Code,,8801252046318,RETAIL 2023_04_10,,2024-07-29,,
13194K,,CS,Bar Code,,18802739475543,,,2025-03-01,2025-04-02,
13194K,,CS,Bar Code,,8802739475546,RETAIL,,2025-03-01,2025-04-02,
13195K,,CS,Bar Code,,18802739475536,,,2025-03-01,2025-04-02,
13195K,,CS,Bar Code,,8802739475539,RETAIL,,2025-03-01,2025-04-02,
13196K,,CS,Bar Code,,18802739475529,,,2025-03-01,2025-04-02,
13196K,,CS,Bar Code,,8802739475522,RETAIL,,2025-03-01,2025-04-02,
13197K,,CS,Bar Code,,18802739470678,,,2025-03-01,2025-04-02,
13197K,,CS,Bar Code,,8802739470671,RETAIL,,2025-03-01,2025-04-02,
13198K,,CS,Bar Code,,18802739470661,,,2025-03-01,2025-04-02,
13198K,,CS,Bar Code,,8802739470664,RETAIL,,2025-03-01,2025-04-02,
13199K,,CS,Bar Code,,18802739470654,,,2025-03-01,2025-04-02,
13199K,,CS,Bar Code,,8802739470657,RETAIL,,2025-03-01,2025-04-02,
13300K,,CS,Vendor,11277,A21101009,,,,,
13300K,,CS,Bar Code,,645175522010,RETAIL,,2024-10-18,,
13300K,,CS,Bar Code,,645175920243,,,2024-10-18,,
13301K,,CS,Vendor,11277,A14106301,,,,,
13301K,,CS,Bar Code,,18801045892204,,,2024-11-16,,
13301K,,CS,Bar Code,,8801045892207,RETAIL,,2024-11-16,,
13302K,,CS,Vendor,11277,A14106305,,,,,
13302K,,CS,Bar Code,,18801045892242,,,2025-01-31,,
13302K,,CS,Bar Code,,8801045892245,RETAIL,,2025-01-31,,
13303K,,CS,Vendor,11277,A14106310,,,,,
13303K,,CS,Bar Code,,18801045892341,,,2024-11-16,,
13303K,,CS,Bar Code,,8801045892344,RETAIL,,2024-11-16,,
13304K,,CS,Vendor,11277,A19310093,,,,,
13304K,,CS,Bar Code,,18801045875535,,,2024-11-16,,
13304K,,CS,Bar Code,,8801045875538,RETAIL,,2024-11-16,,
13305K,,CS,Vendor,11277,A19330003,,,,,
13305K,,CS,Bar Code,,18801045917020,,,2025-01-31,,
13305K,,CS,Bar Code,,850033465075,RETAIL,,2025-01-31,,
13306K,,CS,Vendor,11277,A14106314,,,,,
13306K,,CS,Bar Code,,18801045892648,,,2024-11-16,,
13306K,,CS,Bar Code,,8801045892641,RETAIL,,2024-11-16,,
13307K,,CS,Vendor,11277,A01801014,,,,,
13307K,,CS,Bar Code,,645175420507,RETAIL,,2024-10-15,,
13307K,,CS,Bar Code,,645175920151,,,2024-10-15,,
13308K,,CS,Vendor,11277,A07501099,,,,,
13308K,,CS,Bar Code,,18809461730001,,,2024-07-01,,
13308K,,CS,Bar Code,,8809461730004,RETAIL,,2024-07-01,,
13309K,,CS,Vendor,11277,A17402006,,,,,
13309K,,CS,Bar Code,,18801045612611,,,2024-07-01,,
13309K,,CS,Bar Code,,8801045612614,RETAIL,,2024-07-01,,
13310K,,CS,Vendor,11277,A19322001,,,,,
13310K,,CS,Bar Code,,18801045490257,,,2024-11-16,,
13310K,,CS,Bar Code,,8801045491301,RETAIL,,2024-11-16,,
13311K,,CS,Vendor,11277,A19322002,,,,,
13311K,,CS,Bar Code,,18801045490264,,,2024-11-16,,
13311K,,CS,Bar Code,,8801045491400,RETAIL,,2024-11-16,,
13312K,,CS,Vendor,11277,A19322003,,,,,
13312K,,CS,Bar Code,,18801045490271,,,2024-11-16,,
13312K,,CS,Bar Code,,8801045491509,RETAIL,,2024-11-16,,
13313K,,CS,Vendor,11277,A19322004,,,,,
13313K,,CS,Bar Code,,18801045490288,,,2024-11-16,,
13313K,,CS,Bar Code,,8801045491608,RETAIL,,2024-11-16,,
13314K,,CS,Vendor,11277,A19323002,,,,,
13314K,,CS,Bar Code,,18801045490318,,,2024-11-16,,
13314K,,CS,Bar Code,,8801045492407,RETAIL,,2024-11-16,,
13315K,,CS,Vendor,11277,A19323003,,,,,
13315K,,CS,Bar Code,,18801045490325,,,2024-10-18,,
13315K,,CS,Bar Code,,8801045492506,RETAIL,,2024-10-18,,
13316K,,CS,Vendor,11277,A19323004,,,,,
13316K,,CS,Bar Code,,18801045490332,,,2024-11-16,,
13316K,,CS,Bar Code,,8801045492605,RETAIL,,2024-11-16,,
13317K,,CS,Vendor,11277,A19324001,,,,,
13317K,,CS,Bar Code,,18801045490356,,,2024-10-18,,
13317K,,CS,Bar Code,,8801045494302,RETAIL,,2024-10-18,,
13318K,,CS,Vendor,11277,A19324002,,,,,
13318K,,CS,Bar Code,,18801045490363,,,2025-03-21,,
13318K,,CS,Bar Code,,8801045494401,RETAIL,,2025-03-21,,
13319K,,CS,Vendor,11277,A19324003,,,,,
13319K,,CS,Bar Code,,18801045490370,,,2024-10-18,,
13319K,,CS,Bar Code,,8801045494500,RETAIL,,2024-10-18,,
13320K,,CS,Vendor,11277,AC0002229,,,,,
13320K,,CS,Bar Code,,18801045370221,,,2024-10-18,2025-07-25,
13320K,,CS,Bar Code,,8801045370224,RETAIL,,2024-10-18,2025-07-25,
13321K,,CS,Vendor,11277,AC3113208,,,,,
13321K,,CS,Bar Code,,18801045370115,,,2024-11-16,,
13321K,,CS,Bar Code,,8801045370118,RETAIL,,2024-11-16,,
14207K,,CS,Bar Code,,8809040077605,EACH,,2024-07-29,2025-01-31,
14207K,,CS,Bar Code,,8809332774342,WH 2023_04_10,,2024-07-29,2025-01-31,
14815K,,CS,Bar Code,,10192699000342,CASE,,2025-04-15,,
14815K,,CS,Bar Code,,192699000345,EACH,,2025-04-15,,
14815K,,CS,Bar Code,,192699000413,CASE,,2025-04-15,,
15817K,,CS,Bar Code,,18809452690383,WH 2023_05_09,,2024-07-29,2024-07-30,
15817K,,CS,Bar Code,,8801816711645,EACH,,2024-07-29,2024-07-30,
15819K,,CS,Bar Code,,18809452690260,CS,,2024-07-29,,
15820K,,CS,Bar Code,,0945269027,EACH,,2024-07-29,,
15820K,,CS,Bar Code,,18809452690277,CASE,,2024-11-01,,
15832K,,CS,Bar Code,,081652158325,RETAIL 2023_04_14,,2024-07-29,,
15832K,,CS,Bar Code,,10081652158322,CS,,2024-07-29,,
17300C,,CS,Bar Code,,081652173007,EACH,,2025-04-15,,
17300C,,CS,Bar Code,,10081652173004,CASE,,2025-04-15,,
17308K,,CS,Bar Code,,0000001105010,WH 2023_05_09,,2024-07-29,,
17308K,,CS,Bar Code,,081652173083,RETAIL 2023_05_09,,2024-07-29,,
17308K,,CS,Bar Code,,10081651173081,WH 2023_05_09,,2024-07-29,,
17309K,,CS,Bar Code,,0000001105011,WH 2023_05_09,,2024-07-29,,
17309K,,CS,Bar Code,,081652173090,RETAIL 2023_05_09,,2024-07-29,,
17309K,,CS,Bar Code,,10081651173098,WH 2023_05_09,,2024-07-29,,
19006D,,CS,Bar Code,,10840830100849,CASE,,2024-07-29,2024-07-30,
19006D,,CS,Bar Code,,840830100941,EACH,,2024-07-29,2024-07-30,
19007D,,CS,Bar Code,,10840830100863,CASE,,2024-07-29,2024-07-30,
19007D,,CS,Bar Code,,840830100965,EACH,,2024-07-29,2024-07-30,
19020J,,CS,Bar Code,,081652190202,EACH,,2024-07-29,,
19021J,,CS,Bar Code,,081652190219,EACH,,2024-07-29,,
19022J,,CS,Bar Code,,081652190226,EACH,,2024-07-29,,
19025J,,CS,Bar Code,,081652190257,EACH,,2024-07-29,,
19026K,,CS,Bar Code,,18801066651033,CASE,,2024-07-29,,
19026K,,CS,Bar Code,,8801066651035,EACH,,2024-07-29,,
19029K,,CS,Bar Code,,18801066651019,CASE,,2024-07-29,2024-07-30,
19029K,,CS,Bar Code,,8801066651012,EACH,,2024-07-29,2024-07-30,
19032K,,CS,Bar Code,,081652190325,EACH,,2024-07-29,2024-07-30,
19032K,,CS,Bar Code,,10081652190322,CASE,,2024-07-29,2024-07-30,
19038J,,CS,Bar Code,,081652190387,EACH,,2024-07-29,,
19039J,,CS,Bar Code,,081652190394,EACH,,2024-07-29,,
19040K,,CS,Bar Code,,081652190400,EACH,,2024-07-29,2024-08-02,
19040K,,CS,Bar Code,,10081652190407,CASE,,2024-07-29,2024-08-02,
19041K,,CS,Bar Code,,081652190417,EACH,,2024-07-29,2024-08-02,
19041K,,CS,Bar Code,,10081652190414,CASE,,2024-07-29,2024-08-02,
19042K,,CS,Bar Code,,081652190424,EACH,,2024-07-29,2024-07-30,
19042K,,CS,Bar Code,,10081652190425,CASE,,2024-07-29,2024-07-30,
19043J,,CS,Bar Code,,081652190431,EACH,,2024-07-29,,
19043J,,CS,Bar Code,,10081652190438,CASE,,2024-07-29,,
19045J,,CS,Bar Code,,081652190455,EACH,,2024-07-29,,
19046J,,CS,Bar Code,,081652190462,EACH,,2024-07-29,,
19049K,,CS,Bar Code,,18809053273275,CS,,2024-07-29,2024-07-30,
19049K,,CS,Bar Code,,8809053273278,EA,,2024-07-29,2024-07-30,
19050K,,CS,Bar Code,,18809053273299,CASE,,2024-07-29,2024-07-30,
19050K,,CS,Bar Code,,8809053273292,EACH,,2024-07-29,2024-07-30,
19051K,,CS,Bar Code,,18809053273350,CS,,2024-07-29,2024-07-30,
19051K,,CS,Bar Code,,8809053273353,EA,,2024-07-29,2024-07-30,
19058K,,CS,Bar Code,,18809053273329,CS,,2024-07-29,2024-07-30,
19058K,,CS,Bar Code,,8809053273322,EA,,2024-07-29,2024-07-30,
19067J,,CS,Bar Code,,081652190677,EACH,,2024-07-29,,
19067J,,CS,Bar Code,,10081652190674,,,2024-07-29,,
19068J,,CS,Bar Code,,081652190684,EACH,,2024-07-29,2024-07-30,
19070J,,CS,Bar Code,,081652190707,EACH,,2024-07-29,,
19070J,,CS,Bar Code,,10081652190704,,,2024-07-29,,
19071J,,CS,Bar Code,,081652190714,EACH,,2024-07-29,,
19071J,,CS,Bar Code,,10081652190711,,,2024-07-29,,
19072J,,CS,Bar Code,,081652190721,EACH,,2024-07-29,2024-07-30,
19073J,,CS,Bar Code,,081652190738,EACH,,2024-07-29,,
19073J,,CS,Bar Code,,10081652190735,,,2024-07-29,,
19075J,,CS,Bar Code,,081652190752,EACH,,2024-07-29,,
19075J,,CS,Bar Code,,10081652190759,,,2024-07-29,,
19077J,,CS,Bar Code,,081652190776,EACH,,2024-07-29,,
19077J,,CS,Bar Code,,10081652190773,,,2024-07-29,,
19087K,,CS,Bar Code,,081652190783,EACH,,2024-07-29,2024-07-30,
19087K,,CS,Bar Code,,10081652190780,CASE,,2024-07-29,2024-07-30,
19089C,,CS,Bar Code,,081652190899,EACH,,2024-07-29,,
19090C,,CS,Bar Code,,081652190905,EACH,,2024-07-29,,
19090C,,CS,Bar Code,,10081652190902,CASE,,2024-07-29,,
19092K,,CS,Bar Code,,081652190929,EACH,,2024-07-29,,
19092K,,CS,Bar Code,,1008165219092,CASE,,2024-07-29,,
19101C,,CS,Bar Code,,081652191018,EACH,,2024-07-29,,
19101C,,CS,Bar Code,,10081652191015,CASE,,2024-07-29,,
19103J,,CS,Bar Code,,081652191032,EACH,,2024-07-29,2024-12-27,
19105J,,CS,Bar Code,,081652191056,EACH,,2024-07-29,,
19105J,,CS,Bar Code,,10081652191053,CASE,,2024-07-29,,
19106J,,CS,Bar Code,,081652191063,EACH,,2024-07-29,2025-03-14,
19107J,,CS,Bar Code,,081652191070,EACH,,2024-07-29,,
19107J,,CS,Bar Code,,10081652191077,CASE,,2024-07-29,,
19109K,,CS,Bar Code,,081652191094,EACH,,2024-07-29,,
19109K,,CS,Bar Code,,10081652191091,CASE,,2024-07-29,,
19110J,,BX,Bar Code,,081652191100,EACH,,2024-07-29,2024-07-30,
19113K,,CS,Bar Code,,081652191131,EACH,,2024-07-29,,
19113K,,CS,Bar Code,,10081652191138,cs,,2024-07-29,,
19114J,,CS,Bar Code,,081652191148,EACH,,2024-07-29,2024-07-30,
19114J,,CS,Bar Code,,10081652191145,CASE,,2024-07-29,2024-07-30,
19117K,,CS,Bar Code,,18801066650203,CASE,,2024-07-29,,
19117K,,CS,Bar Code,,8801066650206,EACH,,2024-07-29,,
19118K,,CS,Bar Code,,081652191186,EACH,,2024-07-29,,
19118K,,CS,Bar Code,,10081652191183,CASE,,2024-07-29,,
19121J,,CS,Bar Code,,081652191216,EACH,,2024-07-29,,
19121J,,CS,Bar Code,,10081652191213,CASE,,2024-07-29,,
19122J,,CS,Bar Code,,081652191223,EACH,,2024-07-29,,
19122J,,CS,Bar Code,,10081652191220,CASE,,2024-07-29,,
19123J,,CS,Bar Code,,081652191230,EACH,,2024-07-29,2024-07-30,
19123J,,CS,Bar Code,,10081652191237,CASE,,2024-07-29,2024-07-30,
19126J,,CS,Bar Code,,081652191261,EACH,,2025-04-15,,
19126J,,CS,Bar Code,,10081652191268,CASE,,2025-04-15,,
19127D,,CS,Bar Code,,081652191278,EACH,,2024-07-29,,
19127D,,CS,Bar Code,,10081652191275,CASE,,2024-07-29,,
19128D,,CS,Bar Code,,081652191285,EACH,,2024-07-29,,
19128D,,CS,Bar Code,,10081652191282,CASE,,2024-07-29,,
19129K,,CS,Bar Code,,8801066600133,EACH,,2024-07-29,,
19131J,,CS,Bar Code,,081652191315,EACH,,2024-07-29,,
19131J,,CS,Bar Code,,10081652191312,CASE,,2024-07-29,,
19132C,,CS,Bar Code,,081652191322,EACH,,2024-07-29,,
19133C,,CS,Bar Code,,081652191339,EACH,,2024-07-29,,
19133C,,CS,Bar Code,,10081652191336,BOX,,2024-07-29,,
19137J,,CS,Bar Code,,081652191377,EACH,,2025-04-15,,
19137J,,CS,Bar Code,,10081652191374,CASE,,2025-04-15,,
19191J,,CS,Bar Code,,081652191919,EACH,,2025-04-15,,
19191J,,CS,Bar Code,,10081652191916,CASE,,2025-04-15,,
19192J,,CS,Bar Code,,081652191926,EACH,,2025-04-15,,
19192J,,CS,Bar Code,,10081652191923,CASE,,2025-04-15,,
19193J,,CS,Bar Code,,081652191933,EACH,,2025-04-15,,
19193J,,CS,Bar Code,,10081652191930,CASE,,2025-04-15,,
19212K,,CS,Bar Code,,081652192121,EACH,,2024-07-29,,
19212K,,CS,Bar Code,,10081652192128,CASE,,2024-07-29,,
19219K,,CS,Bar Code,,081652192190,EACH,,2024-07-29,,
19219K,,CS,Bar Code,,10081652192197,CASE,,2024-07-29,,
19234K,,CS,Bar Code,,081652192343,EACH,,2024-07-29,,
19234K,,CS,Bar Code,,10081652192340,CASE,,2024-07-29,,
19235K,,CS,Bar Code,,081652192350,EACH,,2024-07-29,,
19235K,,CS,Bar Code,,10081652192357,CASE,,2024-07-29,,
19252J,,BX,Bar Code,,4902175007333,EACH,,2024-07-29,,
19254J,,BX,Bar Code,,4902175000761,BOX,,2024-07-29,,
19270J,,CS,Vendor,10636,21315,,,,,
19270J,,CS,Bar Code,,033357071010,RETAIL,,2025-03-12,,
19270J,,CS,Bar Code,,10033357071017,,,2025-03-12,,
19271J,,CS,Bar Code,,033357071003,EACH,,2024-07-29,2025-03-14,
19271J,,CS,Bar Code,,10033357071000,CASE,,2024-07-29,2025-03-14,
19273K,,CS,Bar Code,,081652192732,EACH,,2024-07-29,,
19273K,,CS,Bar Code,,10081652192739,CASE,,2024-07-29,,
19274K,,CS,Bar Code,,081652192749,EACH,,2024-07-29,,
19274K,,CS,Bar Code,,10081652192746,CASE,,2024-07-29,,
19275K,,CS,Bar Code,,081652192756,EACH,,2024-07-29,,
19275K,,CS,Bar Code,,10081652192753,CASE,,2024-07-29,,
19276K,,CS,Bar Code,,081652192763,EACH,,2024-07-29,,
19276K,,CS,Bar Code,,10081652192760,CASE,,2024-07-29,,
19277K,,CS,Bar Code,,081652192770,EACH,,2024-07-29,,
19277K,,CS,Bar Code,,10081652192777,CASE,,2024-07-29,,
19278K,,CS,Bar Code,,081652192787,EACH,,2024-07-29,,
19278K,,CS,Bar Code,,10081652192784,CASE,,2024-07-29,,
19300K,,CS,Bar Code,,081652193005,EACH,,2025-04-15,,
19300K,,CS,Bar Code,,10081652193002,CASE,,2025-04-15,,
19323J,,CS,Bar Code,,081652193234,EACH,,2024-07-29,,
19323J,,CS,Bar Code,,10081652193231,CASE,,2024-07-29,,
19324J,,CS,Bar Code,,081652193241,EACH,,2024-07-29,,
19324J,,CS,Bar Code,,10081652193248,CASE,,2024-07-29,,
19328K,,CS,Bar Code,,081652193289,EACH,,2024-07-29,,
19328K,,CS,Bar Code,,10081652193286,CASE,,2024-07-29,,
19333K,,CS,Bar Code,,8801066021525,EACH,,2024-07-29,,
19336K,,CS,Bar Code,,081652193364,EACH,,2024-07-29,2024-07-30,
19336K,,CS,Bar Code,,10081652193361,CASE,,2024-07-29,2024-07-30,
19339K,,CS,Bar Code,,081652193395,EACH,,2024-07-29,,
19339K,,CS,Bar Code,,10081652193392,CASE,,2024-07-29,,
19340K,,CS,Bar Code,,081652193401,EACH,,2024-07-29,,
19340K,,CS,Bar Code,,10081652193408,CASE,,2024-07-29,,
19341K,,CS,Bar Code,,18801066650302,CASE,,2024-07-29,,
19341K,,CS,Bar Code,,8801066650305,EACH,,2024-07-29,,
19342K,,CS,Bar Code,,18801066650333,CASE,,2024-07-29,,
19342K,,CS,Bar Code,,8801066650336,EACH,,2024-07-29,,
19343K,,CS,Bar Code,,8808385001498,CASE,,2025-04-15,,
19344K,,CS,Bar Code,,8808385001504,CASE,,2025-04-15,,
19346K,,CS,Bar Code,,081652193463,EACH,,2024-07-29,,
19346K,,CS,Bar Code,,10081652193460,CASE,,2024-07-29,,
19347K,,CS,Bar Code,,081652193470,EACH,,2024-07-29,,
19347K,,CS,Bar Code,,10081652193477,CASE,,2024-07-29,,
19351K,,CS,Bar Code,,081652193517,EACH,,2024-07-29,,
19353K,,CS,Bar Code,,10081652193538,CASE,,2025-04-15,,
19353K,,CS,Bar Code,,8808385001054,EACH,,2025-04-15,,
19355K,,CS,Bar Code,,081652193555,EACH,,2025-04-15,,
19355K,,CS,Bar Code,,10081652193552,CASE,,2025-04-15,,
19358K,,CS,Bar Code,,081652193586,EACH,,2025-04-15,,
19358K,,CS,Bar Code,,10081652193583,CASE,,2025-04-15,,
19359K,,CS,Bar Code,,081652193593,EACH,,2024-07-29,,
19361K,,CS,Bar Code,,081652193616,EACH,,2024-07-29,,
19362K,,CS,Bar Code,,081652193623,EACH,,2024-07-29,,
19363K,,CS,Bar Code,,081652193630,EACH,,2024-07-29,,
19364K,,CS,Bar Code,,081652193647,EACH,,2024-07-29,,
19365K,,CS,Bar Code,,081652193654,EACH,,2024-07-29,,
19366K,,CS,Bar Code,,081652193661,EACH,,2024-07-29,2024-07-30,
19367K,,CS,Bar Code,,081652193678,EACH,,2024-07-29,2024-10-06,
19367K,,CS,Bar Code,,10081652193675,BOX,,2024-07-29,2024-10-06,
19372J,,CS,Bar Code,,081652193722,EACH,,2024-07-29,,
19375K,,CS,Bar Code,,081652193753,EACH,,2024-07-29,,
19375K,,CS,Bar Code,,10081652193750,CASE,,2024-07-29,,
19376K,,CS,Bar Code,,081652193760,EACH,,2024-07-29,,
19376K,,CS,Bar Code,,10081652193767,CASE,,2024-07-29,,
19387K,,CS,Bar Code,,081652193876,EACH,,2024-07-29,,
19388K,,CS,Bar Code,,081652193883,EACH,,2024-07-29,,
19389K,,CS,Bar Code,,081652193890,EACH,,2024-07-29,,
19393K,,CS,Bar Code,,8802503100056,EACH,,2024-07-29,,
19394K,,CS,Bar Code,,8802503100049,EACH,,2024-07-29,,
19396K,,CS,Bar Code,,18802503100022,CASE,,2025-04-15,,
19396K,,CS,Bar Code,,8802503100025,EACH,,2025-04-15,,
19397K,,CS,Bar Code,,8802503100063,EACH,,2024-07-29,,
19402J,,CS,Bar Code,,081652194026,EACH,,2024-07-29,,
19410K,,CS,Bar Code,,081652194101,EACH,,2024-07-29,,
19411K,,CS,Bar Code,,081652194118,EACH,,2024-07-29,,
19411K,,CS,Bar Code,,10081652194115,BOX,,2024-07-29,,
19417K,,CS,Bar Code,,8805554123425,EACH,,2024-07-29,2024-07-30,
19419C,,CS,Bar Code,,081652194194,EACH,,2024-07-29,2024-07-30,
19419C,,CS,Bar Code,,10081652194194,CASE,,2024-07-29,2024-07-30,
19420J,,CS,Bar Code,,081652194200,EACH,,2024-07-29,2024-07-30,
19420J,,CS,Bar Code,,10081652194207,CASE,,2024-07-29,2024-07-30,
19422K,,CS,Bar Code,,081652194224,EACH,,2024-07-29,2024-07-30,
19422K,,CS,Bar Code,,10081652194221,CASE,,2024-07-29,2024-07-30,
19423K,,CS,Bar Code,,081652194231,EACH,,2024-07-29,2024-07-30,
19423K,,CS,Bar Code,,10081652194238,CASE,,2024-07-29,2024-07-30,
19425K,,CS,Bar Code,,081652194255,EACH,,2024-07-29,2024-07-30,
19425K,,CS,Bar Code,,10081652194252,CASE,,2024-07-29,2024-07-30,
19426K,,CS,Bar Code,,081652194262,EACH,,2024-07-29,2024-07-30,
19426K,,CS,Bar Code,,10081652194269,CASE,,2024-07-29,2024-07-30,
19427K,,CS,Bar Code,,081652194279,EACH,,2024-07-29,2024-07-30,
19427K,,CS,Bar Code,,10081652194276,CASE,,2024-07-29,2024-07-30,
19428K,,CS,Bar Code,,081652194286,EACH,,2024-07-29,2024-07-30,
19428K,,CS,Bar Code,,10081652194283,CASE,,2024-07-29,2024-07-30,
19429J,,CS,Bar Code,,081652194293,EACH,,2024-07-29,2024-07-30,
19429J,,CS,Bar Code,,10081652194290,CASE,,2024-07-29,2024-07-30,
19432K,,CS,Bar Code,,081652194323,EACH,,2024-07-29,2024-07-30,
19432K,,CS,Bar Code,,10081652194320,CASE,,2024-07-29,2024-07-30,
19433K,,CS,Bar Code,,18801047575310,CASE,,2024-07-29,,
19433K,,CS,Bar Code,,8801047575313,EACH,,2024-07-29,,
19434K,,CS,Bar Code,,18801047575358,CASE,,2024-07-29,,
19434K,,CS,Bar Code,,8801047575351,EACH,,2024-07-29,,
19439K,,CS,Bar Code,,10081652194399,CASE,,2024-07-29,2024-08-02,
19439K,,CS,Bar Code,,8809074640332,EACH,,2024-07-29,2024-08-02,
19440K,,CS,Bar Code,,10081652194405,CASE,,2024-07-29,2024-07-30,
19440K,,CS,Bar Code,,8809074641070,EACH,,2024-07-29,2024-07-30,
19441K,,CS,Bar Code,,081652194415,Retail,,2024-07-29,,
19441K,,CS,Bar Code,,10081652194412,,,2024-07-29,,
19442K,,CS,Bar Code,,081652194422,Retail,,2024-07-29,,
19442K,,CS,Bar Code,,10081652194429,,,2024-07-29,,
19443K,,CS,Bar Code,,081652194439,Retail,,2024-07-29,,
19443K,,CS,Bar Code,,10081652194436,,,2024-07-29,,
19450K,,CS,Bar Code,,081652194507,EACH,,2024-07-29,,
19450K,,CS,Bar Code,,10081652194504,CASE,,2024-07-29,,
19451K,,CS,Bar Code,,081652194514,EACH,,2024-07-29,,
19451K,,CS,Bar Code,,10081652194511,CASE,,2024-07-29,,
19490K,,CS,Bar Code,,081652194903,EACH,,2024-07-29,,
19491K,,CS,Bar Code,,081652194910,EACH,,2024-07-29,,
19492K,,CS,Bar Code,,081652194927,EACH,,2024-07-29,,
19494K,,CS,Bar Code,,081652194941,RETAIL,,2025-04-01,2025-04-02,
19494K,,CS,Bar Code,,10081652194948,,,2025-04-01,2025-04-02,
19551K,,CS,Bar Code,,18801047585258,CS,,2024-07-29,,
19551K,,CS,Bar Code,,8801047585251,EA,,2024-07-29,,
19554K,,CS,Bar Code,,18801047593789,CS,,2024-07-29,,
19554K,,CS,Bar Code,,8801047593782,EA,,2024-07-29,,
19555K,,CS,Bar Code,,18801047593963,CS,,2024-07-29,,
19555K,,CS,Bar Code,,8801047593966,EA,,2024-07-29,,
19556K,,CS,Bar Code,,18801047593765,CS,,2024-07-29,,
19556K,,CS,Bar Code,,8801047593768,EA,,2024-07-29,,
19557K,,CS,Vendor,10153,59377,,,,,
19557K,,CS,Bar Code,,18801047593772,CS,,2024-07-29,,
19557K,,CS,Bar Code,,8801047593775,EA,,2024-07-29,,
19558K,,CS,Vendor,10153,59026,,,,,
19558K,,CS,Bar Code,,18801047590269,,,1999-01-01,2025-03-28,
19558K,,CS,Bar Code,,8801047590262,RETAIL,,1999-01-01,2025-03-28,
19559K,,CS,Vendor,10153,59407,,,,,
19559K,,CS,Bar Code,,18801047594076,,,2024-07-29,,
19559K,,CS,Bar Code,,8801047594079,RETAIL,,2024-07-29,,
19560K,,CS,Bar Code,,081652195603,EA,,2024-07-29,,
19560K,,CS,Bar Code,,10081652195600,CS,,2024-07-29,,
19561K,,CS,Bar Code,,081652195610,EA,,2024-07-29,,
19561K,,CS,Bar Code,,10081652195617,CS,,2024-07-29,,
19562K,,CS,Bar Code,,081652195627,EA,,2024-07-29,,
19563D,,CS,Bar Code,,081652195634,EACH,,2024-07-29,,
19564D,,CS,Bar Code,,081652195641,EACH,,2024-07-29,,
19565D,,CS,Bar Code,,081652195658,RETAIL,,2024-07-29,,
19600C,,CS,Bar Code,,081652196006,EACH,,2024-07-29,2024-07-30,
19600C,,CS,Bar Code,,10081652196003,CASE,,2024-07-29,2024-07-30,
19601K,,CS,Bar Code,,081652196013,EACH,,2024-07-29,,
19602D,,CS,Bar Code,,081652196020,EACH,,2024-07-29,,
19603C,,CS,Bar Code,,081652196037,EACH,,2024-07-29,,
19606C,,CS,Bar Code,,081652196068,EACH,,2024-07-29,,
19606C,,CS,Bar Code,,10081652196065,CASE,,2024-07-29,,
19607C,,CS,Bar Code,,081652196075,EACH,,2024-07-29,,
19607C,,CS,Bar Code,,10081652196072,CASE,,2024-07-29,,
19610K,,CS,Bar Code,,081652196105,EACH,,2024-07-29,,
19610K,,CS,Bar Code,,10081652196102,CASE,,2024-07-29,,
19611K,,CS,Bar Code,,081652196112,EACH,,2024-07-29,,
19611K,,CS,Bar Code,,10081652196119,CASE,,2024-07-29,,
19612C,,CS,Bar Code,,081652196129,EACH,,2024-07-29,,
19612C,,CS,Bar Code,,10081652196126,CASE,,2024-07-29,,
19619D,,CS,Bar Code,,045916692697,CASE,,2024-07-29,2024-07-30,
19620K,,CS,Bar Code,,081652196204,EACH,,2024-07-29,2024-11-22,
19620K,,CS,Bar Code,,10081652196201,CASE,,2024-07-29,2024-11-22,
19621K,,CS,Bar Code,,081652196211,EACH,,2024-07-29,2024-11-22,
19621K,,CS,Bar Code,,10081652196218,CASE,,2024-07-29,2024-11-22,
19622K,,CS,Bar Code,,081652196228,EACH,,2024-07-29,2024-11-22,
19622K,,CS,Bar Code,,10081652196225,CASE,,2024-07-29,2024-11-22,
19704J,,CS,Vendor,10636,76141,,,,,
19704J,,CS,Bar Code,,10830757008137,CASE,,2024-07-29,,
19704J,,CS,Bar Code,,830757008130,EACH,,2024-07-29,,
19705J,,CS,Vendor,10636,76199,,,,,
19705J,,CS,Bar Code,,10830757008199,CASE,,2024-07-29,,
19705J,,CS,Bar Code,,830757008192,EACH,,2024-07-29,,
19706J,,CS,Bar Code,,10830757008144,CASE,,2024-07-29,,
19706J,,CS,Bar Code,,830757008147,EACH,,2024-07-29,,
19722K,,CS,Bar Code,,18801069218035,CASE,,2024-07-29,,
19722K,,CS,Bar Code,,8801069175614,EACH,,2024-07-29,,
19723K,,CS,Bar Code,,18801069218042,CASE,,2024-07-29,,
19723K,,CS,Bar Code,,8801069175669,EACH,,2024-07-29,,
19726K,,CS,Bar Code,,18801069218066,CASE,,2024-07-29,,
19726K,,CS,Bar Code,,8801069175621,EACH,,2024-07-29,,
19727K,,CS,Vendor,10364,N2104389,,,,,
19727K,,CS,Bar Code,,18801069231355,,,2024-07-29,,
19727K,,CS,Bar Code,,8801069184289,RETAIL,,2024-07-29,,
19728K,,CS,Vendor,10364,N2104390,,,,,
19728K,,CS,Bar Code,,18801069228201,,,2024-07-29,2025-01-10,
19728K,,CS,Bar Code,,8801069182933,RETAIL,,2024-07-29,2025-01-10,
19729K,,CS,Vendor,10364,N2104391,,,,,
19729K,,CS,Bar Code,,18801069232024,,,2024-07-29,,
19729K,,CS,Bar Code,,8801069185286,RETAIL,,2024-07-29,,
19901K,,CS,Bar Code,,081652199014,EACH,,2024-07-29,,
19901K,,CS,Bar Code,,10081652199011,CASE,,2024-07-29,,
19902K,,CS,Bar Code,,081652199021,EACH,,2024-07-29,,
19902K,,CS,Bar Code,,10081652199028,CASE,,2024-07-29,,
19903K,,CS,Bar Code,,081652199038,EACH,,2024-07-29,,
19903K,,CS,Bar Code,,10081652199035,CASE,,2024-07-29,,
19945D,,CS,Bar Code,,081652199458,EACH,,2024-07-29,,
19945D,,CS,Bar Code,,10081652199455,CASE,,2024-07-29,,
19948K,,CS,Bar Code,,081652199489,EACH,,2025-04-15,,
19948K,,CS,Bar Code,,10081652199486,CASE,,2025-04-15,,
19949K,,CS,Bar Code,,28803560010498,CASE,,2024-07-29,,
19949K,,CS,Bar Code,,8803560010494,EACH,,2024-07-29,,
19952K,,CS,Bar Code,,081652199526,EACH,,2024-07-29,,
19952K,,CS,Bar Code,,10081652199523,CASE,,2024-07-29,,
19953K,,CS,Bar Code,,081652199533,EACH,,2024-07-29,,
19953K,,CS,Bar Code,,10081652199530,BOX,,2024-07-29,,
19954K,,CS,Bar Code,,081652199540,EACH,,2024-07-29,,
19954K,,CS,Bar Code,,10081652199547,BOX,,2024-07-29,,
19955K,,CS,Bar Code,,081652199557,EACH,,2024-07-29,,
19955K,,CS,Bar Code,,10081652199554,BOX,,2024-07-29,,
19956K,,CS,Bar Code,,081652199564,EACH,,2024-07-29,,
19956K,,CS,Bar Code,,10081652199561,BOX,,2024-07-29,,
19957K,,CS,Bar Code,,081652199571,EACH,,2024-07-29,,
19957K,,CS,Bar Code,,10081652199578,BOX,,2024-07-29,,
19965K,,CS,Bar Code,,081652199656,EACH,,2024-07-29,,
19966K,,CS,Bar Code,,081652199663,EACH,,2024-07-29,,
19968K,,CS,Bar Code,,8803560010319,EACH,,2024-07-29,,
19970K,,CS,Bar Code,,081652199700,EACH,,2025-04-15,,
19970K,,CS,Bar Code,,10081652199707,CASE,,2025-04-15,,
19971K,,CS,Bar Code,,081652199717,EACH,,2024-07-29,,
19972K,,CS,Bar Code,,8803560010098,EACH,,2024-07-29,,
19973K,,CS,Bar Code,,28803560010863,BOX,,2024-07-29,,
19973K,,CS,Bar Code,,8803560010869,EACH,,2024-07-29,,
19974K,,CS,Bar Code,,8803560010227,EACH,,2024-07-29,,
19975D,,CS,Bar Code,,081652199755,EACH,,2024-07-29,,
19975D,,CS,Bar Code,,10081652199752,,,,,
19976D,,CS,Customer,VA372,8133503,TOPOKKI RICE CAKE (2#),,,,
19976D,,CS,Bar Code,,081652199762,EACH,,2024-07-29,,
19976D,,CS,Bar Code,,10081652199769,CASE,,2024-07-29,,
19977D,,CS,Bar Code,,081652199779,EACH,,2024-07-29,,
19977D,,CS,Bar Code,,10081652199776,CASE,,2024-07-29,,
19981D,,CS,Vendor,10375,KF1C,,,,,
19981D,,CS,Bar Code,,081652199816,EACH,,2024-07-29,,
19981D,,CS,Bar Code,,10081652199813,CASE,,2024-07-29,,
19982D,,CS,Vendor,10375,KSTC,,,,,
19982D,,CS,Bar Code,,081652199823,EACH,,2024-07-29,,
19982D,,CS,Bar Code,,10081652199820,CASE,,2024-07-29,,
19983D,,CS,Vendor,10375,KSKC,,,,,
19983D,,CS,Bar Code,,081652199830,EACH,,2024-07-29,,
19983D,,CS,Bar Code,,10081652199837,CASE,,2024-07-29,,
19984D,,CS,Vendor,10375,KESKC,,,,,
19984D,,CS,Bar Code,,081652199847,EACH,,2024-07-29,,
19984D,,CS,Bar Code,,10081652199844,CASE,,2024-07-29,,
20004J,,CS,Bar Code,,081652200048,EACH,,2024-07-29,,
20004J,,CS,Bar Code,,10081652200045,CASE,,2024-07-29,,
20005J,,CS,Bar Code,,081652200055,EACH,,2024-07-29,,
20005J,,CS,Bar Code,,10081652200052,CASE,,2024-07-29,,
20011K,,CS,Bar Code,,8801491200052,EACH,,2024-07-29,,
20015J,,BX,Bar Code,,081652200154,EACH,,2024-07-29,,
20021J,,CS,Bar Code,,081652200215,EACH,,2024-07-29,,
20022J,,CS,Bar Code,,4970821100004,EACH,,2024-07-29,,
20027J,,CS,Bar Code,,081652200277,EACH,,2024-07-29,,
20027J,,CS,Bar Code,,10081652200274,CASE,,2024-07-29,,
20028K,,CS,Bar Code,,081652200284,EACH,,2024-07-29,,
20028K,,CS,Bar Code,,10081652200281,CASE,,2024-07-29,,
20029J,,CS,Bar Code,,081652200291,EACH,,2024-07-29,,
20029J,,CS,Bar Code,,10081652200298,CASE,,2024-07-29,,
20042J,,CS,Bar Code,,081652200420,EACH,,2024-07-29,,
20042J,,CS,Bar Code,,10081652200427,CASE,,2024-07-29,,
20046N,,CS,Bar Code,,10081652200465,CASE,,2024-07-29,,
20047N,,CS,Bar Code,,10081652200472,CASE,,2024-07-29,2024-07-30,
20048N,,CS,Bar Code,,10081652200489,CASE,,2024-01-01,,
20050N,,CS,Bar Code,,10081652200502,CASE,,2024-07-29,2024-07-30,
20052N,,CS,Bar Code,,10081652200526,CASE,,2024-07-29,2024-07-30,
20053N,,CS,Bar Code,,10081652200533,CASE,,2024-07-29,,
20054K,,CS,Bar Code,,081652200543,EACH,,2024-07-29,,
20054K,,CS,Bar Code,,10081652200540,CASE,,2024-07-29,,
20055D,,CS,Bar Code,,10081652200557,CASE,,2024-07-29,,
20056D,,CS,Bar Code,,10081652200564,CASE,,2024-07-29,,
20058D,,CS,Bar Code,,10081652200588,CASE,,2024-07-29,,
20063D,,CS,Bar Code,,10081652200632,CASE,,2024-07-29,,
20066J,,CS,Bar Code,,10081652200663,CASE,,2024-07-01,2024-10-07,
20067K,,CS,Bar Code,,081652200673,EACH,,2024-07-29,,
20067K,,CS,Bar Code,,10081652200670,CASE,,2024-07-29,,
20068K,,CS,Bar Code,,081652200680,EACH,,2024-07-29,,
20068K,,CS,Bar Code,,10081652200687,CASE,,2024-07-29,,
20069C,,CS,Bar Code,,10081652200694,CASE,,2024-07-29,2024-07-30,
20069C,,CS,Bar Code,,181652200694,EACH,,2024-07-29,2024-07-30,
20070K,,CS,Bar Code,,081652200703,EACH,,2024-07-29,2024-07-30,
20070K,,CS,Bar Code,,10081652200700,CASE,,2024-07-29,2024-07-30,
20073D,,CS,Bar Code,,10081652200731,CASE,,2024-07-29,2024-07-30,
20075J,,CS,Bar Code,,10081652200755,CASE,,2024-07-01,2024-10-07,
20078J,,CS,Bar Code,,10081652200786,CASE,,2025-01-10,,
20081K,,CS,Bar Code,,081652200819,EACH,,2024-07-29,,
20081K,,CS,Bar Code,,10081652200816,CASE,,2024-07-29,,
20082K,,CS,Bar Code,,081652200826,EACH,,2024-07-29,,
20082K,,CS,Bar Code,,10081652200823,CASE,,2024-07-29,,
20083K,,CS,Bar Code,,081652200833,EACH,,2024-07-29,,
20083K,,CS,Bar Code,,10081652200830,CASE,,2024-07-29,,
20084K,,CS,Bar Code,,081652200840,EACH,,2024-07-29,,
20084K,,CS,Bar Code,,10081652200847,CASE,,2024-07-29,,
20086K,,CS,Bar Code,,081652200864,EACH,,2024-07-29,,
20086K,,CS,Bar Code,,10081652200861,CASE,,2024-07-29,,
20089D,,CS,Bar Code,,028922011249,EACH,,2024-07-29,,
20090D,,CS,Bar Code,,010000000005694470,,,2024-09-30,,
20090D,,CS,Bar Code,,10081652200908,CASE,,2024-07-29,,
20093K,,CS,Bar Code,,081652200932,EACH,,2024-07-29,,
20093K,,CS,Bar Code,,10081652200939,CASE,,2024-07-29,,
20094K,,CS,Bar Code,,081652200949,EACH,,2024-07-29,,
20094K,,CS,Bar Code,,10081652200946,CASE,,2024-07-29,,
20096N,,CS,Bar Code,,090861203012,CS,,2024-07-29,2024-07-30,
20096N,,CS,Bar Code,,90861203012,CASE,,2024-07-29,2024-07-30,
20103K,,CS,Bar Code,,081652201038,EACH,,2024-07-29,2024-07-30,
20103K,,CS,Bar Code,,10081652201035,CASE,,2024-07-29,2024-07-30,
20109D,,CS,Bar Code,,10081652201097,CASE,,2024-07-29,2024-07-30,
20110D,,CS,Bar Code,,10081652201103,CASE,,2024-07-29,2024-07-30,
20111J,,CS,Bar Code,,081652201113,EACH,,2024-07-29,,
20111J,,CS,Bar Code,,10081652201110,CASE,,2024-07-29,,
20116J,,CS,Bar Code,,081652201168,EACH,,2024-07-29,,
20116J,,CS,Bar Code,,10081652201165,CASE,,2024-07-29,,
20119K,,CS,Bar Code,,081652201199,EACH,,2024-07-29,,
20119K,,CS,Bar Code,,10081652201196,CASE,,2024-07-29,,
20122J,,CS,Bar Code,,081652201229,EACH,,2024-07-01,2024-10-07,
20122J,,CS,Bar Code,,10081652201226,CASE,,2024-07-01,2024-10-07,
20123J,,CS,Bar Code,,081652201236,EACH,,2024-07-01,2024-10-07,
20123J,,CS,Bar Code,,10081652201233,CASE,,2024-07-01,2024-10-07,
20127K,,CS,Bar Code,,081652201274,EACH,,2024-07-29,,
20127K,,CS,Bar Code,,10081652201271,CASE,,2024-07-29,,
20129K,,CS,Bar Code,,081652201298,EACH,,2024-07-29,,
20129K,,CS,Bar Code,,10081652201295,CASE,,2024-07-29,,
20130C,,CS,Bar Code,,081652201304,EACH,,2024-07-29,,
20130C,,CS,Bar Code,,10081652201301,CASE,,2024-07-29,,
20131K,,CS,Bar Code,,081652201311,EACH,,2024-07-29,,
20131K,,CS,Bar Code,,10081652201318,CASE,,2024-07-29,,
20134C,,CS,Bar Code,,081652201342,EACH,,2024-07-29,,
20134C,,CS,Bar Code,,10081652201349,CASE,,2024-07-29,,
20138C,,CS,Bar Code,,081652201380,CS,,2024-07-29,,
20138C,,CS,Bar Code,,10081652201387,CASE,,2024-07-29,,
20139C,,CS,Bar Code,,081652201397,EACH,,2025-04-15,,
20139C,,CS,Bar Code,,10081652201394,CASE,,2025-04-15,,
20139D,,CS,Bar Code,,10081652201394,CASE,,2024-07-29,2024-07-30,
20140K,,CS,Bar Code,,081652201403,EACH,,2024-07-29,,
20140K,,CS,Bar Code,,10081652201400,CASE,,2024-07-29,,
20142K,,CS,Bar Code,,081652201427,EACH,,2024-07-29,,
20142K,,CS,Bar Code,,10081652201424,CASE,,2024-07-29,,
20143C,,CS,Bar Code,,081652201434,EACH,,2024-07-29,2024-07-30,
20143C,,CS,Bar Code,,10081652201431,CASE,,2024-07-29,2024-07-30,
20145K,,CS,Bar Code,,081652201458,EACH,,2024-07-29,,
20145K,,CS,Bar Code,,10081652201455,CASE,,2024-07-29,,
20153J,,CS,Bar Code,,10081652201530,CASE,,2024-07-29,2024-07-30,
20154K,,CS,Bar Code,,081652201540,EACH,,2024-07-29,,
20154K,,CS,Bar Code,,10081652201547,CASE,,2024-07-29,,
20155K,,CS,Bar Code,,081652201557,EACH,,2025-04-15,,
20155K,,CS,Bar Code,,10081652201554,CASE,,2025-04-15,,
20157J,,CS,Bar Code,,081652201571,EACH,,2024-07-29,,
20157J,,CS,Bar Code,,10081652201578,CASE,,2024-07-29,,
20160J,,CS,Bar Code,,081652201601,EACH,,2024-07-29,2025-07-11,
20160J,,CS,Bar Code,,10081652201608,CASE,,2024-07-29,2025-07-11,
20166K,,CS,Bar Code,,081652201663,EACH,,2025-04-15,,
20166K,,CS,Bar Code,,10081652201660,CASE,,2025-04-15,,
20172K,,CS,Bar Code,,081652201724,EACH,,2024-07-29,,
20172K,,CS,Bar Code,,10081652201721,CASE,,2024-07-29,,
20176K,,CS,Bar Code,,081652201762,EACH,,2024-01-01,2024-01-01,
20176K,,CS,Bar Code,,10081652201769,CASE,,2024-01-01,2024-01-01,
20177K,,CS,Bar Code,,081652201779,EACH,,2024-07-29,,
20177K,,CS,Bar Code,,10081652201776,CASE,,2024-07-29,,
20178K,,CS,Bar Code,,081652201786,EACH,,2024-07-29,,
20178K,,CS,Bar Code,,10081652201783,CASE,,2024-07-29,,
20180K,,CS,Bar Code,,081652201809,EACH,,2024-07-29,2024-07-30,
20180K,,CS,Bar Code,,10081652201806,CASE,,2024-07-29,2024-07-30,
20182K,,CS,Bar Code,,081652201823,EACH,,2024-07-29,,
20182K,,CS,Bar Code,,10081652201820,CASE,,2024-07-29,,
20183C,,CS,Bar Code,,081652201830,EACH,,2024-07-29,,
20183C,,CS,Bar Code,,10081652201837,CASE,,2024-07-29,,
20199J,,CS,Bar Code,,081652201991,EACH,,2024-07-29,,
20199J,,CS,Bar Code,,10081652201998,CASE,,2024-07-29,,
20200K,,CS,Bar Code,,081652202004,EACH,,2024-07-29,,
20201K,,CS,Bar Code,,081652202011,EACH,,2024-07-29,,
20202J,,CS,Bar Code,,687637,CASE,,2024-07-29,2024-07-30,
20202J,,EA,Bar Code,,687637,CASE,,2024-07-29,2024-07-30,
20202J,,EA,Bar Code,,745329301048,EACH,,2024-07-29,2024-07-30,
20203K,,CS,Bar Code,,081652202035,EACH,,2024-07-29,,
20204K,,CS,Bar Code,,081652202042,EACH,,2024-07-29,,
20211K,,CS,Bar Code,,081652202110,EACH,,2024-07-29,,
20211K,,CS,Bar Code,,10081652202117,CASE,,2024-07-29,,
20214K,,CS,Bar Code,,081652202141,Retail,,2025-07-21,,
20214K,,CS,Bar Code,,10081652202148,,,2024-07-29,,
20220K,,CS,Bar Code,,081652202202,EACH,,2024-07-29,,
20220K,,CS,Bar Code,,10081652202209,CASE,,2024-07-29,,
20222K,,CS,Bar Code,,081652202226,EACH,,2024-07-29,,
20222K,,CS,Bar Code,,10081652202223,CASE,,2024-07-29,,
20225J,,EA,Bar Code,,081652202257,EACH,,2024-07-29,2024-07-30,
20227J,,CS,Vendor,10046,11788RHE,,,,,
20227J,,CS,Bar Code,,081652202271,Retail,,2024-07-29,,
20227J,,CS,Bar Code,,10081625202278,,,2024-07-29,,
20227J,,CS,Bar Code,,11788RHE#39255,,,2024-09-30,,
20231J,,CS,Bar Code,,081652202318,EACH,,2024-07-29,,
20231J,,CS,Bar Code,,10081652202315,CASE,,2024-07-29,,
20232K,,CS,Bar Code,,081652202325,EACH,,2024-07-29,,
20232K,,CS,Bar Code,,10081652202322,CASE,,2024-07-29,,
20235K,,CS,Bar Code,,081652202356,EACH,,2024-07-29,,
20235K,,CS,Bar Code,,10081652202353,CASE,,2024-07-29,,
20243K,,CS,Bar Code,,081652202431,EACH,,2024-07-29,,
20243K,,CS,Bar Code,,10081652202438,CASE,,2024-07-29,,
20244K,,CS,Bar Code,,8803122000741,EACH,,2024-07-29,2024-08-30,
20245K,,CS,Bar Code,,8803122000734,EACH,,2024-07-29,2024-12-27,
20253K,,CS,Bar Code,,10081652202537,CASE,,2024-07-29,2024-07-30,
20254D,,CS,Bar Code,,20824710575429,,,2024-07-29,2025-02-28,
20254D,,CS,Bar Code,,824710575425,Retail,,2024-07-29,2025-02-28,
20256K,,CS,Bar Code,,081652202561,EACH,,2024-07-29,,
20256K,,CS,Bar Code,,10081652202568,CASE,,2024-07-29,,
20258K,,BX,Bar Code,,10081652202582,CASE,,2024-07-29,,
20258K,,CS,Bar Code,,10081652202582,CASE,,2024-07-29,,
20266J,,CS,Bar Code,,10081652202667,CASE,,2024-07-29,,
20267J,,CS,Bar Code,,10081652202674,CASE,,2024-07-29,,
20270K,,CS,Bar Code,,081652202707,EACH,,2024-07-29,,
20270K,,CS,Bar Code,,10081652202704,CASE,,2024-07-29,,
20271K,,CS,Bar Code,,081652202714,EACH,,2024-07-29,,
20271K,,CS,Bar Code,,10081652202711,CASE,,2024-07-29,,
20272K,,CS,Bar Code,,081652202721,EACH,,2024-07-29,,
20272K,,CS,Bar Code,,10081652202728,CASE,,2024-07-29,,
20275K,,CS,Bar Code,,081652202752,EACH,,2024-07-29,2024-07-30,
20275K,,CS,Bar Code,,10081652202759,CASE,,2024-07-29,2024-07-30,
20276K,,CS,Bar Code,,081652202769,EACH,,2024-07-29,2024-07-30,
20276K,,CS,Bar Code,,10081652202766,CASE,,2024-07-29,2024-07-30,
20280K,,CS,Bar Code,,081652202806,EACH,,2024-07-29,2024-07-30,
20280K,,CS,Bar Code,,10081652202803,CASE,,2024-07-29,2024-07-30,
20281K,,CS,Bar Code,,18809380381506,CASE,,2024-07-29,2024-07-30,
20281K,,CS,Bar Code,,8809380831509,EACH,,2024-07-29,2024-07-30,
20282K,,CS,Bar Code,,18809380831902,CASE,,2024-07-29,2024-07-30,
20282K,,CS,Bar Code,,8809380831905,EACH,,2024-07-29,2024-07-30,
20297K,,CS,Bar Code,,081652202974,EACH,,2024-07-29,,
20297K,,CS,Bar Code,,10081652202971,,,2024-07-29,,
20298K,,CS,Bar Code,,081652202981,EACH,,2024-07-29,,
20300K,,CS,Bar Code,,081652203001,EACH,,2024-07-29,,
20300K,,CS,Bar Code,,10081652203008,,,2024-07-29,,
20303K,,CS,Bar Code,,18801068395553,CASE,,2024-07-29,2024-08-30,
20303K,,CS,Bar Code,,8801068395556,EACH,,2024-07-29,2024-08-30,
20304K,,CS,Bar Code,,8801068038262,EACH,,2024-07-29,,
20307K,,CS,Bar Code,,18801068395546,CASE,,2024-07-29,2024-07-30,
20307K,,CS,Bar Code,,8801068395549,EACH,,2024-07-29,2024-07-30,
20308K,,CS,Bar Code,,18801068395614,CASE,,2024-07-29,2024-07-30,
20308K,,CS,Bar Code,,8801068395617,EACH,,2024-07-29,2024-07-30,
20309K,,CS,Bar Code,,18801068069836,CASE,,2024-07-29,,
20309K,,CS,Bar Code,,8801068069839,EACH,,2024-07-29,,
20310K,,CS,Bar Code,,18801068069850,CASE,,2024-07-29,,
20310K,,CS,Bar Code,,8801068069853,EACH,,2024-07-29,,
20327K,,CS,Bar Code,,9901068369441,EACH,,2024-07-29,,
20328K,,CS,Bar Code,,8801068369458,EACH,,2024-07-29,,
20334K,,CS,Bar Code,,081652203346,Each,,2024-07-29,2024-07-30,
20334K,,CS,Bar Code,,10081652203343,Case,,2024-07-29,2024-07-30,
20335K,,CS,Bar Code,,081652203353,Each,,2024-07-29,2024-07-30,
20335K,,CS,Bar Code,,10081652203350,Case,,2024-07-29,2024-07-30,
20337K,,CS,Bar Code,,081652203377,Each,,2024-07-29,2024-08-02,
20337K,,CS,Bar Code,,10081652203374,Case,,2024-07-29,2024-08-02,
20338K,,CS,Bar Code,,081652203384,Each,,2024-07-29,2024-07-30,
20338K,,CS,Bar Code,,10081652203381,Case,,2024-07-29,2024-07-30,
20340K,,CS,Bar Code,,10081652203404,CASE,,2024-07-29,2024-07-30,
20340K,,CS,Bar Code,,8809265021711,EACH,,2024-07-29,2024-07-30,
20341K,,CS,Bar Code,,10081652203411,CASE,,2024-07-29,2024-07-30,
20341K,,CS,Bar Code,,8809265021766,EACH,,2024-07-29,2024-07-30,
20342K,,CS,Bar Code,,10081652203428,CASE,,2024-07-29,2024-07-30,
20342K,,CS,Bar Code,,8809265021834,EACH,,2024-07-29,2024-07-30,
20343K,,CS,Bar Code,,10081652203435,CASE,,2024-07-29,2024-07-30,
20343K,,CS,Bar Code,,8809265021841,EACH,,2024-07-29,2024-07-30,
20344K,,CS,Bar Code,,10081652203442,CASE,,2024-07-29,2024-07-30,
20344K,,CS,Bar Code,,8803063001029,EACH,,2024-07-29,2024-07-30,
20345K,,CS,Bar Code,,081652203452,Each,,2024-07-29,2024-07-30,
20345K,,CS,Bar Code,,10081652203459,Case,,2024-07-29,2024-07-30,
20346K,,CS,Bar Code,,081652203469,Each,,2024-07-29,2024-07-30,
20346K,,CS,Bar Code,,10081652203466,CAse,,2024-07-29,2024-07-30,
20347K,,CS,Bar Code,,081652203476,EACH,,2024-07-29,2024-08-02,
20347K,,CS,Bar Code,,10081652203473,CASE,,2024-07-29,2024-08-02,
20348K,,CS,Bar Code,,081652203483,Each,,2024-07-29,2024-07-30,
20348K,,CS,Bar Code,,10081652203480,Case,,2024-07-29,2024-07-30,
20349K,,CS,Bar Code,,081652203490,Each,,2024-07-29,2024-07-30,
20349K,,CS,Bar Code,,10081652203497,Case,,2024-07-29,2024-07-30,
20353J,,CS,Bar Code,,4970821120002,EACH,,2024-07-29,2024-07-30,
20364K,,CS,Bar Code,,081652203643,EACH,,2024-07-29,,
20364K,,CS,Bar Code,,10081652203640,CASE,,2024-07-29,,
20366K,,CS,Bar Code,,081652203667,Retail,,2024-07-29,,
20366K,,CS,Bar Code,,10081652203664,,,2024-07-29,,
20367K,,CS,Bar Code,,081652203674,EACH,,2024-07-29,,
20368K,,CS,Bar Code,,081652203681,EACH,,2024-07-29,,
20368K,,CS,Bar Code,,10081652203688,,,2024-07-29,,
20369K,,CS,Bar Code,,081652203698,EACH,,2024-07-29,,
20370K,,CS,Bar Code,,081652203704,EACH,,2024-07-29,,
20370K,,CS,Bar Code,,10081652203701,,,2024-07-29,,
20378J,,CS,Bar Code,,10081652203787,CASE,,2024-07-29,,
20382J,,CS,Bar Code,,081652203827,EACH,,2024-07-29,,
20391J,,CS,Bar Code,,081652203919,EACH,,2024-07-29,,
20391J,,CS,Bar Code,,8165220391,EACH,,2024-07-29,,
20403K,,CS,Bar Code,,081652204039,EACH,,2024-07-29,,
20403K,,CS,Bar Code,,10081652204036,CS,,2024-07-29,,
20404K,,CS,Bar Code,,081652204046,EACH,,2024-07-29,,
20404K,,CS,Bar Code,,10081652204043,CS,,2024-07-29,,
20408K,,CS,Bar Code,,081652204084,EACH,,2024-07-29,,
20408K,,CS,Bar Code,,10081652204081,CASE,,2024-07-29,,
20411K,,CS,Bar Code,,081652204114,EACH,,2024-07-29,,
20411K,,CS,Bar Code,,10081652204111,CASE,,2024-07-29,,
20412K,,CS,Bar Code,,081652204121,EACH,,2024-07-29,,
20412K,,CS,Bar Code,,10081652204128,CASE,,2024-07-29,,
20416K,,CS,Bar Code,,081652204169,EACH,,2024-07-29,,
20416K,,CS,Bar Code,,10081652204166,CASE,,2024-07-29,,
20425K,,CS,Bar Code,,081652204251,EACH,,2024-07-29,,
20425K,,CS,Bar Code,,10081652204258,CASE,,2024-07-29,,
20426K,,CS,Bar Code,,081652204268,EACH,,2024-07-29,,
20426K,,CS,Bar Code,,10081652204265,CASE,,2024-07-29,,
20430K,,CS,Bar Code,,081652204305,EACH,,2024-07-29,,
20430K,,CS,Bar Code,,10081652204302,BOX,,2024-07-29,,
20433K,,CS,Bar Code,,081652204336,EACH,,2024-07-29,,
20433K,,CS,Bar Code,,10081652204333,CASE,,2024-07-29,,
20434K,,CS,Bar Code,,081652204343,EACH,,2024-07-29,,
20434K,,CS,Bar Code,,10081652204340,CASE,,2024-07-29,,
20435K,,CS,Bar Code,,081652204350,EACH,,2024-07-29,,
20436J,,CS,Bar Code,,081652204367,EACH,,2024-07-29,,
20436J,,CS,Bar Code,,10081652204364,,,2024-07-29,,
20439J,,CS,Bar Code,,49787634,EACH,,2024-07-29,,
20440K,,CS,Bar Code,,081652204404,EACH,,2024-07-29,,
20440K,,CS,Bar Code,,10081652204401,,,2024-07-29,,
20444K,,CS,Bar Code,,081652204442,EACH,,2024-07-29,,
20444K,,CS,Bar Code,,10081652204449,,,2024-07-29,,
20445K,,CS,Bar Code,,081652204459,EACH,,2024-07-29,,
20445K,,CS,Bar Code,,10081652204456,,,2024-07-29,,
20446K,,CS,Customer,VA372,2944568,RECTANGULAR FISH CAKE (L),,,,
20446K,,CS,Bar Code,,081652204466,EACH,,2024-07-29,,
20446K,,CS,Bar Code,,10081652204463,,,2024-07-29,,
20447K,,CS,Bar Code,,081652204473,EACH,,2024-07-29,,
20448K,,CS,Bar Code,,081652204480,EACH,,2024-07-29,,
20452K,,CS,Bar Code,,081652204527,EACH,,2024-07-29,2024-07-30,
20456K,,CS,Bar Code,,081652204565,EACH,,2024-07-29,2025-04-25,
20457K,,CS,Bar Code,,081652204572,EACH,,2024-07-29,,
20457K,,CS,Bar Code,,10081652204579,CASE,,2024-07-29,,
20459K,,CS,Bar Code,,081652204596,EACH,,2024-07-29,,
20460K,,CS,Bar Code,,081652204602,EACH,,2024-07-29,,
20460K,,CS,Bar Code,,10081652204609,CASE,,2024-07-29,,
20462K,,CS,Bar Code,,081652204626,EACH,,2024-07-29,2024-11-22,
20464D,,CS,Bar Code,,081652204640,EACH,,2024-07-29,,
20464D,,CS,Bar Code,,10081652204647,CASE,,2024-07-29,,
20465K,,CS,Bar Code,,081652204657,EACH,,2024-07-29,,
20469K,,CS,Bar Code,,18801047543333,,,2024-09-13,,
20469K,,CS,Bar Code,,8801047543336,Retail,,2024-09-13,,
20470K,,CS,Bar Code,,18801047529207,,,2024-09-13,,
20470K,,CS,Bar Code,,8801047529200,Retail,,2024-09-13,,
20475K,,CS,Bar Code,,081652204756,EACH,,2024-07-29,,
20475K,,CS,Bar Code,,10081652204753,CS,,2024-07-29,,
20479K,,CS,Bar Code,,081652204794,EACH,,2024-07-29,,
20480K,,CS,Bar Code,,10081652204807,CS,,2024-07-29,,
20480K,,CS,Bar Code,,8802955000041,EACH,,2024-07-29,,
20481K,,CS,Bar Code,,10081652204814,CS,,2024-07-29,,
20481K,,CS,Bar Code,,8802955000102,EACH,,2024-07-29,,
20483K,,CS,Bar Code,,081652204831,EACH,,2024-07-29,,
20485K,,CS,Bar Code,,081652204855,EACH,,2024-07-29,,
20486K,,CS,Bar Code,,081652204862,EACH,,2024-07-29,,
20487K,,CS,Bar Code,,081652204879,RETAIL,,2024-07-29,,
20487K,,CS,Bar Code,,10081652204876,,,2024-07-29,,
20490K,,CS,Bar Code,,081652204909,EACH,,2024-07-29,,
20491J,,BX,Bar Code,,4903120073250,EACH,,2024-07-29,2024-12-27,
20495K,,CS,Bar Code,,48803560031602,CASE,,,,
20495K,,CS,Bar Code,,8803560030089,EACH,,2024-07-29,,
20495K,,CS,Bar Code,,8803560031604,CASE,,2024-07-29,,
20497K,,CS,Bar Code,,8809050780427,EACH,,2024-07-29,,
20498K,,CS,Bar Code,,081652204985,EACH,,2025-04-15,,
20498K,,CS,Bar Code,,10081652204982,CASE,,2025-04-15,,
20501K,,CS,Bar Code,,081652205012,EACH,,2024-07-29,2024-07-30,
20514K,,CS,Bar Code,,48803560031640,CS,,2024-07-29,,
20514K,,CS,Bar Code,,8803560030171,EACH,,2024-07-29,,
20514K,,CS,Bar Code,,8803560031642,CS,,2024-07-29,,
20515K,,CS,Bar Code,,10081652205156,CS,,2024-07-29,,
20515K,,CS,Bar Code,,8803560030119,EACH,,2024-07-29,,
20520K,,CS,Bar Code,,081652205203,EACH,,2024-07-29,,
20520K,,CS,Bar Code,,10081652205200,CS,,2024-07-29,,
20523D,,CS,Bar Code,,071533030024,EACH,,2024-07-29,2024-07-30,
20523D,,CS,Bar Code,,071533030123,EACH,,2024-07-29,2024-07-30,
20525D,,CS,Bar Code,,071533030017,EACH,,2024-07-29,2024-07-30,
20525D,,CS,Bar Code,,071533030116,EACH,,2024-07-29,2024-07-30,
20529D,,CS,Bar Code,,078878052162,EACH,,2024-07-29,2024-07-30,
20530D,,CS,Bar Code,,071533030031,EACH,,2024-07-29,2024-07-30,
20530D,,CS,Bar Code,,071533030130,EACH,,2024-07-29,2024-07-30,
20535D,,CS,Bar Code,,072869710024,EACH,,2024-07-29,2024-07-30,
20537D,,CS,Bar Code,,078878002150,EACH,,2024-07-29,2024-07-30,
20538D,,CS,Bar Code,,081652205388,EACH,,2024-07-29,,
20538D,,CS,Bar Code,,10081652205385,CS,,2024-07-29,,
20539K,,CS,Bar Code,,081652205395,EACH,,2024-07-29,,
20539K,,CS,Bar Code,,10081652205392,CASE,,2024-07-29,,
20540K,,CS,Bar Code,,081652205401,EACH,,2024-07-29,,
20540K,,CS,Bar Code,,10081652205408,CS,,2024-07-29,,
20541K,,CS,Bar Code,,081652205418,EACH,,2024-07-29,,
20541K,,CS,Bar Code,,10081652205415,CS,,2024-07-29,,
20542J,,CS,Bar Code,,071757051119,EACH,,2024-07-29,2024-07-30,
20550K,,CS,Bar Code,,081652205500,EACH,,2024-07-29,2024-07-30,
20550K,,CS,Bar Code,,10081652205507,CASE,,2024-07-29,2024-07-30,
20551K,,CS,Bar Code,,081652205517,EACH,,2024-07-29,,
20551K,,CS,Bar Code,,10081652205514,CS,,2024-07-29,,
20552K,,CS,Bar Code,,081652205524,EACH,,2024-07-29,,
20552K,,CS,Bar Code,,10081652205521,CS,,2024-07-29,,
20553K,,CS,Bar Code,,081652205531,EACH,,2024-07-29,,
20553K,,CS,Bar Code,,10081652205538,CS,,2024-07-29,,
20554K,,CS,Bar Code,,081652205548,EACH,,2024-07-29,,
20554K,,CS,Bar Code,,10081652205545,CASE,,2024-07-29,,
20555K,,CS,Bar Code,,081652205555,EACH,,2024-07-29,,
20555K,,CS,Bar Code,,10081652205552,CASE,,2024-07-29,,
20556K,,CS,Bar Code,,081652205562,EACH,,2024-07-29,,
20556K,,CS,Bar Code,,10081652205569,CASE,,2024-07-29,,
20557K,,CS,Bar Code,,081652205579,EACH,,2024-07-29,,
20557K,,CS,Bar Code,,10081652205576,CS,,2024-07-29,,
20558K,,CS,Bar Code,,081652205586,EACH,,2024-07-29,,
20558K,,CS,Bar Code,,10081652205583,CASE,,2024-07-29,,
20560K,,CS,Bar Code,,081652205609,EACH,,2024-07-29,2024-07-30,
20562K,,CS,Bar Code,,081652205623,EACH,,2024-07-29,2024-07-30,
20563K,,CS,Bar Code,,18801068006299,CASE,,2024-07-29,,
20563K,,CS,Bar Code,,8801068018196,EACH,,2024-07-29,,
20565K,,CS,Bar Code,,081652205654,EACH,,2024-07-29,2024-07-30,
20566K,,CS,Bar Code,,081652205661,EACH,,2024-07-29,,
20566K,,CS,Bar Code,,10081652205668,CASE,,2024-07-29,,
20567K,,CS,Bar Code,,081652205678,EACH,,2024-07-29,2024-07-30,
20571D,,CS,Bar Code,,081652205715,EACH,,2024-07-29,,
20571D,,CS,Bar Code,,10081652205712,CASE,,2024-07-29,,
20572K,,CS,Bar Code,,081652205722,EACH,,2024-07-29,,
20572K,,CS,Bar Code,,10081652205729,BOX,,2024-07-29,,
20573D,,CS,Bar Code,,081652205739,EACH,,2024-07-29,,
20573D,,CS,Bar Code,,10081652205736,CASE,,2024-07-29,,
20574D,,CS,Bar Code,,081652205746,EACH,,2024-07-29,,
20574D,,CS,Bar Code,,10081652205743,CASE,,2024-07-29,,
20575D,,CS,Bar Code,,081652205753,EACH,,2024-07-29,,
20575D,,CS,Bar Code,,10081652205750,CASE,,2024-07-29,,
20580D,,CS,Bar Code,,081652205807,EACH,,2024-07-29,,
20580D,,CS,Bar Code,,10081652205804,CASE,,2024-07-29,,
20581K,,CS,Bar Code,,081652205814,EACH,,2024-07-29,2025-03-14,
20581K,,CS,Bar Code,,10081652205811,CASE,,2024-07-29,2025-03-14,
20582K,,CS,Bar Code,,081652205821,EACH,,2024-07-29,,
20582K,,CS,Bar Code,,10081652205828,CASE,,2024-07-29,,
20584K,,CS,Bar Code,,081652205845,EACH,,2024-07-29,,
20584K,,CS,Bar Code,,10081652205842,CASE,,2024-07-29,,
20585K,,CS,Bar Code,,081652205852,EACH,,2024-07-29,,
20585K,,CS,Bar Code,,10081652205859,CASE,,2024-07-29,,
20586K,,CS,Bar Code,,081652205869,EACH,,2024-07-29,,
20586K,,CS,Bar Code,,10081652205866,CASE,,2024-07-29,,
20587K,,CS,Bar Code,,081652205876,EACH,,2024-07-29,,
20587K,,CS,Bar Code,,10081652205873,CASE,,2024-07-29,,
20598K,,CS,Bar Code,,081652205982,EACH,,2024-07-29,,
20598K,,CS,Bar Code,,10081652205989,CASE,,2024-07-29,,
20601J,,CS,Bar Code,,081652206019,EACH,,2025-04-15,,
20602J,,CS,Bar Code,,081652206026,EACH,,2025-04-15,,
20605D,,CS,Bar Code,,891416000018,EACH,,2024-07-29,,
20610J,,CS,Bar Code,,081652206101,EACH,,2024-07-29,2024-07-30,
20623D,,CS,Bar Code,,760941101029,EACH,,2024-07-29,,
20624D,,CS,Vendor,10883,1021083,,,,,
20624D,,CS,Bar Code,,17609411010433,CASE,,2024-07-29,,
20624D,,CS,Bar Code,,760941101043,EACH,,2024-07-29,,
20625D,,CS,Vendor,10883,1021078,,,,,
20625D,,CS,Bar Code,,17609411010297,CASE,,2024-07-29,,
20625D,,CS,Bar Code,,760941101036,EACH,,2024-07-29,,
20626D,,CS,Vendor,10883,1021098,,,,,
20626D,,CS,Bar Code,,07609411011730,CASE,,2024-07-29,,
20626D,,CS,Bar Code,,760941011731,EACH,,2024-07-29,,
20627D,,CS,Vendor,10883,1021070,,,,,
20627D,,CS,Bar Code,,07609411010122,CASE,,2024-07-29,,
20627D,,CS,Bar Code,,760941101012,EACH,,2024-07-29,,
20629D,,CS,Bar Code,,760941104419,EACH,,2024-07-29,,
20630D,,CS,Bar Code,,081652206309,RETAIL,,2024-07-29,,
20630D,,CS,Bar Code,,10081652206306,CASE,,2024-07-29,,
20635D,,CS,Bar Code,,760941202023,EACH,,2024-07-29,,
20641D,,CS,Bar Code,,081652206415,EACH,,2024-07-29,,
20641D,,CS,Bar Code,,10081652206412,CASE,,2024-07-29,,
20642D,,CS,Bar Code,,081652206422,EACH,,2024-07-29,,
20642D,,CS,Bar Code,,10081652206429,CASE,,2024-07-29,,
20644D,,CS,Bar Code,,081652206446,EACH,,2024-07-29,2024-07-30,
20644D,,CS,Bar Code,,10081652206443,CASE,,2024-07-29,2024-07-30,
20649D,,CS,Bar Code,,081652206491,EACH,,2024-07-29,,
20649D,,CS,Bar Code,,10081652206498,CASE,,2024-07-29,,
20650D,,CS,Bar Code,,081652206507,EACH,,2024-07-29,,
20650D,,CS,Bar Code,,10081652206504,CASE,,2024-07-29,,
20651K,,CS,Bar Code,,081652206514,EACH,,2024-07-29,,
20653D,,CS,Bar Code,,081652206538,EACH,,2024-07-29,2025-02-07,
20653D,,CS,Bar Code,,10081652206535,CASE,,2024-07-29,2025-02-07,
20657D,,CS,Bar Code,,081652206576,EACH,,2024-07-29,2024-11-01,
20657D,,CS,Bar Code,,10081652206573,CASE,,2024-07-29,2024-11-01,
20658K,,CS,Bar Code,,081652206583,EACH,,2024-07-29,,
20658K,,CS,Bar Code,,10081652206580,CASE,,2024-07-29,,
20663D,,CS,Vendor,10405,32111,,,,,
20663D,,CS,Bar Code,,007987823219,CASE,,2024-07-29,,
20663D,,CS,Bar Code,,798782305153,CASE,,2024-07-29,,
20663D,,CS,Bar Code,,798782321115,EACH,,2024-07-29,,
20664D,,CS,Bar Code,,798782306167,CASE,,2024-07-29,,
20664D,,CS,Bar Code,,798782323133,EACH,,2024-07-29,,
20665D,,CS,Vendor,10405,32414,,,,,
20665D,,CS,Bar Code,,798782307171,CASE,,2024-07-29,,
20665D,,CS,Bar Code,,798782324147,EACH,,2024-07-29,,
20668K,,CS,Bar Code,,8801068450316,EACH,,2024-07-29,,
20669K,,CS,Bar Code,,18801068450238,BOX,,2024-07-29,,
20669K,,CS,Bar Code,,8801068450231,EACH,,2024-07-29,,
20670K,,CS,Bar Code,,01639454451169,BOX,,2024-07-29,,
20670K,,CS,Bar Code,,639454451160,EACH,,2024-07-29,,
20671K,,CS,Bar Code,,18801068021353,CASE,,2024-07-29,,
20671K,,CS,Bar Code,,8801068021356,EACH,,2024-07-29,,
20679K,,CS,Bar Code,,8803560030300,EACH,,2024-07-29,,
20683D,,CS,Vendor,10405,44101,,,,,
20683D,,CS,Bar Code,,798782441011,EACH,,2024-07-29,,
20683D,,CS,Bar Code,,798782441110,CASE,,2024-07-29,,
20684D,,CS,Vendor,10405,44404,,,,,
20684D,,CS,Bar Code,,798782444043,EACH,,2024-07-29,,
20684D,,CS,Bar Code,,798782444142,CASE,,2024-07-29,,
20686D,,CS,Vendor,10405,44505,,,,,
20686D,,CS,Bar Code,,798782445057,EACH,,2024-07-29,,
20686D,,CS,Bar Code,,798782445156,CASE,,2024-07-29,,
20687D,,CS,Vendor,10405,44606,,,,,
20687D,,CS,Bar Code,,798782446061,EACH,,2024-07-29,,
20687D,,CS,Bar Code,,798782446160,CASE,,2024-07-29,,
20688D,,CS,Vendor,10405,44707,,,,,
20688D,,CS,Bar Code,,798782447075,EACH,,2024-07-29,,
20688D,,CS,Bar Code,,798782447174,CASE,,2024-07-29,,
20689D,,CS,Vendor,10405,45111,,,,,
20689D,,CS,Bar Code,,798782451119,EACH,,2024-07-29,,
20689D,,CS,Bar Code,,798782481116,CASE,,2024-07-29,,
20709D,,CS,Vendor,10405,45515,,,,,
20709D,,CS,Bar Code,,798782455155,EACH,,2024-07-29,,
20709D,,CS,Bar Code,,798782485152,CASE,,2024-07-29,,
20712K,,CS,Bar Code,,081652207122,EACH,,2024-07-29,,
20713K,,CS,Bar Code,,081652207139,EACH,,2024-07-29,2024-07-30,
20721K,,CS,Bar Code,,081652207214,EACH,,2024-07-29,,
20721K,,CS,Bar Code,,10081652207211,CASE,,2024-07-29,,
20722K,,CS,Bar Code,,081652207221,EACH,,2024-07-29,,
20722K,,CS,Bar Code,,10081652207228,CASE,,2024-07-29,,
20725K,,CS,Bar Code,,081652207252,EACH,,2024-07-29,,
20725K,,CS,Bar Code,,10081652207259,CASE,,2024-07-29,,
20732K,,CS,Bar Code,,081652207320,EACH,,2024-07-29,,
20732K,,CS,Bar Code,,10081652207327,CASE,,2024-07-29,,
20733K,,CS,Bar Code,,081652207337,EACH,,2024-07-29,,
20733K,,CS,Bar Code,,10081652207334,CASE,,2024-07-29,,
20735D,,CS,Bar Code,,081652207351,EACH,,2024-07-29,,
20735D,,CS,Bar Code,,10081652207358,CASE,,2024-07-29,,
20737K,,CS,Bar Code,,081652207375,EACH,,2024-07-29,2024-07-30,
20737K,,CS,Bar Code,,10081652207372,CASE,,2024-07-29,2024-07-30,
20740K,,CS,Bar Code,,081652207405,EACH,,2024-07-29,,
20740K,,CS,Bar Code,,10081652207402,CASE,,2024-07-29,,
20745C,,CS,Bar Code,,081652207450,EACH,,2024-07-29,,
20745C,,CS,Bar Code,,10081652207457,CASE,,2024-07-29,,
20746C,,CS,Bar Code,,081652207467,EACH,,2024-07-29,,
20746C,,CS,Bar Code,,10081652207464,CASE,,2024-07-29,,
20747C,,CS,Bar Code,,081652207474,EACH,,2024-07-29,,
20747C,,CS,Bar Code,,10081652207471,BOX,,2024-07-29,,
20748C,,CS,Bar Code,,081652207481,EACH,,2024-07-29,,
20748C,,CS,Bar Code,,10081652207488,BOX,,2024-07-29,,
20749K,,CS,Bar Code,,8801068370218,EACH,,2024-07-29,,
20750K,,CS,Bar Code,,8801068109047,EACH,,2024-07-29,2024-07-30,
20751K,,CS,Bar Code,,8801068096477,EACH,,2024-07-29,2024-07-30,
20756K,,CS,Bar Code,,8801068113525,EACH,,2024-07-29,2024-07-30,
20757K,,CS,Bar Code,,8801068087246,EACH,,2024-07-29,,
20758K,,CS,Bar Code,,18801068380979,CASE,,2024-07-29,,
20758K,,CS,Bar Code,,8801068380972,EACH,,2024-07-29,,
20759K,,CS,Bar Code,,18801068380962,CASE,,2024-07-29,,
20759K,,CS,Bar Code,,8801068380965,EACH,,2024-07-29,,
20766K,,CS,Bar Code,,081652207665,EACH,,2025-04-15,,
20766K,,CS,Bar Code,,10081652207662,CASE,,2025-04-15,,
20768K,,CS,Bar Code,,081652207689,EACH,,2024-07-29,,
20768K,,CS,Bar Code,,10081652207680,CASE,,2024-07-29,,
20769K,,CS,Bar Code,,081652207696,EACH,,2024-07-29,,
20769K,,CS,Bar Code,,10081652207693,CASE,,2024-07-29,,
20770K,,CS,Bar Code,,081652207702,EACH,,2024-07-29,,
20770K,,CS,Bar Code,,10081652207709,CASE,,2024-07-29,,
20771V,,CS,Bar Code,,081652207719,EACH,,2024-07-29,,
20771V,,CS,Bar Code,,10081652207716,CASE,,2024-07-29,,
20772V,,CS,Bar Code,,081652207726,EACH,,2024-07-29,,
20772V,,CS,Bar Code,,10081652207723,CASE,,2024-07-29,,
20774K,,CS,Bar Code,,081652207740,EACH,,2024-07-29,,
20774K,,CS,Bar Code,,10081652207747,CASE,,2024-07-29,,
20775K,,CS,Bar Code,,081652207757,EACH,,2024-07-29,,
20775K,,CS,Bar Code,,10081652207754,CASE,,2024-07-29,,
20776K,,CS,Bar Code,,081652207764,EACH,,2024-07-29,,
20776K,,CS,Bar Code,,10081652207761,CASE,,2024-07-29,,
20777K,,CS,Bar Code,,081652207771,EACH,,2024-07-29,,
20777K,,CS,Bar Code,,10081652207778,CS,,2024-07-29,,
20778K,,CS,Bar Code,,081652207788,EACH,,2024-07-29,,
20778K,,CS,Bar Code,,10081652207785,CASE,,2024-07-29,,
20784D,,CS,Bar Code,,1085763006647,CASE,,2024-07-29,,
20784D,,CS,Bar Code,,857653006640,EACH,,2024-07-29,,
20785D,,CS,Bar Code,,10857653006654,CASE,,2024-07-29,,
20785D,,CS,Bar Code,,857653006657,EACH,,2024-07-29,,
20786D,,CS,Bar Code,,10857653006661,CASE,,2024-07-29,,
20786D,,CS,Bar Code,,857653006664,EACH,,2024-07-29,,
20789K,,CS,Bar Code,,081652207894,EACH,,2024-07-29,2025-02-04,
20789K,,CS,Bar Code,,10081652207891,CS,,2024-07-29,2025-02-04,
20790K,,CS,Bar Code,,081652207900,EACH,,2024-07-29,,
20790K,,CS,Bar Code,,10081652207907,CASE,,2024-07-29,,
20791K,,CS,Bar Code,,081652207917,EACH,,2024-07-29,,
20791K,,CS,Bar Code,,10081652207914,CASE,,2024-07-29,,
20792K,,CS,Bar Code,,081652207924,EACH,,2024-07-29,,
20792K,,CS,Bar Code,,10081652207921,CASE,,2024-07-29,,
20793K,,CS,Bar Code,,081652207931,EACH,,2024-07-29,,
20793K,,CS,Bar Code,,10081652207938,CASE,,2024-07-29,,
20794K,,CS,Bar Code,,081652207948,EACH,,2024-07-29,,
20794K,,CS,Bar Code,,10081652207945,CASE,,2024-07-29,,
20797K,,CS,Bar Code,,081652207979,EACH,,2024-07-29,2024-07-30,
20797K,,CS,Bar Code,,10081652207976,CASE,,2024-07-29,2024-07-30,
20798K,,CS,Bar Code,,081652207986,EACH,,2024-07-29,2024-07-30,
20798K,,CS,Bar Code,,10081652207983,CASE,,2024-07-29,2024-07-30,
20800D,,CS,Bar Code,,0110329712049969,CASE,,2024-07-29,,
20800D,,CS,Bar Code,,032971204996,EACH,,2024-07-29,,
20801D,,CS,Bar Code,,0110329713018865,CASE,,2024-07-29,,
20801D,,CS,Bar Code,,032971301886,EACH,,2024-07-29,,
20802D,,CS,Bar Code,,0110329713029991,CASE,,2024-07-29,,
20802D,,CS,Bar Code,,032971302999,EACH,,2024-07-29,,
20805D,,CS,Bar Code,,0110329712519905,CASE,,2024-07-29,2024-08-02,
20805D,,CS,Bar Code,,032971251990,EACH,,2024-07-29,2024-08-02,
20806D,,CS,Bar Code,,0110329712529973,CASE,,2024-07-29,2024-08-02,
20806D,,CS,Bar Code,,032971252997,EACH,,2024-07-29,2024-08-02,
20808D,,CS,Bar Code,,0110329712539941,CASE,,2024-07-29,2024-09-20,
20808D,,CS,Bar Code,,032971253994,EACH,,2024-07-29,2024-09-20,
20809D,,CS,Bar Code,,0110329712019955,CASE,,2024-07-29,,
20809D,,CS,Bar Code,,032971201995,EACH,,2024-07-29,,
20810D,,CS,Bar Code,,0110329712029923,CASE,,2024-07-29,,
20810D,,CS,Bar Code,,032971202992,EACH,,2024-07-29,,
20811D,,CS,Bar Code,,081652208112,EACH,,2024-01-01,2024-01-01,
20811D,,CS,Bar Code,,10081652208119,CASE,,2024-01-01,2024-01-01,
20812D,,CS,Bar Code,,10081652208126,CASE,,2024-07-29,2024-07-30,
20814D,,CS,Bar Code,,081652208143,EACH,,2024-07-29,2024-07-30,
20814D,,CS,Bar Code,,10081652208140,CASE,,2024-07-29,2024-07-30,
20815D,,CS,Bar Code,,10081652208157,CASE,,2024-07-29,2024-07-30,
20817D,,CS,Bar Code,,081652208174,BOX,,2024-07-29,2024-07-30,
20817D,,CS,Bar Code,,10081652208171,CASE,,2024-07-29,2024-07-30,
20824D,,CS,Bar Code,,081652208242,EACH,,2024-07-29,2024-07-30,
20824D,,CS,Bar Code,,10081652208249,CASE,,2024-07-29,2024-07-30,
20825D,,CS,Bar Code,,081652208259,EACH,,2024-07-29,,
20825D,,CS,Bar Code,,10081652208256,CASE,,2024-07-29,,
20827D,,CS,Bar Code,,10673367471140,CS,,2024-07-29,,
20827D,,CS,Bar Code,,601955943093,,,2024-07-29,,
20827D,,CS,Bar Code,,BULK,,,2024-07-29,,
20831D,,CS,Bar Code,,081652208310,EACH,,2024-07-29,,
20831D,,CS,Bar Code,,10081652208317,CS,,2024-07-29,,
20839C,,CS,Bar Code,,081652208396,EACH,,2024-07-29,2024-07-30,
20839C,,CS,Bar Code,,10081652208393,CASE,,2024-07-29,2024-07-30,
20846K,,CS,Bar Code,,8801068097528,EACH,,2024-07-29,,
20847K,,CS,Bar Code,,8801068087000,EACH,,2024-07-29,,
20852K,,CS,Bar Code,,18801068391555,,,2024-07-29,,
20852K,,CS,Bar Code,,8801068094923,EACH,,2024-07-29,,
20856K,,CS,Bar Code,,18801068368465,CASE,,2024-07-29,2024-07-30,
20856K,,CS,Bar Code,,8801068077742,EACH,,2024-07-29,2024-07-30,
20858K,,CS,Bar Code,,8801068097559,EACH,,2024-07-29,,
20859K,,CS,Bar Code,,8801068097542,EACH,,2024-07-29,,
20861K,,CS,Bar Code,,8801068097535,EACH,,2024-07-29,,
20864K,,CS,Bar Code,,18801068113553,CASE,,2024-07-29,2024-07-30,
20864K,,CS,Bar Code,,8801068113556,EACH,,2024-07-29,2024-07-30,
20865K,,CS,Bar Code,,8801068077759,EACH,,2024-07-29,,
20869K,,CS,Vendor,10331,W10331031,,,,,
20869K,,CS,Bar Code,,10845502072035,CASE,,2025-07-25,,
20869K,,CS,Bar Code,,845502072212,EACH,,2025-07-25,,
20870K,,CS,Bar Code,,8801068096330,EACH,,2024-07-29,2024-07-30,
20872K,,CS,Bar Code,,18809324000609,CASE,,2024-07-29,2024-07-30,
20872K,,CS,Bar Code,,8809324626598,EACH,,2024-07-29,2024-07-30,
20873K,,CS,Bar Code,,18809324000616,CASE,,2024-07-29,2024-07-30,
20873K,,CS,Bar Code,,8809324626604,EACH,,2024-07-29,2024-07-30,
20875K,,CS,Bar Code,,18801066500188,,,2024-07-29,,
20875K,,CS,Bar Code,,8801066500181,EACH,,2024-07-29,,
20876K,,CS,Bar Code,,18801066500195,,,2024-07-29,,
20876K,,CS,Bar Code,,8801066500198,EACH,,2024-07-29,,
20877K,,CS,Bar Code,,639454133844,EACH,,2024-07-01,2024-10-07,
20879K,,CS,Bar Code,,18801047511677,,,2024-09-13,,
20879K,,CS,Bar Code,,8801047511670,Retail,,2024-09-13,,
20881K,,CS,Bar Code,,081652208815,EACH,,2024-07-29,,
20881K,,CS,Bar Code,,10081652208812,CASE,,2024-07-29,,
20882K,,CS,Bar Code,,081652208822,EACH,,2024-07-29,,
20882K,,CS,Bar Code,,10081652208829,CASE,,2024-07-29,,
20884K,,CS,Bar Code,,081652208846,EACH,,2024-07-29,2024-07-30,
20884K,,CS,Bar Code,,10081652208843,CASE,,2024-07-29,2024-07-30,
20890J,,CS,Bar Code,,4971311000248,EACH,,2024-07-29,,
20891J,,CS,Bar Code,,081652208914,EACH,,2024-07-29,,
20891J,,CS,Bar Code,,10081652208911,CASE,,2024-07-29,,
20892K,,CS,Bar Code,,10081652208928,,,2025-08-01,,
20892K,,CS,Bar Code,,4545732208929,RETAIL,,2025-08-01,,
20897K,,CS,Bar Code,,081652208976,EACH,,2024-07-29,,
20897K,,CS,Bar Code,,10081652208973,CASE,,2024-07-29,,
20897K,,CS,Bar Code,,4545732208974,BOX,,2024-07-29,,
20899K,,CS,Bar Code,,081652208990,EACH,,2024-07-29,,
20899K,,CS,Bar Code,,10081652208997,CASE,,2024-07-29,,
20899K,,CS,Bar Code,,4545732208998,BOX,,2024-07-29,,
20901J,,CS,Bar Code,,08535580024730,CASE,,2024-07-29,2024-07-30,
20901J,,CS,Bar Code,,853558002473,EACH,,2024-07-29,2024-07-30,
20904K,,CS,Bar Code,,081652209041,EACH,,2024-07-29,,
20904K,,CS,Bar Code,,10081652209048,CASE,,2024-07-29,,
20904K,,CS,Bar Code,,4545732209049,BOX,,2024-07-29,,
20905K,,CS,Bar Code,,081652209058,EACH,,2024-07-29,,
20905K,,CS,Bar Code,,10081652209055,CASE,,2024-07-29,,
20905K,,CS,Bar Code,,4545732209056,BOX,,2024-07-29,,
20906K,,CS,Bar Code,,10769828160781,CASE,,2024-07-29,,
20906K,,CS,Bar Code,,769828160784,EACH,,2024-07-29,,
20908K,,CS,Bar Code,,10769828303911,CASE,,2024-07-29,,
20908K,,CS,Bar Code,,769828303914,EACH,,2024-07-29,,
20910K,,CS,Bar Code,,0769828160238,CASE,,2024-07-29,2024-07-30,
20910K,,CS,Bar Code,,69828160234,EACH,,2024-07-29,2024-07-30,
20911K,,CS,Bar Code,,18801104910016,CASE,,2024-07-29,2024-07-30,
20911K,,CS,Bar Code,,8801104910019,EACH,,2024-07-29,2024-07-30,
20912K,,CS,Bar Code,,0769828102355,CASE,,2024-07-29,2024-07-30,
20912K,,CS,Bar Code,,69828120351,EACH,,2024-07-29,2024-07-30,
20914K,,CS,Bar Code,,0769858120454,CASE,,2024-07-29,2024-07-30,
20914K,,CS,Bar Code,,69828120450,EACH,,2024-07-29,2024-07-30,
20915K,,CS,Bar Code,,20769828120232,CASE,,2024-07-29,2024-07-30,
20915K,,CS,Bar Code,,769828120238,EACH,,2024-07-29,2024-07-30,
20919K,,CS,Bar Code,,0769828301924,CASE,,2024-07-29,2024-07-30,
20919K,,CS,Bar Code,,69828301927,EA,,2024-07-29,2024-07-30,
20923K,,CS,Bar Code,,10081652209239,,,2024-07-29,,
20923K,,CS,Bar Code,,8801068132175,EACH,,2024-07-29,,
20926K,,CS,Bar Code,,8801068139990,EACH,,2024-07-29,2024-07-30,
20927K,,CS,Bar Code,,18809005460111,CASE,,2025-04-15,,
20927K,,CS,Bar Code,,8809005460763,EACH,,2025-04-15,,
20929N,,CS,Bar Code,,10081652209291,CASE,,2025-04-15,,
20929N,,CS,Bar Code,,8809005460756,EACH,,2025-04-15,,
20932K,,CS,Bar Code,,10769828160507,CASE,,2024-07-29,,
20932K,,CS,Bar Code,,769828160500,EACH,,2024-07-29,,
20935K,,CS,Bar Code,,18801118251082,CASE,,2024-07-29,2024-07-30,
20935K,,CS,Bar Code,,8801118251085,EACH,,2024-07-29,2024-07-30,
20937K,,CS,Bar Code,,18801118251129,,,2024-07-29,,
20937K,,CS,Bar Code,,78801118250315,CASE,,2024-07-29,,
20937K,,CS,Bar Code,,8801118225338,BOX,,2024-07-29,,
20937K,,CS,Bar Code,,8801118250217,EACH,,2024-07-29,,
20942K,,CS,Bar Code,,28801062442274,CASE,,2024-07-29,,
20942K,,CS,Bar Code,,845502072021,EACH,,2024-07-29,,
20942K,,CS,Bar Code,,8801062442270,EACH,,2024-07-29,,
20947K,,CS,Vendor,10331,510000499,,,,,
20947K,,CS,Bar Code,,28801062442250,CASE,,2024-07-29,,
20947K,,CS,Bar Code,,28801062442550,CASE,,2024-07-29,,
20947K,,CS,Bar Code,,845502072014,EACH,,2024-07-29,,
20947K,,CS,Bar Code,,8801062442256,EACH,,2024-07-29,,
20951K,,CS,Bar Code,,18801118251020,CASE,,2024-07-29,2025-11-30,
20951K,,CS,Bar Code,,28801118250099,,,2025-03-19,,
20951K,,CS,Bar Code,,8801118250095,RETAIL,,2025-03-19,,
20951K,,CS,Bar Code,,8801118251023,EACH,,2024-07-29,2025-11-30,
20962K,,CS,Bar Code,,28801118251010,CASE,,2024-07-29,,
20962K,,CS,Bar Code,,8801118251016,EACH,,2024-07-29,,
20971K,,CS,Bar Code,,68801062435694,CASE,,2024-07-29,,
20971K,,CS,Bar Code,,845502072038,BOX,,2024-07-29,,
20971K,,CS,Bar Code,,8801062435692,EACH,,2024-07-29,,
20974K,,CS,Bar Code,,18801118251037,CASE,,2024-07-29,,
20974K,,CS,Bar Code,,8801118251030,EACH,,2024-07-29,,
20979K,,CS,Bar Code,,28801118252857,CASE,,2024-07-29,,
20979K,,CS,Bar Code,,8801118252853,RETAIL,,2024-07-29,,
20981K,,CS,Vendor,10331,511001320,,,,,
20981K,,CS,Bar Code,,18455020720763,,,2025-02-19,,
20981K,,CS,Bar Code,,38801062419044,CASE,,2024-07-29,,
20981K,,CS,Bar Code,,845502072076,EACH,,2024-07-29,,
20982K,,CS,Vendor,10331,511001286,,,,,
20982K,,CS,Bar Code,,18455020720695,,,2025-02-16,,
20982K,,CS,Bar Code,,28801062419047,CASE,,2024-07-29,,
20982K,,CS,Bar Code,,845502072069,EACH,,2024-07-29,,
20984K,,CS,Bar Code,,78801118250230,CASE,,2024-07-29,2025-05-23,
20984K,,CS,Bar Code,,8801118249020,BOX,,2024-07-29,2025-05-23,
20984K,,CS,Bar Code,,8801118250231,EACH,,2024-07-29,2025-05-23,
20989K,,CS,Bar Code,,8809011600030,CASE,,2025-04-15,,
20990K,,CS,Bar Code,,18801068131113,CASE,,2024-07-29,,
20990K,,CS,Bar Code,,8801068131116,EACH,,2024-07-29,,
20991K,,CS,Bar Code,,8801068131666,EACH,,2024-07-29,2024-07-30,
20993D,,CS,Vendor,10547,10306,,,,2024-07-30,
20993D,,CS,Bar Code,,020505002101,EACH,,2024-07-29,2024-07-30,
20994D,,CS,Bar Code,,020505002309,EACH,,2024-07-29,2024-07-30,
20995D,,CS,Bar Code,,020505002408,EACH,,2024-07-29,2024-07-30,
20996D,,CS,Bar Code,,020505002507,EACH,,2024-07-29,2024-07-30,
20997D,,CS,Bar Code,,020505002606,EACH,,2024-07-29,2024-07-30,
20998D,,CS,Bar Code,,081652209980,EACH,,2024-07-29,,
20998D,,CS,Bar Code,,10081652209987,CASE,,2024-07-29,,
20999D,,CS,Bar Code,,081652209997,EACH,,2024-07-29,,
20999D,,CS,Bar Code,,10081652209994,CASE,,2024-07-29,,
21001D,,CS,Bar Code,,020505002705,EACH,,2024-07-29,2024-07-30,
21016K,,CS,Bar Code,,10769828667402,CASE,,2024-07-29,,
21016K,,CS,Bar Code,,769828667405,EACH,,2024-07-29,,
21037K,,CS,Bar Code,,18801104302149,CASE,,2024-07-29,2025-06-13,
21037K,,CS,Bar Code,,8801104302142,EACH,,2024-07-29,2025-06-13,
21043J,,CS,Bar Code,,45146428,EACH,,2024-07-29,,
21044J,,CS,Bar Code,,45146411,EACH,,2024-07-29,,
21058K,,CS,Bar Code,,18805584224410,CASE,,2024-07-29,2024-07-30,
21058K,,CS,Bar Code,,8805584224413,EACH,,2024-07-29,2024-07-30,
21059K,,CS,Bar Code,,18805584224472,CASE,,2024-07-29,2024-07-30,
21059K,,CS,Bar Code,,8805584224475,EACH,,2024-07-29,2024-07-30,
21060K,,CS,Bar Code,,18805584224427,CASE,,2024-07-29,2024-07-30,
21060K,,CS,Bar Code,,8805584224420,EACH,,2024-07-29,2024-07-30,
21061K,,CS,Bar Code,,18801104306406,CASE,,2024-07-29,2024-07-30,
21061K,,CS,Bar Code,,8801104306416,EACH,,2024-07-29,2024-07-30,
21062K,,CS,Bar Code,,18801104170120,CASE,,2024-07-29,2024-07-30,
21062K,,CS,Bar Code,,8801104170123,EACH,,2024-07-29,2024-07-30,
21063K,,CS,Bar Code,,18801104180129,CASE,,2024-07-29,2024-07-30,
21063K,,CS,Bar Code,,8801104180122,EACH,,2024-07-29,2024-07-30,
21067K,,CS,Bar Code,,10769828664166,CASE,,2024-07-29,,
21067K,,CS,Bar Code,,769828664169,EACH,,2024-07-29,,
21079K,,CS,Bar Code,,38801118255466,CASE,,2024-07-29,2024-07-30,
21079K,,CS,Bar Code,,8801118255465,EACH,,2024-07-29,2024-07-30,
21080K,,CS,Bar Code,,28801062482218,CASE,,2024-07-29,,
21080K,,CS,Bar Code,,845502072373,EACH,,2024-07-29,,
21081K,,CS,Bar Code,,28801118253694,CASE,,2024-07-29,,
21081K,,CS,Bar Code,,8801118253690,RETAIL,,2024-07-29,,
21083K,,CS,Bar Code,,18801062008350,CASE,,2024-07-29,,
21083K,,CS,Bar Code,,845502072397,EACH,,2024-07-29,,
21084K,,CS,Bar Code,,18801062008374,CASE,,2024-07-29,,
21084K,,CS,Bar Code,,845502072403,EACH,,2024-07-29,,
21085K,,CS,Vendor,10331,W10322051,,,,,
21085K,,CS,Bar Code,,18801062008398,,,2025-07-25,,
21085K,,CS,Bar Code,,845502072410,RETAIL,,2025-07-25,,
21089K,,CS,Bar Code,,10845502073056,CASE,,2024-07-29,,
21089K,,CS,Bar Code,,845502073158,EACH,,2024-07-29,,
21090K,,CS,Bar Code,,10845502073049,CASE,,2024-07-29,,
21090K,,CS,Bar Code,,845502073141,EACH,,2024-07-29,,
21091K,,CS,Vendor,10331,511001319,,,,,
21091K,,CS,Bar Code,,18455020723429,,,2025-07-25,,
21091K,,CS,Bar Code,,845502072342,RETAIL,,2025-07-25,,
21092K,,CS,Vendor,10331,W10341300,,,,,
21092K,,CS,Bar Code,,10845502041116,,,2024-12-05,,
21092K,,CS,Bar Code,,845502041119,RETAIL,,2024-12-05,,
21093K,,CS,Bar Code,,18801062890696,CASE,,2024-07-29,,
21093K,,CS,Bar Code,,8801062453672,EACH,,2024-07-29,,
21094K,,CS,Bar Code,,18801062890689,CASE,,2024-07-29,,
21094K,,CS,Bar Code,,8801062453696,EACH,,2024-07-29,,
21096K,,CS,Bar Code,,10845502073025,CASE,,2024-07-29,,
21096K,,CS,Bar Code,,845502073127,EACH,,2024-07-29,,
21097K,,CS,Bar Code,,10845502073001,CASE,,2024-07-29,,
21097K,,CS,Bar Code,,845502073103,EACH,,2024-07-29,,
21102K,,CS,Bar Code,,10769828170117,CASE,,2024-07-29,2025-07-11,
21102K,,CS,Bar Code,,769828170110,EACH,,2024-07-29,2025-07-11,
21103K,,CS,Bar Code,,10769828170018,CASE,,2024-07-29,,
21103K,,CS,Bar Code,,769828170011,EACH,,2024-07-29,,
21104K,,CS,Bar Code,,10769828170032,CASE,,2024-07-29,,
21104K,,CS,Bar Code,,769828170035,EACH,,2024-07-29,,
21105K,,CS,Bar Code,,10769828170070,CASE,,2024-07-29,,
21105K,,CS,Bar Code,,769828170073,EACH,,2024-07-29,,
21106K,,CS,Bar Code,,10769828170056,CASE,,2024-07-29,2025-03-14,
21106K,,CS,Bar Code,,769828170059,EACH,,2024-07-29,2025-03-14,
21107K,,CS,Bar Code,,10769828170094,CASE,,2024-07-29,,
21107K,,CS,Bar Code,,769828170097,EACH,,2024-07-29,,
21108K,,CS,Bar Code,,18801104669587,CASE,,2024-07-29,2024-07-30,
21108K,,CS,Bar Code,,8801104669580,EACH,,2024-07-29,2024-07-30,
21110K,,CS,Bar Code,,18809713221103,CASE,,2024-07-29,2024-07-30,
21110K,,CS,Bar Code,,8809713221106,EACH,,2024-07-29,2024-07-30,
21111K,,CS,Bar Code,,18809713221134,CASE,,2024-07-29,,
21111K,,CS,Bar Code,,8809713221137,EACH,,2024-07-29,,
21112K,,CS,Bar Code,,18809713221141,CASE,,2024-07-29,2025-08-01,
21112K,,CS,Bar Code,,8809713221144,EACH,,2024-07-29,2025-08-01,
21113K,,CS,Bar Code,,18809713220045,CASE,,2024-07-29,,
21113K,,CS,Bar Code,,8809713221175,EACH,,2024-07-29,,
21114K,,CS,Bar Code,,18809713220397,CASE,,2024-07-29,,
21114K,,CS,Bar Code,,8809713221205,EACH,,2024-07-29,,
21115K,,CS,Bar Code,,18809713221127,CASE,,2024-07-29,,
21115K,,CS,Bar Code,,8809713221120,EACH,,2024-07-29,,
21116K,,CS,Bar Code,,18809713220076,CASE,,2024-07-29,,
21116K,,CS,Bar Code,,8809713221236,EACH,,2024-07-29,,
21117K,,CS,Bar Code,,10769828668775,CASE,,2024-07-29,2024-07-30,
21117K,,CS,Bar Code,,769828668778,EACH,,2024-07-29,2024-07-30,
21118K,,CS,Bar Code,,10769828667457,CASE,,2024-07-29,2024-07-30,
21118K,,CS,Bar Code,,769828667450,EACH,,2024-07-29,2024-07-30,
21119K,,CS,Bar Code,,18801104668412,CASE,,2024-07-29,2024-07-30,
21119K,,CS,Bar Code,,8801104668415,EACH,,2024-07-29,2024-07-30,
21120K,,CS,Bar Code,,18809713221226,CASE,,2024-07-29,2025-07-11,
21120K,,CS,Bar Code,,8809713221229,EACH,,2024-07-29,2025-07-11,
21121K,,CS,Bar Code,,18809713220595,CASE,,2024-07-29,,
21121K,,CS,Bar Code,,8809713220598,EACH,,2024-07-29,,
21123K,,CS,Bar Code,,18809713220458,CASE,,2024-07-29,2024-07-30,
21123K,,CS,Bar Code,,8809713220451,EACH,,2024-07-29,2024-07-30,
21124K,,CS,Bar Code,,18809713221677,CASE,,2024-07-29,2025-03-14,
21124K,,CS,Bar Code,,8809713221670,EACH,,2024-07-29,2025-03-14,
21125K,,CS,Bar Code,,18809713221493,CASE,,2024-07-29,,
21125K,,CS,Bar Code,,8809713221700,EACH,,2024-07-29,,
21126K,,CS,Bar Code,,18809713221455,CASE,,2024-07-29,2025-02-07,
21126K,,CS,Bar Code,,8809713221243,EACH,,2024-07-29,2025-02-07,
21127K,,CS,Vendor,10051,411426,,,,,
21127K,,CS,Bar Code,,18809713220588,,,2025-05-23,,
21127K,,CS,Bar Code,,8809713221861,,,2025-05-23,,
21128K,,CS,Vendor,10051,411044_40,,,,,
21128K,,CS,Bar Code,,18809713221134,,,2025-06-30,2025-06-30,
21128K,,CS,Bar Code,,8809713220055,EACH,,2025-06-30,2025-06-30,
21128K,,CS,Bar Code,,8809713221137,RETAIL,,2025-06-30,2025-06-30,
21147C,,CS,Bar Code,,6943090420638,RETAIL,,2025-05-11,2025-05-11,
21147C,,CS,Bar Code,,6943090421055,,,2025-05-11,2025-05-11,
21148C,,CS,Bar Code,,6943090420584,EACH,,2025-01-17,2025-01-17,
21148C,,CS,Bar Code,,6943090421048,,,2025-01-17,2025-01-17,
21149C,,CS,Bar Code,,6943090420140,EACH,,2025-01-17,2025-01-17,
21149C,,CS,Bar Code,,6943090420980,,,2025-01-17,2025-01-17,
21150K,,CS,Bar Code,,18805584224144,CASE,,2024-07-29,2024-07-30,
21150K,,CS,Bar Code,,8805584224147,EACH,,2024-07-29,2024-07-30,
21151D,,CS,Bar Code,,10854611008387,,,2025-03-07,,
21151D,,CS,Bar Code,,854611008371,EACH,,2025-03-07,,
21152D,,CS,Bar Code,,10854611008385,,,2025-03-07,,
21152D,,CS,Bar Code,,854611008388,EACH,,2025-03-07,,
21153K,,CS,Bar Code,,8801068927115,RETAIL,,2025-05-30,,
21154K,,CS,Bar Code,,8801068927085,RETAIL,,2025-05-30,,
21155K,,CS,Bar Code,,18801068926368,,,2025-05-23,,
21155K,,CS,Bar Code,,8801068926361,RETAIL,,2025-05-23,,
21156D,,CS,Bar Code,,10854611008439,,,2025-05-16,,
21156D,,CS,Bar Code,,854611008432,RETAIL,,2025-05-16,,
21157D,,CS,Bar Code,,10854611008446,,,2025-05-16,,
21157D,,CS,Bar Code,,854611008449,EACH,,2025-05-16,,
21158D,,CS,Bar Code,,10854611008460,,,2025-05-16,,
21158D,,CS,Bar Code,,854611008463,EACH,,2025-05-16,,
21160D,,CS,Vendor,11324,AVO1PK14,,,,,
21160D,,CS,Bar Code,,30854611008372,,,2025-06-15,2025-06-15,
21160D,,CS,Bar Code,,854611008371,RETAIL,,2025-06-15,2025-06-15,
21161D,,CS,Vendor,11324,DUR1PK14,,,,,
21161D,,CS,Bar Code,,30854611008389,,,2025-06-15,2025-06-15,
21161D,,CS,Bar Code,,854611008388,RETAIL,,2025-06-15,2025-06-15,
21162D,,CS,Vendor,11324,PFM1PK14,,,,,
21162D,,CS,Bar Code,,30854611008433,,,2025-06-15,2025-06-15,
21162D,,CS,Bar Code,,854611008432,RETAIL,,2025-06-15,2025-06-15,
21163D,,CS,Vendor,11324,TT1PK14,,,,,
21163D,,CS,Bar Code,,40854611008447,,,2025-06-14,2025-06-14,
21163D,,CS,Bar Code,,854611008449,RETAIL,,2025-06-14,2025-06-14,
21164D,,CS,Vendor,11324,BS1PK14,,,,,
21164D,,CS,Bar Code,,30854611008464,,,2025-06-15,2025-06-15,
21164D,,CS,Bar Code,,854611008463,RETAIL,,2025-06-15,2025-06-15,
21177K,,CS,Bar Code,,081652211778,RETAIL,,2024-07-29,,
21177K,,CS,Bar Code,,10081652211775,CASE,,2024-07-29,,
21191K,,CS,Vendor,10051,112780,,,,,
21191K,,CS,Bar Code,,10769828942097,CASE,,2024-07-29,,
21191K,,CS,Bar Code,,769828942083,RETAIL,,2024-07-29,,
21192K,,CS,Vendor,10051,112783,,,,,
21192K,,CS,Bar Code,,10769828942141,CASE,,2024-07-29,,
21192K,,CS,Bar Code,,769828942151,RETAIL,,2024-07-29,,
21193K,,CS,Vendor,10051,112782,,,,,
21193K,,CS,Bar Code,,10769828942127,CASE,,2024-07-29,,
21193K,,CS,Bar Code,,769828942137,REAIL,,2024-07-29,,
21194K,,CS,Vendor,10051,112781,,,,,
21194K,,CS,Bar Code,,10769828942103,CASE,,2024-07-29,,
21194K,,CS,Bar Code,,769828942113,RETAIL,,2024-07-29,,
21195K,,CS,Vendor,10051,112748,,,,,
21195K,,CS,Bar Code,,10769828946903,,,2025-05-24,2025-05-24,
21195K,,CS,Bar Code,,769828946913,RETAIL,,2025-05-24,2025-05-24,
21199K,,CS,Bar Code,,8801104125765,CASE,,2024-07-29,2024-07-30,
21199K,,CS,Bar Code,,8801104673785,EACH,,2024-07-29,2024-07-30,
21202K,,CS,Bar Code,,20769828160238,CASE,,2024-07-29,,
21202K,,CS,Bar Code,,769828160234,EACH,,2024-07-29,,
21203K,,CS,Bar Code,,20769828120454,CASE,,2024-07-29,,
21203K,,CS,Bar Code,,769828120450,EACH,,2024-07-29,,
21204K,,CS,Bar Code,,20769828120355,CASE,,2024-07-29,,
21204K,,CS,Bar Code,,769828120351,EACH,,2024-07-29,,
21205K,,CS,Vendor,10051,112519,,,,,
21205K,,CS,Bar Code,,20769828120232,CASE,,2024-07-29,,
21205K,,CS,Bar Code,,769828120238,EACH,,2024-07-29,,
21206K,,CS,Bar Code,,10769828301924,CASE,,2024-07-29,,
21206K,,CS,Bar Code,,769828301927,EACH,,2024-07-29,,
21207K,,CS,Bar Code,,10769828667167,CASE,,2024-07-29,,
21207K,,CS,Bar Code,,769828667160,EACH,,2024-07-29,,
21213J,,CS,Bar Code,,45146473,EACH,,2024-07-29,2024-08-02,
21215K,,CS,Vendor,10051,16,,,,,
21215K,,CS,Bar Code,,10769828120914,,,2024-07-29,,
21215K,,CS,Bar Code,,769828120917,RETAIL,,2024-07-29,,
21216K,,CS,Vendor,10051,17,,,,,
21216K,,CS,Bar Code,,10769828120907,,,2024-07-29,,
21216K,,CS,Bar Code,,769828120900,RETAIL,,2024-07-29,,
21217K,,CS,Bar Code,,20769828667188,,,2025-06-13,,
21217K,,CS,Bar Code,,769828667177,RETAIL,,2025-06-13,,
21217K,,CS,Bar Code,,769828667184,RETAIL,,2025-06-13,,
21218K,,CS,Vendor,10051,411415,,,,,
21218K,,CS,Bar Code,,18809713221684,,,2025-06-13,,
21218K,,CS,Bar Code,,8809713221687,RETAIL,,2025-06-13,,
21219K,,CS,Vendor,10051,411119,,,,,
21219K,,CS,Bar Code,,18809713221981,,,2025-06-13,,
21219K,,CS,Bar Code,,8809713221984,RETAIL,,2025-06-13,,
21220K,,CS,Bar Code,,8801068404692,EACH,,2024-07-29,2024-11-22,
21221K,,CS,Bar Code,,8801068404685,EACH,,2024-07-29,2024-11-22,
21222K,,CS,Bar Code,,081652212225,EACH,,2024-07-29,,
21223K,,CS,Bar Code,,081652212232,EACH,,2024-07-29,,
21224K,,CS,Bar Code,,081652212249,EACH,,2024-07-29,,
21225K,,CS,Bar Code,,081652212256,EACH,,2024-07-29,,
21230J,,CS,Bar Code,,4560285761356,RETAIL,,2025-04-11,,
21230J,,CS,Bar Code,,4560285761851,,,2025-04-11,,
21231J,,CS,Bar Code,,4560285761622,RETAIL,,2025-04-11,,
21231J,,CS,Bar Code,,4560285761981,,,2025-04-11,,
21232J,,CS,Bar Code,,4560285761332,RETAIL,,2025-04-11,,
21232J,,CS,Bar Code,,4560285761837,,,2025-04-11,,
21235K,,CS,Bar Code,,18809713222315,,,2025-08-01,,
21235K,,CS,Bar Code,,8809713222318,RETAIL,,2025-08-01,,
21236K,,CS,Bar Code,,18809713221141,CASE,,2025-08-08,,
21236K,,CS,Bar Code,,8809713221144,EACH,,2025-08-08,,
21241D,,CS,Bar Code,,020505002101,RETAIL,,2024-07-29,2024-09-20,
21241D,,CS,Bar Code,,20020505002105,CASE,,2024-07-29,2024-09-20,
21242D,,CS,Bar Code,,020505002309,RETAIL,,2024-07-29,2024-07-30,
21242D,,CS,Bar Code,,20020505002303,CASE,,2024-07-29,2024-07-30,
21243D,,CS,Bar Code,,020505002408,RETAIL,,2024-07-29,2024-08-02,
21243D,,CS,Bar Code,,20020505002402,CASE,,2024-07-29,2024-08-02,
21244D,,CS,Bar Code,,020505002507,RETAIL,,2024-07-29,2024-08-02,
21244D,,CS,Bar Code,,20020505002501,CASE,,2024-07-29,2024-08-02,
21245D,,CS,Bar Code,,020505002606,RETAIL,,2024-07-29,2024-07-30,
21245D,,CS,Bar Code,,20020505002600,CASE,,2024-07-29,2024-07-30,
21246D,,CS,Bar Code,,020505002705,RETAIL,,2024-07-29,2024-08-02,
21246D,,CS,Bar Code,,20020505002709,CASE,,2024-07-29,2024-08-02,
21247D,,CS,Vendor,10547,10426,,,,,
21247D,,CS,Bar Code,,020505003108,RETAIL,,2024-07-29,,
21247D,,CS,Bar Code,,20020505003102,,,2024-07-29,,
21248D,,CS,Vendor,10547,10424,,,,,
21248D,,CS,Bar Code,,020505003306,RETAIL,,2024-07-29,,
21248D,,CS,Bar Code,,20020505003300,,,2024-07-29,,
21249D,,CS,Vendor,10547,10428,,,,,
21249D,,CS,Bar Code,,020505003405,RETAIL,,2024-07-29,,
21249D,,CS,Bar Code,,20020505003409,,,2024-07-29,,
21250D,,CS,Vendor,10547,10430,,,,,
21250D,,CS,Bar Code,,020505003504,RETAIL,,2024-07-29,,
21250D,,CS,Bar Code,,20020505003508,,,2024-07-29,,
21251D,,CS,Vendor,10547,10429,,,,,
21251D,,CS,Bar Code,,020505003603,RETAIL,,2024-07-29,,
21251D,,CS,Bar Code,,20020505003607,,,2024-07-29,,
21252D,,CS,Vendor,10547,10431,,,,,
21252D,,CS,Bar Code,,020505003702,RETAIL,,2024-07-29,,
21252D,,CS,Bar Code,,20020505003706,,,2024-07-29,,
21253K,,CS,Vendor,11109,1000088634,,,,,
21253K,,CS,Bar Code,,8801068077087,RETAIL,,2024-12-01,2024-12-02,
21254K,,CS,Vendor,11109,1000227090,,,,,
21254K,,CS,Bar Code,,8801068918045,RETAIL,,2024-12-01,2024-12-02,
21255K,,CS,Vendor,11109,1000222467,,,,,
21255K,,CS,Bar Code,,8801068405774,RETAIL,,2024-07-01,2024-10-07,
21256K,,CS,Vendor,11109,1000242834,,,,,
21256K,,CS,Bar Code,,18801068923497,,,2024-12-01,2024-12-02,
21256K,,CS,Bar Code,,63945413384,RETAIL,,2024-12-01,2024-12-02,
21257K,,CS,Vendor,11109,1000217483,,,,,
21257K,,CS,Bar Code,,8801068405781,RETAIL,,2024-07-01,2025-01-10,
21258K,,CS,Vendor,11109,1000222970,,,,,
21258K,,CS,Bar Code,,8801068406634,RETAIL,,2024-07-01,2024-10-07,
21259K,,CS,Vendor,11109,1000089150,,,,,
21259K,,CS,Bar Code,,8801068409055,RETAIL,,2024-07-01,2024-10-07,
21260K,,CS,Vendor,11109,1000212086,,,,,
21260K,,CS,Bar Code,,8801068376999,RETAIL,,2024-07-01,2024-10-07,
21261K,,CS,Vendor,11109,1000145919,,,,,
21261K,,CS,Bar Code,,8801068405552,RETAIL,,2024-07-01,2024-10-07,
21262K,,CS,Vendor,11109,1000133959,,,,,
21262K,,CS,Bar Code,,8801068405545,RETAIL,,2024-07-01,2024-10-07,
21263K,,CS,Vendor,11109,1000171359,,,,,
21263K,,CS,Bar Code,,8801068405569,RETAIL,,2024-07-01,2024-10-07,
21264K,,CS,Vendor,11109,1000171360,,,,,
21264K,,CS,Bar Code,,8801068405583,RETAIL,,2024-07-01,2024-10-07,
21265K,,CS,Vendor,11109,1000154877,,,,,
21265K,,CS,Bar Code,,8801068087024,RATAIL,,2024-07-01,2024-10-07,
21266K,,CS,Vendor,11109,1000163544,,,,,
21266K,,CS,Bar Code,,8801068086225,RETAIL,,2024-07-01,2024-10-07,
21267K,,CS,Vendor,11109,1000133961,,,,,
21267K,,CS,Bar Code,,8801068912333,RETAIL,,2024-07-01,2024-10-07,
21268K,,CS,Vendor,11109,1000046364,,,,,
21268K,,CS,Bar Code,,8801068086874,RETAIL,,2024-07-01,2024-10-07,
21269K,,CS,Vendor,11109,1000217481,,,,,
21269K,,CS,Bar Code,,8801068087017,RETAIL,,2024-07-01,2024-10-07,
21270K,,CS,Vendor,11109,1000227089,,,,,
21270K,,CS,Bar Code,,8801068915631,RETAIL,,2024-07-01,2024-10-07,
21271K,,CS,Vendor,11109,1000230389,,,,,
21271K,,CS,Bar Code,,8801068918014,RETAIL,,2024-07-01,2024-10-07,
21272K,,CS,Vendor,11109,1000230390,,,,,
21272K,,CS,Bar Code,,8801068370843,RETAIL,,2024-07-01,2024-10-07,
21273K,,CS,Vendor,11109,1000227090,,,,,
21273K,,CS,Bar Code,,8801068915624,RETAIL,,2024-07-01,2024-10-07,
21274K,,CS,Vendor,11109,1000231650,,,,,
21274K,,CS,Bar Code,,18801068917991,,,2025-02-07,,
21274K,,CS,Bar Code,,8801068917994,RETAIL,,2025-02-07,,
21275K,,CS,Vendor,11109,1000231648,,,,,
21275K,,CS,Bar Code,,18801068918011,,,2024-07-01,2024-10-07,
21275K,,CS,Bar Code,,8801068918014,RETAIL,,2024-07-01,2024-10-07,
21276K,,CS,Vendor,11109,1000129353,,,,,
21276K,,CS,Bar Code,,18801068095903,,,2024-07-01,2024-10-07,
21276K,,CS,Bar Code,,8801068068368,RETAIL,,2024-07-01,2024-10-07,
21277K,,CS,Vendor,11109,1000129354,,,,,
21277K,,CS,Bar Code,,18801068095910,,,2024-07-01,2024-10-07,
21277K,,CS,Bar Code,,8801068068375,RETAIL,,2024-07-01,2024-10-07,
21278K,,CS,Vendor,11109,1000211210,,,,,
21278K,,CS,Bar Code,,18801068403555,CS,,2024-07-29,,
21278K,,CS,Bar Code,,8801068077742,RETAIL,,2024-07-29,,
21279K,,CS,Vendor,11109,1000211209,,,,,
21279K,,CS,Bar Code,,18801068403548,CS,,2024-07-29,,
21279K,,CS,Bar Code,,8801068396072,RETAIL,,2024-07-29,,
21280K,,CS,Vendor,11109,1000234382,,,,,
21280K,,CS,Bar Code,,18801068923374,,,2024-07-29,,
21280K,,CS,Bar Code,,8801068923377,RETAIL,,2024-07-29,,
21281K,,CS,Vendor,11109,1000245140,,,,,
21281K,,CS,Bar Code,,18801068924739,,,2024-07-01,,
21281K,,CS,Bar Code,,8801068924732,RETAIL,,2024-07-01,,
21282K,,CS,Vendor,11109,1000245134,,,,,
21282K,,CS,Bar Code,,18801068924746,,,2024-07-01,,
21282K,,CS,Bar Code,,8801068924749,RETAIL,,2024-07-01,,
21283K,,CS,Vendor,11109,1000246813,,,,,
21283K,,CS,Bar Code,,18801068924722,,,2025-01-10,,
21283K,,CS,Bar Code,,8801068924725,RETAIL,,2025-01-10,,
21284K,,CS,Bar Code,,18801068933380,,,2025-06-14,2025-06-14,
21284K,,CS,Bar Code,,8801068933383,RETAIL,,2025-06-14,2025-06-14,
21285K,,CS,Bar Code,,18801068923336,,,2024-07-29,2024-08-23,
21285K,,CS,Bar Code,,8801068923339,RETAIL,,2024-07-29,2024-08-23,
21286K,,CS,Vendor,11109,213,,,,,
21286K,,CS,Bar Code,,18801068924852,,,2025-01-31,,
21286K,,CS,Bar Code,,8801068924855,RETAIL,,2025-01-31,,
21287K,,CS,Vendor,11109,214,,,,,
21287K,,CS,Bar Code,,18801068924845,,,2025-01-31,,
21287K,,CS,Bar Code,,8801068924848,RETAIL,,2025-01-31,,
21288K,,CS,Vendor,11109,215,,,,,
21288K,,CS,Bar Code,,18801068924838,,,2025-01-31,,
21288K,,CS,Bar Code,,8801068924831,RETAIL,,2025-01-31,,
21289K,,CS,Vendor,11109,216,,,,,
21289K,,CS,Bar Code,,18801068926061,,,2025-02-20,,
21289K,,CS,Bar Code,,8801068925395,RETAIL,,2025-02-20,,
21290K,,CS,Vendor,11109,1000215580,,,,,
21290K,,CS,Bar Code,,18801068406259,,,2025-02-07,,
21290K,,CS,Bar Code,,8801068406252,RETAIL,,2025-02-07,,
21291K,,CS,Vendor,11109,1000231651,,,,,
21291K,,CS,Bar Code,,18801068918004,,,2025-02-07,,
21291K,,CS,Bar Code,,8801068918007,RETAIL,,2025-02-07,,
21292K,,CS,Bar Code,,8801068929782,RETAIL,,2025-06-20,,
21293K,,CS,Bar Code,,18801068930518,,,2025-08-15,,
21293K,,CS,Bar Code,,8801068930511,RETAIL,,2025-08-15,,
21294K,,CS,Bar Code,,18801068930501,,,2025-08-15,,
21294K,,CS,Bar Code,,8801068930504,RETAIL,,2025-08-15,,
21295K,,CS,Bar Code,,18801068930495,,,2025-08-15,,
21295K,,CS,Bar Code,,8801068930498,RETAIL,,2025-08-15,,
21300D,,CS,Bar Code,,081652213000,EACH,,2024-07-29,2024-07-30,
21300D,,CS,Bar Code,,10081652213007,CASE,,2024-07-29,2024-07-30,
21302D,,CS,Bar Code,,081652213024,EACH,,2024-07-29,,
21302D,,CS,Bar Code,,10081652213021,CASE,,2024-07-29,,
21303D,,CS,Bar Code,,081652213031,EACH,,2024-07-29,,
21303D,,CS,Bar Code,,10081652213038,CASE,,2024-07-29,,
21304D,,CS,Bar Code,,081652213048,EACH,,2024-07-29,,
21304D,,CS,Bar Code,,10081652213045,CASE,,2024-07-29,,
21306D,,CS,Bar Code,,081652213062,EACH,,2024-07-29,,
21306D,,CS,Bar Code,,10081652213069,CASE,,2024-07-29,,
21307D,,CS,Bar Code,,081652213079,EACH,,2024-07-29,,
21307D,,CS,Bar Code,,10081652213076,CASE,,2024-07-29,,
21308D,,CS,Bar Code,,081652213086,EACH,,2024-07-29,,
21308D,,CS,Bar Code,,10081652213083,CASE,,2024-07-29,,
21311D,,CS,Bar Code,,081652213116,EACH,,2024-07-29,,
21311D,,CS,Bar Code,,10081652213113,CASE,,2024-07-29,,
21312D,,CS,Bar Code,,081652213123,EACH,,2024-07-29,,
21312D,,CS,Bar Code,,10081652213120,CASE,,2024-07-29,,
21313D,,CS,Bar Code,,081652213130,EACH,,2024-07-29,2024-07-30,
21313D,,CS,Bar Code,,10081652213137,CASE,,2024-07-29,2024-07-30,
21314D,,CS,Bar Code,,081652213147,EACH,,2024-07-29,,
21314D,,CS,Bar Code,,10081652213144,CASE,,2024-07-29,,
21315D,,CS,Bar Code,,081652213154,EACH,,2024-07-29,,
21315D,,CS,Bar Code,,10081652213151,CASE,,2024-07-29,,
21316D,,CS,Bar Code,,081652213161,EACH,,2024-07-29,,
21316D,,CS,Bar Code,,10081652213168,CASE,,2024-07-29,,
21317D,,CS,Bar Code,,081652213178,EACH,,2024-07-29,2025-02-07,
21317D,,CS,Bar Code,,10081652213175,CASE,,2024-07-29,2025-02-07,
21350D,,CS,Bar Code,,081652213505,EACH,,2024-07-29,,
21350D,,CS,Bar Code,,10081652213502,CASE,,2024-07-29,,
21351D,,CS,Bar Code,,081652213512,EACH,,2024-07-29,,
21351D,,CS,Bar Code,,10081652213519,CASE,,2024-07-29,,
21352D,,CS,Bar Code,,081652213529,EACH,,2024-07-29,2024-07-30,
21352D,,CS,Bar Code,,10081652213526,CASE,,2024-07-29,2024-07-30,
21353D,,CS,Bar Code,,081652213536,EACH,,2024-07-29,2024-07-30,
21353D,,CS,Bar Code,,10081652213533,CASE,,2024-07-29,2024-07-30,
21360D,,CS,Bar Code,,081652213604,EACH,,2024-07-29,,
21360D,,CS,Bar Code,,10081652213601,CASE,,2024-07-29,,
21361D,,CS,Bar Code,,081652213611,EACH,,2024-07-29,,
21361D,,CS,Bar Code,,10081652213618,CASE,,2024-07-29,,
21363D,,CS,Bar Code,,081652213635,EACH,,2024-07-29,,
21363D,,CS,Bar Code,,10081652213632,CASE,,2024-07-29,,
21370D,,CS,Bar Code,,081652213703,EACH,,2024-07-29,2024-07-30,
21370D,,CS,Bar Code,,10081652213700,CASE,,2024-07-29,2024-07-30,
21372D,,CS,Bar Code,,081652213727,EACH,,2024-07-29,,
21372D,,CS,Bar Code,,10081652213724,CASE,,2024-07-29,,
21374D,,CS,Bar Code,,081652213741,EACH,,2024-07-29,,
21374D,,CS,Bar Code,,10081652213748,CASE,,2024-07-29,,
21382D,,CS,Bar Code,,081652213826,EACH,,2024-07-29,,
21382D,,CS,Bar Code,,10081652213823,CASE,,2024-07-29,,
21384D,,CS,Bar Code,,081652213840,EACH,,2024-07-29,,
21384D,,CS,Bar Code,,10081652213847,CASE,,2024-07-29,,
21386D,,CS,Bar Code,,081652213864,RETAIL,,2024-07-29,,
21386D,,CS,Bar Code,,10081652213861,,,2024-07-29,,
21501K,,CS,Bar Code,,10081652215018,CASE,,2024-07-29,2024-07-30,
21501K,,CS,Bar Code,,8809376803121,EACH,,2024-07-29,2024-07-30,
21502K,,CS,Bar Code,,10081652215025,CASE,,2024-07-29,2024-07-30,
21502K,,CS,Bar Code,,8809376803138,EACH,,2024-07-29,2024-07-30,
21503K,,CS,Bar Code,,10081652215032,CASE,,2024-07-29,2024-07-30,
21503K,,CS,Bar Code,,8809376803145,EACH,,2024-07-29,2024-07-30,
22001T,,CS,Bar Code,,081652220015,EACH,,2024-07-29,2024-07-30,
22001T,,CS,Bar Code,,0856966007016,CASE,,2024-07-29,2024-07-30,
22010T,,CS,Bar Code,,016229210205,EACH,,2024-07-29,,
22031T,,CS,Bar Code,,016229910921,EACH,,2024-07-29,2024-07-30,
22032T,,CS,Bar Code,,016229914455,EACH,,2024-07-29,,
23010K,,CS,Bar Code,,081652230106,EACH,,2024-07-29,2024-07-30,
23040K,,CS,Vendor,10153,55971,CASE,,2024-09-16,,
23040K,,CS,Bar Code,,18801047559716,CASE,,2024-09-16,,
23040K,,CS,Bar Code,,8801047559603,RETAIL,,2024-09-16,,
23041K,,CS,Vendor,10153,55972,,,,,
23041K,,CS,Bar Code,,18801047559723,CASE,,2024-09-16,,
23041K,,CS,Bar Code,,8801047559610,RETAIL,,2024-09-16,,
23042K,,CS,Bar Code,,18801047559792,CASE,,2025-01-01,,
23042K,,CS,Bar Code,,8801047559795,RETAIL,,2025-01-01,,
23043K,,CS,Vendor,10153,55989,,,,,
23043K,,CS,Bar Code,,18801047559891,CASE,,2024-09-09,,
23043K,,CS,Bar Code,,8801047559894,RETAIL,,2024-09-09,,
23044K,,CS,Vendor,10153,35203,,,,,
23044K,,CS,Bar Code,,18801047352034,,,2024-06-30,,
23044K,,CS,Bar Code,,8801047352037,Retail,,2024-06-30,,
23045K,,CS,Vendor,10153,35205,,,,,
23045K,,CS,Bar Code,,18801047352058,,,2024-06-30,,
23045K,,CS,Bar Code,,8801047352051,Retail,,2024-06-30,,
23046K,,CS,Bar Code,,18801047400018,,,2024-06-30,,
23046K,,CS,Bar Code,,8801047400011,Retail,,2024-06-30,,
23050K,,CS,Bar Code,,081652230502,EACH,,2024-07-29,,
23050K,,CS,Bar Code,,10081652230509,CS,,2024-07-29,,
23056K,,CS,Bar Code,,18801123727268,CASE,,2024-07-29,2024-07-30,
23056K,,CS,Bar Code,,8801123727261,EACH,,2024-07-29,2024-07-30,
23057K,,CS,Bar Code,,18801123727275,CASE,,2024-07-29,2024-07-30,
23057K,,CS,Bar Code,,8801123727278,EACH,,2024-07-29,2024-07-30,
23098D,,CS,Bar Code,,697566008795,RETAIL,,2024-07-01,,
23099D,,CS,Bar Code,,697566008788,RETAIL,,2024-07-01,,
23102D,,CS,Bar Code,,760412994778,EA,,2024-07-29,2024-08-02,
23103D,,CS,Bar Code,,760412994785,EA,,2024-07-29,2025-05-09,
23104D,,CS,Bar Code,,689396880009,EACH,,2024-07-29,2024-07-30,
23105D,,CS,Bar Code,,01081652231058,CS,,2024-07-29,,
23105D,,CS,Bar Code,,081652231059,EA,,2024-07-29,,
23106D,,CS,Bar Code,,01081652231065,CS,,2024-07-29,,
23106D,,CS,Bar Code,,081652231066,EA,,2024-07-29,,
23107D,,CS,Bar Code,,01081652231072,CS,,2024-07-29,,
23107D,,CS,Bar Code,,081652231073,EA,,2024-07-29,,
23108D,,CS,Bar Code,,081652231080,EA,,2024-07-29,,
23109D,,CS,Bar Code,,081652231097,EACH,,2024-07-29,,
23110D,,CS,Bar Code,,697566008757,RETAIL,,2024-07-29,2025-01-31,
23111D,,CS,Bar Code,,697566008771,RETAIL,,2024-07-29,2025-01-31,
23112D,,CS,Bar Code,,10850024343143,CASE,,2024-07-29,2024-07-30,
23112D,,CS,Bar Code,,850024343146,EACH,,2024-07-29,2024-07-30,
23113D,,CS,Bar Code,,10850024343129,CASE,,2024-07-29,2024-07-30,
23113D,,CS,Bar Code,,850024343122,EACH,,2024-07-29,2024-07-30,
23114D,,CS,Bar Code,,10850024343167,CASE,,2024-07-29,2024-07-30,
23114D,,CS,Bar Code,,850024343160,EACH,,2024-07-29,2024-07-30,
23115D,,CS,Bar Code,,10850024343150,CASE,,2024-07-29,2024-07-30,
23115D,,CS,Bar Code,,850024343153,EACH,,2024-07-29,2024-07-30,
23116D,,CS,Bar Code,,10850024343105,CASE,,2024-07-29,2024-07-30,
23116D,,CS,Bar Code,,850024343108,EACH,,2024-07-29,2024-07-30,
23117D,,CS,Bar Code,,10850024343099,CASE,,2024-07-29,2024-07-30,
23117D,,CS,Bar Code,,850024343092,EACH,,2024-07-29,2024-07-30,
23120D,,CS,Bar Code,,10850024343259,CASE,,2024-07-29,,
23120D,,CS,Bar Code,,850024343252,EACH,,2024-07-29,,
23121D,,CS,Bar Code,,10850024343259,CASE,,2024-07-29,2024-08-09,
23121D,,CS,Bar Code,,850024343245,EACH,,2024-07-29,2024-08-09,
23122D,,CS,Bar Code,,10850024343235,CASE,,2024-08-28,,
23122D,,CS,Bar Code,,10850024343242,CASE,,2024-07-29,2024-08-27,
23122D,,CS,Bar Code,,850024343238,EACH,,2024-07-29,,
23123D,,CS,Bar Code,,10850024343228,CASE,,2024-07-29,,
23123D,,CS,Bar Code,,850024343221,EACH,,2024-07-29,,
23124D,,CS,Bar Code,,10850024343266,CASE,,2024-07-29,,
23124D,,CS,Bar Code,,850024343269,EACH,,2024-07-29,,
23125D,,CS,Bar Code,,10850024343273,CASE,,2024-07-29,2024-07-30,
23125D,,CS,Bar Code,,850024343276,EACH,,2024-07-29,2024-07-30,
24013K,,CS,Bar Code,,18804127010664,CASE,,2024-07-29,2024-07-30,
24013K,,CS,Bar Code,,8804127010667,EACH,,2024-07-29,2024-07-30,
24017K,,CS,Bar Code,,8801073420427,CASE,,2024-07-29,2024-07-30,
24017K,,CS,Bar Code,,8801073910317,EACH,,2024-07-29,2024-07-30,
24018K,,CS,Bar Code,,8801073910355,EACH,,2024-07-29,2024-07-30,
24018K,,CS,Bar Code,,8801073920378,CASE,,2024-07-29,2024-07-30,
24019K,,CS,Bar Code,,8801073910348,EACH,,2024-07-29,2024-07-30,
24019K,,CS,Bar Code,,8801073920361,CASE,,2024-07-29,2024-07-30,
24020K,,CS,Bar Code,,860006058654,CASE,,2024-07-29,2024-07-30,
24020K,,CS,Bar Code,,865445000424,EACH,,2024-07-29,2024-07-30,
24031K,,CS,Vendor,11110,504254,,,,,
24031K,,CS,Bar Code,,10192699000441,CASE,,2024-07-29,,
24031K,,CS,Bar Code,,192699000444,RETAIL,,2024-07-29,,
24032K,,CS,Vendor,11110,504086,,,,,
24032K,,CS,Bar Code,,10192699000090,CASE,,2024-07-29,,
24032K,,CS,Bar Code,,192699000093,RETAIL,,2024-07-29,,
24033K,,CS,Vendor,11110,504253,,,,,
24033K,,CS,Bar Code,,10192699000458,CASE,,2024-07-29,,
24033K,,CS,Bar Code,,192699000451,RETAIL,,2024-07-29,,
24034K,,CS,Vendor,11110,504087,,,,,
24034K,,CS,Bar Code,,10192699000304,CASE,,2024-07-29,2025-04-25,
24034K,,CS,Bar Code,,192699000307,RETAIL,,2024-07-29,2025-04-25,
24035K,,CS,Vendor,11110,504344,,,,,
24035K,,CS,Bar Code,,10192699000496,CASE,,2024-07-29,,
24035K,,CS,Bar Code,,192699000499,RETAIL,,2024-07-29,,
24036K,,CS,Vendor,11110,504514,,,,,
24036K,,CS,Bar Code,,10192699000748,CASE,,2024-09-27,,
24036K,,CS,Bar Code,,192699000741,RETAIL,,2024-09-27,,
24100K,,CS,Bar Code,,081652241003,EA,,2024-07-29,2024-09-20,
24100K,,CS,Bar Code,,10081652241000,CS,,2024-07-29,2024-09-20,
24108K,,CS,Bar Code,,081652241089,EACH,,2024-07-29,,
24108K,,CS,Bar Code,,10081652241086,CASE,,2024-07-29,,
24110K,,CS,Bar Code,,081652241102,EACH,,2024-07-29,2024-09-20,
24110K,,CS,Bar Code,,10081652241109,CASE,,2024-07-29,2024-09-20,
24125K,,CS,Bar Code,,10081652241253,CASE,,2024-07-29,,
24125K,,CS,Bar Code,,8809074641360,EACH,,2024-07-29,,
24126K,,CS,Bar Code,,10081652241260,CASE,,2024-07-29,,
24126K,,CS,Bar Code,,8809074641346,EACH,,2024-07-29,,
24127K,,CS,Bar Code,,10081652241277,CASE,,2024-07-29,2024-07-30,
24127K,,CS,Bar Code,,8809074641377,EACH,,2024-07-29,2024-07-30,
24128K,,CS,Bar Code,,10081652241284,CASE,,2024-07-29,,
24128K,,CS,Bar Code,,8809074641353,EACH,,2024-07-29,,
24129K,,CS,Bar Code,,10081652241291,CASE,,2024-07-29,,
24129K,,CS,Bar Code,,8809074641322,EACH,,2024-07-29,,
24130K,,CS,Bar Code,,10081652241307,CASE,,2024-07-29,,
24130K,,CS,Bar Code,,8809074641339,EACH,,2024-07-29,,
25001K,,CS,Bar Code,,081652250012,EACH,,2025-04-15,,
25001K,,CS,Bar Code,,10081652250019,CASE,,2025-04-15,,
25004K,,CS,Bar Code,,081652250043,EACH,,2025-04-15,,
25004K,,CS,Bar Code,,10081652250040,CASE,,2025-04-15,,
25008K,,CS,Bar Code,,081652250081,EACH,,2025-04-15,,
25008K,,CS,Bar Code,,10081652250088,CASE,,2025-04-15,,
25010K,,CS,Bar Code,,081652250104,EACH,,2025-04-15,,
25010K,,CS,Bar Code,,10081652250101,CASE,,2025-04-15,,
25011K,,CS,Bar Code,,081652250111,EACH,,2024-07-29,2024-08-02,
25012K,,CS,Bar Code,,081652250128,RETAIL,,2024-07-29,,
25012K,,CS,Bar Code,,10081652250125,,,2024-07-29,,
25014K,,CS,Bar Code,,081652250142,EACH,,2024-07-29,,
25014K,,CS,Bar Code,,10081652250149,cs,,2024-07-29,,
25016K,,CS,Bar Code,,081652250166,EACH,,2024-07-29,,
25017K,,CS,Bar Code,,081652250173,EACH,,2024-07-29,,
25019K,,CS,Bar Code,,081652250197,EACH,,2024-07-29,,
25020K,,CS,Bar Code,,081652250203,EACH,,2024-07-29,,
25022K,,CS,Bar Code,,081652250227,EACH,,2024-07-29,,
25022K,,CS,Bar Code,,10081652250224,cs,,2024-07-29,,
25023K,,CS,Bar Code,,081652250234,EACH,,2025-04-15,,
25023K,,CS,Bar Code,,10081652250231,CASE,,2025-04-15,,
25026K,,CS,Bar Code,,081652250265,EACH,,2024-07-29,,
25026K,,CS,Bar Code,,10081652250262,cs,,2024-07-29,,
25028K,,CS,Bar Code,,081652250289,EACH,,2025-04-15,,
25028K,,CS,Bar Code,,10081652250286,CASE,,2025-04-15,,
25032K,,CS,Bar Code,,081652250326,EACH,,2025-04-15,,
25032K,,CS,Bar Code,,10081652250323,CASE,,2025-04-15,,
25037K,,CS,Bar Code,,081652250371,EACH,,2024-07-29,,
25038K,,CS,Bar Code,,081652250388,EACH,,2025-04-15,,
25038K,,CS,Bar Code,,10081652250385,CASE,,2025-04-15,,
26007D,,CS,Bar Code,,081652260073,EACH,,2024-07-29,,
26007D,,CS,Bar Code,,10081652260070,CASE,,2024-07-29,,
26017K,,CS,Bar Code,,081652260172,EACH,,2024-01-01,2024-10-06,
26017K,,CS,Bar Code,,10081652260179,CASE,,2024-01-01,2024-10-06,
26018K,,CS,Bar Code,,081652260189,EACH,,2024-01-01,2024-10-06,
26018K,,CS,Bar Code,,10081652260186,CASE,,2024-01-01,2024-10-06,
26020C,,CS,Bar Code,,081652260202,EACH,,2024-07-29,,
26020C,,CS,Bar Code,,10081652260209,CASE,,2024-07-29,,
26021C,,CS,Bar Code,,081652260219,EACH,,2024-07-29,,
26021C,,CS,Bar Code,,10081652260216,BOX,,2024-07-29,,
26022K,,CS,Bar Code,,8802182965731,EACH,,2024-07-29,,
26023D,,CS,Bar Code,,081652260233,EACH,,2024-07-29,,
26023D,,CS,Bar Code,,10081652260230,CASE,,2024-07-29,,
26026D,,CS,Bar Code,,081652260264,EACH,,2024-07-29,,
26026D,,CS,Bar Code,,10081652260261,CASE,,2024-07-29,,
26030K,,CS,Bar Code,,18807617752266,CASE,,2024-07-29,,
26030K,,CS,Bar Code,,8807617752269,EACH,,2024-07-29,,
26031K,,CS,Bar Code,,18807617752273,CASE,,2024-07-29,,
26031K,,CS,Bar Code,,8807617752276,EACH,,2024-07-29,,
26032K,,CS,Bar Code,,18807617752280,CASE,,2024-07-29,,
26032K,,CS,Bar Code,,8807617752283,EACH,,2024-07-29,,
26040K,,CS,Bar Code,,081652260400,EACH,,2024-07-29,,
26040K,,CS,Bar Code,,10081652260407,CASE,,2024-07-29,,
27015K,,BX,Bar Code,,029882198346,CASE,,2024-07-29,,
27015K,,BX,Bar Code,,081652270157,EACH,,2024-07-29,,
27015K,,BX,Bar Code,,10081652270154,CASE,,2024-07-29,,
27015K,,CS,Bar Code,,029882198346,CASE,,2024-07-29,,
27015K,,CS,Bar Code,,081652270157,EACH,,2024-07-29,,
27015K,,CS,Bar Code,,10081652270154,CASE,,2024-07-29,,
27021K,,CS,Bar Code,,081652270218,EACH,,2024-07-29,2024-07-30,
27021K,,CS,Bar Code,,10081652270215,CASE,,2024-07-29,2024-07-30,
27023K,,CS,Bar Code,,081652270232,EACH,,2024-07-29,,
27023K,,CS,Bar Code,,10081652270239,CASE,,2024-07-29,,
27024K,,CS,Bar Code,,081652270249,EACH,,2024-07-29,,
27024K,,CS,Bar Code,,10081652270246,CASE,,2024-07-29,,
27025K,,CS,Bar Code,,081652270256,EACH,,2024-07-29,,
27025K,,CS,Bar Code,,10081652270253,CASE,,2024-07-29,,
27031K,,CS,Bar Code,,081652270317,EACH,,2024-07-29,,
27031K,,CS,Bar Code,,10081652270314,CASE,,2024-07-29,,
27033K,,CS,Bar Code,,081652270331,EACH,,2024-07-29,,
27033K,,CS,Bar Code,,10081652270338,CASE,,2024-07-29,,
27041K,,CS,Bar Code,,081652270416,EACH,,2024-07-29,,
27041K,,CS,Bar Code,,10081652270413,CASE,,2024-07-29,,
27042K,,CS,Bar Code,,081652270423,EACH,,2024-07-29,,
27042K,,CS,Bar Code,,10081652270420,CASE,,2024-07-29,,
27043K,,BX,Bar Code,,081652270430,EACH,,2024-07-29,,
27043K,,BX,Bar Code,,10081652270437,CASE,,2024-07-29,,
27043K,,BX,Bar Code,,8809211846382,EACH,,2024-07-29,,
27043K,,CS,Bar Code,,081652270430,EACH,,2024-07-29,,
27043K,,CS,Bar Code,,10081652270437,CASE,,2024-07-29,,
27043K,,CS,Bar Code,,8809211846382,EACH,,2024-07-29,,
27051K,,CS,Bar Code,,081652270515,EACH,,2024-07-29,,
27051K,,CS,Bar Code,,10081652270512,CASE,,2024-07-29,,
27066K,,CS,Bar Code,,081652270669,EACH,,2024-07-29,,
27066K,,CS,Bar Code,,10081652270666,CASE,,2024-07-29,,
27080K,,CS,Bar Code,,081652270805,EA,,2024-07-29,,
27080K,,CS,Bar Code,,10081652270802,CS,,2024-07-29,,
27081K,,CS,Bar Code,,081652270812,EA,,2024-07-29,,
27081K,,CS,Bar Code,,10081652270819,EA,,2024-07-29,,
27082K,,CS,Bar Code,,081652270829,EA,,2024-07-29,,
27082K,,CS,Bar Code,,10081652270826,CS,,2024-07-29,,
27202D,,CS,Bar Code,,10081652272028,CASE,,2024-07-29,2024-10-25,
27357K,,CS,Bar Code,,081652273578,EACH,,2024-07-29,,
27357K,,CS,Bar Code,,10081652273575,CASE,,2024-07-29,,
27358K,,CS,Bar Code,,081652273585,EACH,,2024-07-29,,
27358K,,CS,Bar Code,,10081652273582,CASE,,2024-07-29,,
27359K,,CS,Bar Code,,081652273592,EACH,,2024-07-29,,
27359K,,CS,Bar Code,,10081652273599,CASE,,2024-07-29,,
27360K,,CS,Bar Code,,081652273608,EACH,,2024-07-29,,
27360K,,CS,Bar Code,,10081652273605,CASE,,2024-07-29,,
27777K,,CS,Bar Code,,28809881951090,CASE,,2024-07-29,,
27777K,,CS,Bar Code,,8809881951096,RETAIL,,2024-07-29,,
27778K,,CS,Bar Code,,28809881951106,CASE,,2024-07-29,,
27778K,,CS,Bar Code,,8809881951102,RETAIL,,2024-07-29,,
27779K,,CS,Bar Code,,28809881951083,,,2024-07-29,2025-04-25,
27779K,,CS,Bar Code,,8809881951089,RETAIL,,2024-07-29,2025-04-25,
27780K,,CS,Bar Code,,20850060877043,CASE,,2024-07-29,,
27780K,,CS,Bar Code,,850060877049,RETAIL,,2024-07-29,,
27781K,,CS,Bar Code,,20850060877050,CASE,,,,
27781K,,CS,Bar Code,,850060877056,RETAIL,,2024-07-29,,
27782K,,CS,Bar Code,,20850060877067,CASE,,2024-07-29,2025-06-20,
27782K,,CS,Bar Code,,850060877063,RETAIL,,2024-07-29,2025-06-20,
27911N,,CS,Bar Code,,020949000401,CASE,,2024-01-01,2024-01-01,
27912N,,CS,Bar Code,,10081652279126,CASE,,2024-07-01,2024-10-07,
28004D,,CS,Bar Code,,10081652280047,CASE,,2024-07-29,2024-07-30,
28005K,,CS,Bar Code,,18809521340799,CS,,2024-07-29,2024-08-02,
28005K,,CS,Bar Code,,8809521340792,EA,,2024-07-29,2024-08-02,
28020J,,CS,Bar Code,,BULK,,,2024-01-01,2024-01-01,
28022J,,CS,Bar Code,,10081652280221,CASE,,2024-07-01,2024-10-07,
28024J,,CS,Bar Code,,10081652280245,CASE,,2024-01-01,2024-01-01,
28026K,,CS,Bar Code,,081652280262,CASE,,2024-07-29,2024-07-30,
28027J,,CS,Bar Code,,10081652280276,CASE,,2024-07-29,2024-07-30,
28029J,,CS,Bar Code,,10081652280290,Case,,2024-07-29,2024-07-30,
28030J,,CS,Bar Code,,10081652280306,CASE,,2024-07-01,2024-10-07,
28032J,,CS,Bar Code,,BULK,,,2024-11-16,,
28034J,,CS,Bar Code,,10081652280344,CASE,,2024-07-01,2024-10-07,
28036J,,CS,Bar Code,,BULK,,,2024-07-01,2024-10-07,
28038J,,CS,Bar Code,,BULK,,,2024-07-01,2024-10-07,
28039J,,CS,Bar Code,,081652280392,EACH,,2024-07-29,2024-07-30,
28039J,,CS,Bar Code,,10081652280399,CASE,,2024-07-29,2024-07-30,
28040J,,CS,Bar Code,,BULK,,,2024-07-29,,
28045D,,CS,Bar Code,,8410063065281,CS,,2024-07-29,2024-07-30,
28045D,,CS,Bar Code,,BULK,,,2024-07-29,2024-07-30,
28062V,,CS,Bar Code,,081652280620,EACH,,2024-07-29,,
28062V,,CS,Bar Code,,10081652280627,CASE,,2024-07-29,,
28087K,,CS,Bar Code,,081652280873,EACH,,2024-07-29,,
28087K,,CS,Bar Code,,10081652280870,CASE,,2024-07-29,,
28089K,,CS,Bar Code,,081652280897,EACH,,2024-07-29,,
28089K,,CS,Bar Code,,10081652280894,CS,,2024-07-29,,
28089K,,CS,Bar Code,,10081652280897,CASE,,2024-07-29,,
28101D,,CS,Bar Code,,081652281016,EACH,,2024-07-29,,
28101D,,CS,Bar Code,,10081652281013,CASE,,2024-07-29,,
28104D,,CS,Bar Code,,081652281047,EACH,,2024-07-29,,
28104D,,CS,Bar Code,,10081652281044,CASE,,2024-07-29,,
28105D,,CS,Bar Code,,081652281054,EACH,,2024-07-29,,
28105D,,CS,Bar Code,,10081652281051,CASE,,2024-07-29,,
28106D,,CS,Bar Code,,081652281061,EACH,,2024-07-29,,
28106D,,CS,Bar Code,,10081652281068,CASE,,2024-07-29,,
28107C,,CS,Bar Code,,081652281078,EACH,,2024-07-29,2024-07-30,
28107C,,CS,Bar Code,,10081652281075,CASE,,2024-07-29,2024-07-30,
28108C,,CS,Bar Code,,081652281085,EACH,,2024-07-29,2024-09-27,
28108C,,CS,Bar Code,,10081652281082,CASE,,2024-07-29,2024-09-27,
28114C,,CS,Bar Code,,081652281146,EACH,,2024-07-29,,
28114C,,CS,Bar Code,,10081652281143,CASE,,2024-07-29,,
28115C,,CS,Bar Code,,081652281153,EACH,,2024-07-29,,
28115C,,CS,Bar Code,,10081652281150,CASE,,2024-07-29,,
28116K,,CS,Bar Code,,081652281160,EACH,,2024-07-29,2024-07-30,
28118K,,CS,Bar Code,,081652281184,EACH,,2024-07-29,,
28118K,,CS,Bar Code,,10081652281181,CASE,,2024-07-29,,
28119K,,CS,Bar Code,,081652281191,EACH,,2024-07-29,,
28119K,,CS,Bar Code,,10081652281198,CASE,,2024-07-29,,
28121K,,CS,Bar Code,,081652281214,EACH,,2024-07-29,2024-07-30,
28901D,,CS,Bar Code,,10665072005062,CASE,,2024-07-29,2024-07-30,
28901D,,CS,Bar Code,,665072005065,EACH,,2024-07-29,2024-07-30,
29001K,,CS,Bar Code,,10857978007008,CASE,,2024-07-29,,
29001K,,CS,Bar Code,,10857978007374,CASE,,2024-07-29,,
29001K,,CS,Bar Code,,857978007001,EACH,,2024-07-29,,
29004K,,CS,Bar Code,,10857978007022,CASE,,2024-07-29,,
29004K,,CS,Bar Code,,857978007025,EACH,,2024-07-29,,
29005K,,CS,Bar Code,,10857978007046,CASE,,2024-07-29,,
29005K,,CS,Bar Code,,857978007049,EACH,,2024-07-29,,
29006K,,CS,Bar Code,,10857978007053,CASE,,2024-07-29,,
29006K,,CS,Bar Code,,857978007056,EACH,,2024-07-29,,
29007K,,CS,Bar Code,,10857978007060,CASE,,2024-07-29,,
29007K,,CS,Bar Code,,857978007063,EACH,,2024-07-29,,
29008K,,CS,Bar Code,,10857978007077,CASE,,2024-07-29,,
29008K,,CS,Bar Code,,857978007070,EACH,,2024-07-29,,
29009K,,CS,Bar Code,,10857978007084,CASE,,2024-07-29,,
29009K,,CS,Bar Code,,857978007087,EACH,,2024-07-29,,
29012K,,CS,Bar Code,,10857978007183,CASE,,2024-07-29,,
29012K,,CS,Bar Code,,857978007186,EACH,,2024-07-29,,
29013K,,CS,Bar Code,,10857978007197,CASE,,2024-07-29,,
29013K,,CS,Bar Code,,857978007193,EACH,,2024-07-29,,
29014K,,CS,Bar Code,,10857978007206,CASE,,2024-07-29,,
29014K,,CS,Bar Code,,857978007209,EACH,,2024-07-29,,
29015K,,CS,Bar Code,,10857978007213,CASE,,2024-07-29,,
29015K,,CS,Bar Code,,857978007216,EACH,,2024-07-29,,
29016K,,CS,Bar Code,,10857978007152,CASE,,2024-07-29,2024-07-30,
29016K,,CS,Bar Code,,857978007155,EACH,,2024-07-29,2024-07-30,
29017K,,CS,Bar Code,,10857978007244,CASE,,2024-07-29,2024-07-30,
29017K,,CS,Bar Code,,857978007247,EACH,,2024-07-29,2024-07-30,
29018K,,CS,Bar Code,,10857978007237,CASE,,2024-07-29,2024-07-30,
29018K,,CS,Bar Code,,857978007230,EACH,,2024-07-29,2024-07-30,
29019K,,CS,Bar Code,,10857978007251,CASE,,2024-07-29,2024-07-30,
29019K,,CS,Bar Code,,857978007254,EACH,,2024-07-29,2024-07-30,
29020K,,CS,Bar Code,,10857978007268,CASE,,2024-07-29,2024-07-30,
29020K,,CS,Bar Code,,857978007261,EACH,,2024-07-29,2024-07-30,
29021K,,CS,Bar Code,,10857978007275,CASE,,2024-07-29,2024-07-30,
29021K,,CS,Bar Code,,857978007278,EACH,,2024-07-29,2024-07-30,
29028K,,CS,Vendor,10165,10810175060450,,,,,
29028K,,CS,Bar Code,,10810175060450,CASE,,2025-03-14,,
29028K,,CS,Bar Code,,810175060453,RETAIL,,2025-03-14,,
29063K,,CS,Bar Code,,10081652290633,CASE,,2024-07-29,2024-07-30,
29064K,,CS,Bar Code,,081652290643,Retail,,2024-09-30,,
29064K,,CS,Bar Code,,10081652290640,,,2024-09-30,,
29096K,,CS,Bar Code,,081652290964,RETAIL,,2025-03-07,,
29096K,,CS,Bar Code,,10081652290961,CASE,,2025-03-07,,
29097K,,CS,Bar Code,,081652290971,RETAIL,,2025-03-07,,
29097K,,CS,Bar Code,,10081652290978,CASE,,2025-03-07,,
29098K,,CS,Bar Code,,081652290988,RETAIL,,2025-03-07,,
29098K,,CS,Bar Code,,10081652290985,CASE,,2025-03-07,,
29099K,,CS,Bar Code,,081652290995,EACH,,2024-07-29,,
29099K,,CS,Bar Code,,10081652290992,CASE,,2024-07-29,,
29100K,,CS,Bar Code,,081652291008,EACH,,2024-07-29,,
29100K,,CS,Bar Code,,10081652291005,CASE,,2024-07-29,,
29101K,,CS,Bar Code,,081652291015,EACH,,2024-07-29,,
29101K,,CS,Bar Code,,10081652291012,CASE,,2024-07-29,,
29102K,,CS,Bar Code,,081652291022,EACH,,2024-07-29,,
29102K,,CS,Bar Code,,10081652291029,CASE,,2024-07-29,,
29120K,,CS,Bar Code,,18809126813100,CASE,,2024-07-29,2024-07-30,
29120K,,CS,Bar Code,,8809126813103,EACH,,2024-07-29,2024-07-30,
29121K,,CS,Bar Code,,18809126813124,CASE,,2024-07-29,2024-07-30,
29121K,,CS,Bar Code,,8809126813134,EACH,,2024-07-29,2024-07-30,
29122K,,CS,Bar Code,,18809126813124,CASE,,2024-07-29,2024-07-30,
29122K,,CS,Bar Code,,8809126813127,EACH,,2024-07-29,2024-07-30,
29126K,,CS,Bar Code,,081652291268,EACH,,2024-07-29,2024-07-30,
29126K,,CS,Bar Code,,10081652291265,CASE,,2024-07-29,2024-07-30,
29292K,,CS,Bar Code,,081652292920,EACH,,2024-07-29,2024-07-30,
29292K,,CS,Bar Code,,10081652292927,CASE,,2024-07-29,2024-07-30,
29297J,,CS,Bar Code,,081652292975,EACH,,2024-07-29,2024-07-30,
29297J,,CS,Bar Code,,10081652292972,CASE,,2024-07-29,2024-07-30,
29298K,,CS,Bar Code,,10081652292989,CASE,,2024-07-29,2024-07-30,
29298K,,CS,Bar Code,,8802149551069,EACH,,2024-07-29,2024-07-30,
29298K,,CS,Bar Code,,8802149551250,EACH,,2024-07-29,2024-07-30,
29299K,,CS,Bar Code,,10081652292996,CASE,,2024-07-29,2024-07-30,
29299K,,CS,Bar Code,,8802149292993,EACH,,2024-07-29,2024-07-30,
29299K,,CS,Bar Code,,8802149551618,EACH,,2024-07-29,2024-07-30,
29301K,,CS,Bar Code,,10081652293016,CASE,,2024-07-29,,
29301K,,CS,Bar Code,,8809433510016,EACH,,2024-07-29,,
29302K,,CS,Bar Code,,10081652293023,CASE,,2024-07-29,,
29302K,,CS,Bar Code,,8809433510030,EACH,,2024-07-29,,
29306K,,CS,Bar Code,,10081652293061,CASE,,2024-07-29,,
29306K,,CS,Bar Code,,8809433510382,EACH,,2024-07-29,,
29312K,,CS,Bar Code,,081652293125,EACH,,2024-07-29,,
29312K,,CS,Bar Code,,10081652293122,CASE,,2024-07-29,,
29314K,,CS,Bar Code,,081652293149,EACH,,2024-07-29,,
29314K,,CS,Bar Code,,10081652293146,CASE,,2024-07-29,,
29320K,,CS,Bar Code,,081652293200,EACH,,2024-07-29,,
29320K,,CS,Bar Code,,081652293207,EACH,,2024-07-29,,
29320K,,CS,Bar Code,,10081652293207,CASE,,2024-07-29,,
29323D,,CS,Bar Code,,20-051906,CASE,,2024-07-29,,
29323D,,CS,Bar Code,,754351205293,EACH,,2024-07-29,,
29326K,,CS,Bar Code,,081652293262,EACH,,2023-06-30,2024-12-27,
29331K,,CS,Bar Code,,081652293316,EACH,,2023-06-30,2024-12-27,
29334K,,CS,Bar Code,,081652293347,EACH,,2024-07-29,,
29334K,,CS,Bar Code,,10081652293344,CASE,,2024-07-29,,
29354K,,CS,Bar Code,,081652293545,EACH,,2024-07-29,,
29354K,,CS,Bar Code,,10081652293542,CASE,,2024-07-29,,
29355K,,CS,Bar Code,,081652293552,EACH,,2024-07-29,,
29355K,,CS,Bar Code,,10081652293559,CASE,,2024-07-29,,
29374K,,CS,Bar Code,,081652293743,EACH,,2024-07-29,,
29374K,,CS,Bar Code,,10081652293740,,,2024-07-29,,
29375K,,CS,Bar Code,,081652293750,EACH,,2024-07-29,,
29375K,,CS,Bar Code,,10081652293757,,,2024-07-29,,
29376K,,CS,Bar Code,,8809284570351,EACH,,2024-07-29,,
29383J,,CS,Bar Code,,081652293835,EACH,,2024-07-29,,
29383J,,CS,Bar Code,,10081652293832,CASE,,2024-07-29,,
29388J,,CS,Bar Code,,041789008313,EACH,,2024-07-29,2024-07-30,
29391K,,CS,Bar Code,,18801068027300,CASE,,2024-07-29,,
29391K,,CS,Bar Code,,8801068024951,EACH,,2024-07-29,,
29392K,,CS,Bar Code,,081652293927,Retail,,2024-07-01,2024-10-07,
29392K,,CS,Bar Code,,10081652293924,,,2024-07-01,2024-10-07,
29394K,,CS,Bar Code,,081652293941,EACH,,2024-07-29,,
29394K,,CS,Bar Code,,10081652293948,CASE,,2024-07-29,,
29395K,,CS,Bar Code,,8809284570115,EACH,,2024-07-29,,
29396K,,CS,Bar Code,,8809284570085,EACH,,2024-07-29,,
29577J,,CS,Bar Code,,081652295778,EACH,,2024-07-29,,
29577J,,CS,Bar Code,,10081652957703,CASE,,2024-07-29,,
29596J,,CS,Vendor,10046,42002AFI,,,,,
29596J,,CS,Bar Code,,10745329900897,RETAIL,,2024-07-29,,
29596J,,CS,Bar Code,,745329900890,,,2024-07-29,,
29597J,,CS,Bar Code,,10745329000368,CS,,2024-07-29,2024-07-30,
29597J,,CS,Bar Code,,745329828101,EA,,2024-07-29,2024-07-30,
29685K,,CS,Bar Code,,10081652296857,CASE,,2024-07-29,,
29685K,,CS,Bar Code,,8809109112025,EACH,,2024-07-29,,
29686K,,CS,Bar Code,,10081652296864,CASE,,2024-07-29,,
29686K,,CS,Bar Code,,8809109115699,EACH,,2024-07-29,,
29687K,,CS,Bar Code,,10081652296871,CASE,,2024-07-29,,
29687K,,CS,Bar Code,,8809109115491,EACH,,2024-07-29,,
29688K,,CS,Bar Code,,10081652296888,CASE,,2024-07-29,,
29688K,,CS,Bar Code,,8809109116863,EACH,,2024-07-29,,
29689K,,CS,Bar Code,,10081652296895,CASE,,2024-07-29,,
29689K,,CS,Bar Code,,8809109116405,EACH,,2024-07-29,,
29694K,,CS,Bar Code,,10081652296949,CASE,,2024-07-29,,
29694K,,CS,Bar Code,,8809109117099,EACH,,2024-07-29,,
29695K,,CS,Bar Code,,10081652296956,CASE,,2024-07-29,,
29695K,,CS,Bar Code,,8809109117082,EACH,,2024-07-29,,
29696K,,CS,Bar Code,,10081652296963,CASE,,2024-07-29,,
29696K,,CS,Bar Code,,8809109117105,EACH,,2024-07-29,,
29698K,,CS,Bar Code,,10081652296987,CASE,,2024-07-29,,
29698K,,CS,Bar Code,,8809109117044,EACH,,2024-07-29,,
29699K,,CS,Bar Code,,10081652296994,CASE,,2024-07-29,,
29699K,,CS,Bar Code,,8809109117310,EACH,,2024-07-29,,
29704J,,CS,Bar Code,,081652297048,EACH,,2024-07-29,2024-07-30,
29705J,,CS,Bar Code,,081652297055,EACH,,2024-07-29,2024-07-30,
29731K,,CS,Bar Code,,081652297314,EACH,,2024-07-29,,
29731K,,CS,Bar Code,,10081652297311,CASE,,2024-07-29,,
29732K,,CS,Bar Code,,081652297321,EACH,,2024-07-29,,
29732K,,CS,Bar Code,,10081652297328,CASE,,2024-07-29,,
29733K,,CS,Bar Code,,081652297338,EACH,,2024-07-29,,
29733K,,CS,Bar Code,,10081652297335,CASE,,2024-07-29,,
29815K,,CS,Bar Code,,081652298151,EACH,,2024-07-29,,
29815K,,CS,Bar Code,,10081652298158,CASE,,2024-07-29,,
29888K,,CS,Bar Code,,081652298885,EACH,,2024-07-29,,
29888K,,CS,Bar Code,,10081652298882,CASE,,2024-07-29,,
29900D,,CS,Bar Code,,748729120189,EACH,,2024-07-29,2024-07-30,
29900D,,CS,Bar Code,,748729124279,CASE,,2024-07-29,2024-07-30,
29903K,,CS,Bar Code,,081652299035,EACH,,2024-07-29,,
29903K,,CS,Bar Code,,10081652299032,CASE,,2024-07-29,,
29904K,,CS,Bar Code,,081652299042,EACH,,2024-07-29,,
29904K,,CS,Bar Code,,10081652299049,CASE,,2024-07-29,,
29905K,,CS,Bar Code,,081652299059,EACH,,2024-07-29,,
29905K,,CS,Bar Code,,10081652299056,CASE,,2024-07-29,,
29912K,,CS,Bar Code,,081652299127,EACH,,2024-07-29,,
29912K,,CS,Bar Code,,10081652299124,CS,,2024-07-29,,
29930V,,CS,Bar Code,,081652299301,RETAIL,,2024-10-25,,
29930V,,CS,Bar Code,,10081652299308,,,2024-10-25,,
29931V,,CS,Bar Code,,081652299318,RETAIL,,2024-10-25,,
29931V,,CS,Bar Code,,10081652299315,,,2024-10-25,,
29932K,,CS,Vendor,11277,AA2201003,,,,,
29932K,,CS,Bar Code,,860006058654,CASE,,2025-04-04,,
29932K,,CS,Bar Code,,865445000424,RETAIL,,2025-04-04,,
29933K,,CS,Vendor,11277,AA2201004,,,,,
29933K,,CS,Bar Code,,860006058623,CASE,,2025-04-04,,
29933K,,CS,Bar Code,,865445000431,RETAIL,,2025-04-04,,
29934K,,CS,Vendor,11277,AA2201011,,,,,
29934K,,CS,Bar Code,,865445000400,RETAIL,,2025-04-04,,
29935K,,CS,Vendor,11277,AA2201022,,,,,
29935K,,CS,Bar Code,,850028858677,RETAIL,,2025-04-04,,
29935K,,CS,Bar Code,,850028858684,CASE,,2025-04-04,,
29936K,,CS,Vendor,11277,AA2201012,,,,,
29936K,,CS,Bar Code,,865445000417,RETAIL,,2025-04-04,,
29937K,,CS,Vendor,11277,AA2201013,,,,,
29937K,,CS,Bar Code,,850028858264,RETAIL,,2025-04-04,,
29937K,,CS,Bar Code,,850028858400,CASE,,2025-04-04,,
29938K,,CS,Vendor,11277,AA2201014,,,,,
29938K,,CS,Bar Code,,850028858394,RETAIL,,2025-04-04,,
29938K,,CS,Bar Code,,850028858417,CASE,,2025-04-04,,
29939K,,CS,Vendor,11277,AA2201020,,,,,
29939K,,CS,Bar Code,,850028858639,RETAIL,,2025-04-04,,
29939K,,CS,Bar Code,,850028858646,CASE,,2025-04-04,,
29940K,,CS,Vendor,11277,AA2201021,,,,,
29940K,,CS,Bar Code,,850028858653,RETAIL,,2025-04-04,,
29940K,,CS,Bar Code,,850028858660,CASE,,2025-04-04,,
29941K,,CS,Bar Code,,850028858431,RETAIL,,2025-04-04,,
29941K,,CS,Bar Code,,850028858509,CASE,,2025-04-04,,
29942K,,CS,Bar Code,,850028858448,RETAIL,,2025-04-04,,
29942K,,CS,Bar Code,,850028858516,CASE,,2025-04-04,,
29952D,,CS,Bar Code,,692623120014,EACH,,2024-07-29,2024-07-30,
29965V,,LB,Bar Code,,857415008080,LB,,2024-07-29,2024-07-30,
29966V,,CS,Bar Code,,081652299660,Retail,,2025-02-01,,
29966V,,CS,Bar Code,,10081652299667,,,2025-02-01,,
29973V,,CS,Bar Code,,081652299738,EACH,,2024-07-29,,
29974V,,CS,Bar Code,,081652299745,EACH,,2024-07-29,,
29975V,,CS,Bar Code,,081652299752,EACH,,2024-07-29,,
29977V,,CS,Bar Code,,081652299776,EACH,,2024-07-29,,
29981V,,CS,Bar Code,,081652299813,EACH,,2024-07-29,,
29982V,,CS,Bar Code,,081652299820,EACH,,2024-07-29,,
29991V,,LB,Bar Code,,081652299912,EACH,,2024-07-29,,
29992V,,LB,Bar Code,,081652299929,EACH,,2024-07-29,,
29993V,,LB,Bar Code,,081652299936,EACH,,2024-07-29,,
30202F,,LB,Vendor,10323,CD100,,,,,
30206F,,LB,Bar Code,,10081652302060,,,,,
30211F,,LB,Bar Code,,10081652302114,,,2024-07-29,,
30226F,,LB,Bar Code,,BULK,,,2024-07-29,2024-07-30,
30309F,,LB,Bar Code,,BULK,,,2024-07-29,,
30312F,,LB,Bar Code,,BULK,,,2024-07-29,2024-07-30,
30315F,,LB,Bar Code,,BULK,,,2024-07-29,2024-07-30,
40004K,,CS,Bar Code,,48801136401293,CASE,,2025-04-15,,
40004K,,CS,Bar Code,,881136401295,EACH,,2025-04-15,,
40009K,,CS,Bar Code,,48801136401309,CASE,,2025-04-15,,
40009K,,CS,Bar Code,,8801136401301,EACH,,2025-04-15,,
40011K,,CS,Bar Code,,48801136401026,CASE,,2025-04-15,,
40011K,,CS,Bar Code,,888613000071,EACH,,2025-04-15,,
40014K,,CS,Bar Code,,8801136361315,EACH,,2025-04-15,,
40026K,,CS,Bar Code,,8801136401011,EACH,,2025-04-15,,
40027K,,CS,Bar Code,,8801136401059,EACH,,2025-04-15,,
40105K,,CS,Bar Code,,8809160220011,EACH,,2025-04-15,,
40105K,,CS,Bar Code,,8809160220028,CASE,,2025-04-15,,
40115K,,CS,Vendor,10331,5105488,,,,,
40115K,,CS,Bar Code,,28801062279559,,,2025-01-17,,
40115K,,CS,Bar Code,,48801062279553,,,2025-01-17,,
40115K,,CS,Bar Code,,8801062279555,RETAIL,,2025-01-17,,
40116K,,CS,Vendor,10331,5126025,,,,,
40116K,,CS,Bar Code,,48801062279577,,,2025-01-17,,
40116K,,CS,Bar Code,,48801062478901,,,2025-01-17,,
40116K,,CS,Bar Code,,8801062279579,RETAIL,,2025-01-17,,
40117K,,CS,Vendor,10331,511000371,,,,,
40117K,,CS,Bar Code,,38801062279594,,,2025-07-25,,
40117K,,CS,Bar Code,,8801062279593,RETAIL,,2025-07-25,,
40118K,,CS,Vendor,10331,5125865,,,,,
40118K,,CS,Bar Code,,28801062638226,,,2025-01-17,,
40118K,,CS,Bar Code,,58801062479813,,,2025-01-17,,
40118K,,CS,Bar Code,,8801062638222,RETAIL,,2025-01-17,,
40119K,,CS,Vendor,10331,5127123,,,,,
40119K,,CS,Bar Code,,28801062481952,,,2025-07-18,,
40119K,,CS,Bar Code,,8801062481958,RETAIL,,2025-07-18,,
40120K,,CS,Vendor,10331,5142176,,,,,
40120K,,CS,Bar Code,,18801062880277,,,2025-01-17,,
40120K,,CS,Bar Code,,38801062880271,,,2025-01-17,,
40120K,,CS,Bar Code,,8801062880270,RETAIL,,2025-01-17,,
40125K,,CS,Vendor,10400,94119,,,,2024-07-30,
40125K,,CS,Bar Code,,18801117941106,CASE,,2024-07-29,2024-07-30,
40125K,,CS,Bar Code,,8801117941109,RETAIL,,2024-07-29,2024-07-30,
40126K,,CS,Vendor,10400,94089,,,,2024-07-30,
40126K,,CS,Bar Code,,18801117940802,,,2024-07-29,2024-07-30,
40126K,,CS,Bar Code,,8801117940812,,,2024-07-29,2024-07-30,
40127K,,CS,Vendor,10331,5144041,,,,,
40127K,,CS,Bar Code,,18801062862532,,,2024-10-04,2024-12-27,
40127K,,CS,Bar Code,,8801062862535,RETAIL,,2024-10-04,2024-12-27,
40128K,,CS,Vendor,10331,511000297,,,,,
40128K,,CS,Bar Code,,18801062006707,,,2024-10-04,2025-01-10,
40128K,,CS,Bar Code,,8801062006700,RETAIL,,2024-10-04,2025-01-10,
40129K,,CS,Vendor,10331,611000133,,,,,
40129K,,CS,Bar Code,,28801062859812,,,2025-03-14,,
40129K,,CS,Bar Code,,8801062859818,RETAIL,,2025-03-14,,
40130K,,CS,Vendor,10331,611000134,,,,,
40130K,,CS,Bar Code,,28801062859805,,,2025-03-14,,
40130K,,CS,Bar Code,,8801062859801,RETAIL,,2025-03-14,,
40131K,,CS,Vendor,10331,W5141429,,,,,
40131K,,CS,Bar Code,,18801062384935,,,2025-01-27,2025-01-27,
40131K,,CS,Bar Code,,8801062384938,RETAIL,,2025-01-27,2025-01-27,
40133K,,CS,Vendor,10331,5143412,,,,,
40133K,,CS,Bar Code,,18801062865717,,,2025-07-18,,
40133K,,CS,Bar Code,,8801062865710,RETAIL,,2025-07-18,,
48249K,,CS,Bar Code,,081652482499,EACH,,2025-04-15,,
48250K,,CS,Bar Code,,08165248250,EACH,,2025-04-15,,
48250K,,CS,Bar Code,,10081652482502,CASE,,2025-04-15,,
48252K,,CS,Bar Code,,081652482529,EACH,,2025-04-15,,
48252K,,CS,Bar Code,,10081652482526,CASE,,2025-04-15,,
48253K,,CS,Bar Code,,081652482536,EACH,,2025-04-15,,
48253K,,CS,Bar Code,,10081652482533,CASE,,2025-04-15,,
50001L,,CS,Bar Code,,078895920017,RETAIL 2023_05_09,,2024-07-29,,
50001L,,CS,Bar Code,,30078895920018,WH 2023_05_09,,2024-07-29,,
50007L,,CS,Bar Code,,078895800470,CASE,,2024-07-29,,
50022L,,CS,Bar Code,,078895136449,EACH,,2024-07-29,2025-06-20,
50072L,,CS,Bar Code,,10711844110035,,,,,
50072L,,CS,Bar Code,,711844110038,RETAIL,,,,
50074L,,CS,Bar Code,,30711844110053,CASE,,2024-07-29,,
50074L,,CS,Bar Code,,711844110618,EACH,,2024-07-29,,
50524P,,CS,Bar Code,,10737964000667,,,2025-04-01,,
50524P,,CS,Bar Code,,737964000660,RETAIL,,2025-04-01,,
50561L,,CS,Bar Code,,610232023489,EACH,,2024-07-29,2024-07-30,
50602L,,CS,Bar Code,,055104001019,EACH,,2024-07-29,,
50602L,,CS,Bar Code,,20551040010190,WH 2023_05_09,,2024-07-29,,
50602L,,CS,Bar Code,,885469001054,RETAIL 2023_05_09,,2024-07-29,,
50603L,,CS,Bar Code,,055104001026,EACH,,2024-07-29,,
50603L,,CS,Bar Code,,20551040010268,WH 2023_05_09,,2024-07-29,,
50603L,,CS,Bar Code,,885469001061,RETAIL 2023_05_09,,2024-07-29,,
50604L,,CS,Bar Code,,055104001002,EACH,,2024-07-29,,
50604L,,CS,Bar Code,,20551040010022,WH 2023_05_09,,2024-07-29,,
50604L,,CS,Bar Code,,885469001047,RETAIL 2023_05_09,,2024-07-29,,
50710L,,CS,Bar Code,,4710772030278,EACH,,2024-07-29,2024-07-30,
51001L,,CS,Vendor,10260,25658,,,,,
51001L,,CS,Bar Code,,008077101101,EACH,,2024-07-29,,
51001L,,CS,Bar Code,,072320600017,RETAIL,,2024-11-01,,
51001L,,CS,Bar Code,,072320710013,EACH,,2024-07-29,,
51001L,,CS,Bar Code,,072320710112,BUNDLE,,2024-07-29,,
51001L,,CS,Bar Code,,10072320600106,,,2024-11-01,,
51001L,,CS,Bar Code,,10072320710010,CASE,,2024-07-29,,
51002L,,CS,Vendor,10260,04937,,,,,
51002L,,CS,Bar Code,,008077101118,EACH,,2024-07-29,,
51002L,,CS,Bar Code,,072320600147,RETAIL,,2024-11-01,,
51002L,,CS,Bar Code,,072320710037,EACH,,2024-07-29,,
51002L,,CS,Bar Code,,072320710136,BUNDLE,,2024-07-29,,
51002L,,CS,Bar Code,,10072320600144,,,2024-11-01,,
51002L,,CS,Bar Code,,10072320710034,CASE,,2024-07-29,,
51002L,,CS,Bar Code,,877025000113,EACH,,2024-07-29,,
51003L,,CS,Bar Code,,008077101125,EACH,,2024-07-29,2024-07-30,
51003L,,CS,Bar Code,,072320710020,EACH,,2024-07-29,2024-07-30,
51003L,,CS,Bar Code,,072320710129,BUNDLE,,2024-07-29,2024-07-30,
51003L,,CS,Bar Code,,10072320710027,CASE,,2024-07-29,2024-07-30,
51004L,,CS,Bar Code,,10750515018010,CASE,,2024-07-29,,
51004L,,CS,Bar Code,,750515018013,EACH,,2024-07-29,,
51009L,,CS,Bar Code,,6924187842472,EACH,,2024-07-29,,
51009L,,CS,Bar Code,,6924187842717,CASE,,2024-07-29,,
51009L,,CS,Bar Code,,8859559600191,RETAIL 2023_04_14,,2024-07-29,,
51009L,,CS,Bar Code,,8859559600207,WH 2023_04_14,,2024-07-29,,
51010L,,CS,Bar Code,,089782012371,EACH,,2024-07-29,,
51010L,,CS,Bar Code,,10089782012378,CASE,,2024-07-29,,
51010L,,CS,Bar Code,,20089782012375,CASE,,2024-07-29,,
51011L,,CS,Bar Code,,089782014115,EACH,,2024-07-29,,
51011L,,CS,Bar Code,,10089782014112,CASE,,2024-07-29,,
51011L,,CS,Bar Code,,20089782014119,CASE,,2024-07-29,,
51012L,,CS,Bar Code,,089782016706,RETAIL 2023_04_10,,2024-07-29,,
51012L,,CS,Bar Code,,10089782016703,WH 2023_04_10,,2024-07-29,,
51013L,,CS,Bar Code,,089782004055,RETAIL 2023_05_09,,2024-07-29,,
51013L,,CS,Bar Code,,10089782004052,WH 2023_05_09,,2024-07-29,,
51014L,,CS,Bar Code,,089782019776,RETAIL 2023_04_14,,2024-07-29,,
51014L,,CS,Bar Code,,10089782019773,WH 2023_04_14,,2024-07-29,,
51015L,,CS,Bar Code,,14710144101213,WH 2023_05_09,,2024-07-29,2025-04-25,
51015L,,CS,Bar Code,,1710144101213,CASE,,2024-07-29,2025-04-25,
51015L,,CS,Bar Code,,4710144101216,RETAIL 2023_05_09,,2024-07-29,2025-04-25,
51016L,,CS,Bar Code,,089041056139,EACH,,2024-07-29,2025-04-25,
51016L,,CS,Bar Code,,10686352840944,WH 2023_04_14,,2024-07-29,2025-04-25,
51016L,,CS,Bar Code,,686352840947,RETAIL 2023_04_14,,2024-07-29,2025-04-25,
51017L,,CS,Bar Code,,035549964248,WH 2023_09_14,,2024-07-29,,
51017L,,CS,Bar Code,,035549976424,RETAIL 2023_05_09,,2024-07-29,,
51017L,,CS,Bar Code,,50035549976429,,,2024-11-01,,
51017L,,CS,Bar Code,,50035549976443,WH 2023_08_11,,2024-07-29,,
51017L,,CS,Bar Code,,8002720300561,CASE,,2024-07-29,,
51018L,,CS,Bar Code,,035549976448,RETAIL 2023_05_09,,2024-07-29,,
51018L,,CS,Bar Code,,228020051162,WH 2023_05_09,,2024-07-29,,
51018L,,CS,Bar Code,,8002720320460,CASE,,2024-07-29,,
51025L,,CS,Bar Code,,033748002326,RETAIL 2023_05_09,,2024-07-29,,
51025L,,CS,Bar Code,,1003374800232,,,2024-11-01,,
51026L,,CS,Bar Code,,033748000124,RETAIL 2023_05_09,,2024-07-29,,
51026L,,CS,Bar Code,,10033748000121,WH 2023_05_09,,2024-07-29,,
51029L,,CS,Bar Code,,810698531461,RETAIL 2023_04_14,,2024-07-29,,
51029L,,CS,Bar Code,,8887127112012,EACH,,2024-07-29,,
51029L,,CS,Bar Code,,8888522011795,EACH,,2024-07-29,,
51031L,,CS,Bar Code,,022652161038,EACH,,2024-07-29,,
51033L,,CS,Bar Code,,022652161014,RETAIL 2023_04_04,,2024-07-29,,
51033L,,CS,Bar Code,,10022652161011,WH 2023_04_04,,2024-07-29,,
51035L,,CS,Bar Code,,044064918543,RETAIL 2023_04_04,,2024-07-29,2024-11-22,
51035L,,CS,Bar Code,,40044064918541,WH 2023_04_04,,2024-07-29,2024-11-22,
51037L,,CS,Bar Code,,024628924821,WH 2023_05_09,,2024-07-29,,
51038L,,CS,Bar Code,,024628510833,RETAIL 2023_05_10,,2024-07-29,,
51040L,,CS,Bar Code,,024628511830,RETAIL 2023_05_09,,2024-07-29,,
51041L,,CS,Bar Code,,022652162028,RETAIL 2023_05_09,,2024-07-29,,
51041L,,CS,Bar Code,,10022652162025,WH 2023_05_09,,2024-07-29,,
51042L,,CS,Bar Code,,089782014405,EACH,,2024-07-29,,
51042L,,CS,Bar Code,,10089782014402,CASE,,2024-07-29,,
51043L,,CS,Bar Code,,8859559600238,RETAIL 2023_04_14,,2024-07-29,,
51043L,,CS,Bar Code,,8859559600245,WH 2023_04_14,,2024-07-29,,
51044L,,CS,Bar Code,,022652162011,RETAIL 2023_05_09,,2024-07-29,,
51044L,,CS,Bar Code,,10022652162018,WH 2023_05_09,,2024-07-29,,
51072L,,CS,Bar Code,,6948505403053,CASE,,2024-07-29,,
51072L,,CS,Bar Code,,6948505406030,EACH,,2024-07-29,,
51078L,,CS,Bar Code,,039278040111,RETAIL 2023_04_10,,2024-07-29,,
51078L,,CS,Bar Code,,10039278040118,WH 2023_04_10,,2024-07-29,,
51079L,,CS,Bar Code,,039278040104,RETAIL 2023_04_10,,2024-07-29,,
51079L,,CS,Bar Code,,10039278040101,WH 2023_04_10,,2024-07-29,,
51079L,,CS,Bar Code,,20039278040610,,,2024-11-01,,
51080L,,CS,Bar Code,,0392780401,RETAIL 2023_04_24,,2024-07-29,2024-07-30,
51080L,,CS,Bar Code,,10039278040132,WH 2023_04_24,,2024-07-29,2024-07-30,
51081L,,CS,Vendor,10430,04111,,,,,
51081L,,CS,Bar Code,,039278040135,RETAIL,,2024-07-29,,
51081L,,CS,Bar Code,,10039278041115,,,2024-07-29,,
52002L,,CS,Bar Code,,077521321105,RETAIL 2023_05_09,,2024-07-29,,
52002L,,CS,Bar Code,,077521720090,WH 2023_05_09,,2024-07-29,,
52003L,,CS,Bar Code,,077521331289,RETAIL 2023_05_09,,2024-07-29,2025-04-25,
52003L,,CS,Bar Code,,077521720106,WH 2023_05_09,,2024-07-29,2025-04-25,
52004L,,CS,Bar Code,,077521321020,RETAIL 2023_05_09,,2024-07-29,,
52004L,,CS,Bar Code,,077521720021,WH 2023_05_09,,2024-07-29,,
52005L,,CS,Bar Code,,077521321037,RETAIL 2023_05_09,,2024-07-29,2025-05-09,
52005L,,CS,Bar Code,,077521720038,WH 2023_05_09,,2024-07-29,2025-05-09,
52006L,,CS,Bar Code,,077521321907,EACH,,2024-07-29,,
52006L,,CS,Bar Code,,077521720908,CASE,,2024-07-29,,
52009L,,CS,Bar Code,,016229901479,RETAIL 2023_03_17,,2024-07-29,,
52009L,,CS,Bar Code,,016229908515,WH 2023_03_17,,2024-07-29,,
52009L,,CS,Bar Code,,08851613101583,WH 2023_03_17,,2024-07-29,,
52010L,,CS,Bar Code,,4891028664994,EACH,,2024-07-29,2024-11-22,
52010L,,CS,Bar Code,,4891028671220,BOX,,2024-07-29,2024-11-22,
52010L,,CS,Bar Code,,54891028162372,CASE,,2024-07-29,2024-11-22,
52014L,,CS,Bar Code,,4891028664864,WH 2023_04_04,,2024-07-29,2024-07-30,
52014L,,CS,Bar Code,,4891028711469,RETAIL 2023_04_04,,2024-07-29,2024-07-30,
52014L,,CS,Bar Code,,54891028164444,CASE,,2024-07-29,2024-07-30,
52016L,,CS,Bar Code,,4891028664871,EACH,,2024-07-29,2025-05-09,
52016L,,CS,Bar Code,,54891028164451,CASE,,2024-07-29,2025-05-09,
52020L,,CS,Bar Code,,077521067010,WH 2023_04_10,,2024-07-29,,
52020L,,CS,Bar Code,,077521331012,RETAIL 2023_04_10,,2024-07-29,,
52020L,,CS,Bar Code,,077521717274,WH 2023_04_10,,2024-07-29,,
52022L,,CS,Bar Code,,077521067027,EACH,,2024-07-29,2025-03-28,
52022L,,CS,Bar Code,,077521717281,CASE,,2024-07-29,2025-03-28,
52024L,,CS,Bar Code,,077521067072,RETAIL 2023_05_09,,2024-07-29,2025-03-28,
52024L,,CS,Bar Code,,077521717335,WH 2023_05_09,,2024-07-29,2025-03-28,
56104L,,CS,Bar Code,,4710126095298,EACH,,2024-07-29,,
56124L,,CS,Bar Code,,00047518971057,CASE,,2024-07-29,2024-07-30,
56124L,,CS,Bar Code,,747518971056,EACH,,2024-07-29,2024-07-30,
56125L,,CS,Bar Code,,747518971094,EACH,,2024-07-29,2024-07-30,
56132L,,CS,Bar Code,,747518901244,EACH,,2024-07-29,2024-07-30,
56139L,,CS,Bar Code,,652467011237,EACH,,2024-07-29,2024-07-30,
56140L,,CS,Bar Code,,652467011244,EACH,,2024-07-29,2024-07-30,
56152L,,CS,Bar Code,,17609411030233,CASE,,2024-07-29,,
56152L,,CS,Bar Code,,760941103023,EACH,,2024-07-29,,
56155L,,CS,Bar Code,,760941104310,EACH,,2024-07-29,,
56182L,,CS,Bar Code,,760941104112,EACH,,2024-07-29,,
56184L,,CS,Bar Code,,760941104211,EACH,,2024-07-29,,
56188L,,CS,Bar Code,,760941105034,EACH,,2024-07-29,,
56189L,,CS,Bar Code,,760941105065,EACH,,2024-07-29,,
56190L,,CS,Bar Code,,760941105058,EACH,,2024-07-29,,
56195L,,CS,Vendor,10518,01#BP BANH PHO 1LB,,,2024-07-29,,
56195L,,CS,Bar Code,,602569000028,EACH,,2024-07-29,,
56196L,,CS,Vendor,10518,01#R BANH CANH (RED),,,2024-07-29,,
56196L,,CS,Bar Code,,602569000035,EACH,,2024-07-29,,
56197L,,CS,Vendor,10518,01#B BANH CANH (BLUE),,,2024-07-29,,
56197L,,CS,Bar Code,,602569000042,EACH,,2024-07-29,,
56198L,,CS,Vendor,10518,05#BP BANH PHO 5LB,,,2024-07-29,,
56198L,,CS,Bar Code,,602569000103,EACH,,2024-07-29,,
56199L,,CS,Bar Code,,602569000127,EACH,,2025-04-15,,
56205L,,CS,Bar Code,,652467001146,EACH,,2024-07-29,,
56206L,,CS,Bar Code,,652467002143,EACH,,2024-07-29,,
56207L,,CS,Bar Code,,652467004147,EACH,,2024-07-29,,
56208L,,CS,Bar Code,,652467003126,EACH,,2024-07-29,,
56210L,,CS,Bar Code,,896268002005,EACH,,2024-07-29,,
56211L,,CS,Bar Code,,896268002012,EACH,,2024-07-29,,
56218D,,CS,Bar Code,,864171000203,EACH,,2024-07-29,2024-07-30,
56219D,,CS,Bar Code,,864171000210,EACH,,2024-07-29,2024-07-30,
56220D,,CS,Bar Code,,864171000227,EACH,,2024-07-29,2024-07-30,
56317K,,CS,Bar Code,,18805915533419,WH 2023_03_17,,2024-07-29,2024-11-22,
56317K,,CS,Bar Code,,8805915533429,RETAIL 2023_03_17,,2024-07-29,2024-11-22,
56318K,,CS,Bar Code,,18805915534218,CASE,,2024-07-29,2024-07-30,
56318K,,CS,Bar Code,,8805915534228,EACH,,2024-07-29,2024-07-30,
56321K,,CS,Bar Code,,18805915533914,CS,,2024-07-29,2024-07-30,
56321K,,CS,Bar Code,,8805915533924,EA,,2024-07-29,2024-07-30,
56322K,,CS,Vendor,10153,49353,,,,,
56322K,,CS,Bar Code,,18801047493539,,,2024-12-05,,
56322K,,CS,Bar Code,,8801047493532,RETAIL,,2024-12-05,,
56323K,,CS,Vendor,10153,50028,,,,,
56323K,,CS,Bar Code,,18801047500282,,,2024-12-05,2025-03-14,
56323K,,CS,Bar Code,,8801047500285,RETAIL,,2024-12-05,2025-03-14,
56324K,,CS,Bar Code,,18801047466144,,,2025-03-14,,
56324K,,CS,Bar Code,,8801047466147,RETAIL,,2025-03-14,,
56335L,,CS,Bar Code,,027578200250,EACH,,2024-07-29,2024-07-30,
56336L,,CS,Bar Code,,8888003652400,EACH,,2024-07-29,2024-07-30,
56337L,,CS,Bar Code,,8888003653209,EACH,,2024-07-29,2024-07-30,
56341L,,CS,Bar Code,,082757100028,EACH,,2024-07-29,,
60092L,,CS,Bar Code,,4711931016492,CASE,,2025-04-15,,
60092L,,CS,Bar Code,,4711931016638,EACH,,2025-04-15,,
60093L,,CS,Bar Code,,4711931015808,CASE,,2025-04-15,,
60094L,,CS,Bar Code,,4711931016522,CASE,,2025-04-15,,
60095L,,CS,Bar Code,,4711931027795,CASE,,2025-04-15,,
60505L,,CS,Bar Code,,081652605058,CASE,,2025-04-15,,
60506L,,CS,Vendor,10656,F102262,,,,,
60506L,,CS,Bar Code,,081652605065,RETAIL 2023_04_04,,2024-07-29,,
61114L,,CS,Vendor,11347,84R-317RK32,,,,,
61114L,,CS,Bar Code,,081652611141,EACH,,2025-04-15,,
61115L,,CS,Vendor,11347,84R-318RK32,,,,,
61115L,,CS,Bar Code,,081652611158,EACH,,2025-04-15,,
80000V,,CS,Bar Code,,V0101,,,2024-07-29,2024-11-05,
80001V,,CS,Bar Code,,V0102,,,2024-07-01,2024-10-07,
80006V,,CS,Bar Code,,V0301,,,2024-07-29,,
80008V,,CS,Bar Code,,V0302,,,2024-07-29,,
80011V,,CS,Bar Code,,V0201,,,2024-07-29,2024-11-05,
80016V,,CS,Customer,VA372,5325023,RADISH (USA) (45 LB),,,,
80016V,,CS,Bar Code,,V0200,,,2024-07-01,2024-10-07,
80033V,,CS,Bar Code,,V0205,,,2024-07-29,2024-07-30,
80101V,,CS,Bar Code,,V0401,,,2024-07-29,,
80102V,,CS,Bar Code,,V0402,,,2024-07-29,,
80106V,,CS,Bar Code,,V0501,,,2024-07-29,,
80107V,,CS,Bar Code,,V0502,,,2024-07-29,,
80111V,,CS,Bar Code,,V0601,,,2024-07-29,,
80136V,,CS,Bar Code,,V0705,,,2024-07-29,,
80231V,,CS,Bar Code,,V0901,,,2024-07-29,,
80257V,,CS,Bar Code,,V0911,,,2024-07-29,,
80446V,,CS,Bar Code,,V1110,,,2024-07-29,2024-07-30,
80471V,,CS,Bar Code,,V4201,,,2024-07-29,2024-07-30,
80541V,,CS,Bar Code,,V1313,,,2024-07-29,,
80731V,,CS,Bar Code,,V2303,,,2024-07-29,2024-07-30,
80783V,,CS,Bar Code,,V2801,,,2024-07-29,2024-07-30,
80796V,,CS,Bar Code,,V2902,,,2024-07-29,,
81046V,,CS,Bar Code,,V4115,,,2024-07-29,2024-07-30,
81341V,,CS,Bar Code,,V5504,,,2024-07-29,2024-07-30,
81388V,,CS,Bar Code,,V5503,,,2024-07-29,2024-07-30,
85115F,,CS,Bar Code,,081652851158,EACH,,2024-07-29,2024-07-30,
85311F,,CS,Bar Code,,F1111,,,2024-07-29,2024-07-30,
85312F,,CS,Bar Code,,F1112,,,2024-07-29,2024-07-30,
85350F,,CS,Bar Code,,6970107780010,EACH,,2024-07-29,2024-07-30,
85354F,,CS,Bar Code,,081652853541,EACH,,2024-07-29,2024-07-30,
85354F,,CS,Bar Code,,10081652853548,CASE,,2024-07-29,2024-07-30,
85361F,,CS,Bar Code,,F1515,,,2024-07-29,2024-07-30,
85580F,,CS,Bar Code,,F1300,,,2024-07-29,2024-07-30,
86130F,,CS,Bar Code,,,CASE,,2024-07-29,2024-07-30,
86130F,,CS,Bar Code,,BULK,CASE,,2024-07-29,2024-07-30,
86255F,,CS,Bar Code,,BULK,CASE,,2024-07-29,2024-07-30,
86810F,,CS,Bar Code,,F4111,,,2024-07-29,2024-07-30,
87001F,,CS,Bar Code,,081652870012,CASE,,2024-01-01,2024-01-01,
87002F,,CS,Bar Code,,081652870029,CASE,,2024-01-01,2024-01-01,
87003F,,CS,Bar Code,,081652870036,CASE,,2024-07-01,2024-10-07,
87004F,,CS,Bar Code,,081652870043,CASE,,2024-07-01,2024-10-07,
87005F,,CS,Bar Code,,081652870050,CASE,,2024-07-01,2025-02-21,
87006F,,CS,Bar Code,,081652870067,CASE,,2024-07-01,2025-02-21,
87007F,,CS,Bar Code,,081652870074,CASE,,2024-07-01,2024-10-07,
87008F,,CS,Bar Code,,081652870081,CASE,,2024-01-01,2024-01-01,
87009F,,CS,Bar Code,,081652870098,CASE,,2024-01-01,2024-01-01,
87010F,,CS,Bar Code,,081652870104,EACH,,2024-01-01,2024-01-01,
87011F,,CS,Bar Code,,081652870111,CASE,,2024-01-01,2024-01-01,
87012F,,CS,Bar Code,,081652870128,CASE,,2024-07-01,2024-10-07,
87046F,,CS,Bar Code,,081652870463,CASE,,2024-01-01,2024-01-01,
87047F,,CS,Bar Code,,081652870470,CASE,,2025-01-01,2025-01-10,
87048F,,CS,Bar Code,,081652870487,CASE,,2024-01-01,2024-01-01,
87049F,,CS,Bar Code,,081652870494,CASE,,2024-01-01,2024-01-01,
87051F,,CS,Bar Code,,081652870517,CASE,,2024-01-01,2025-01-10,
87052F,,CS,Bar Code,,081652870524,CASE,,2024-01-01,2024-01-01,
87053F,,CS,Bar Code,,081652870531,CASE,,2024-01-01,2024-01-01,
87060F,,CS,Bar Code,,081652870609,CASE,,2024-07-29,2024-07-30,
87061F,,CS,Bar Code,,081652870616,CASE,,2024-07-29,2024-07-30,
87062F,,CS,Bar Code,,081652870623,CASE,,2024-07-29,2024-07-30,
87090F,,CS,Bar Code,,081652870906,CASE,,2024-07-29,2024-07-30,
87091F,,CS,Bar Code,,081652870913,CASE,,2024-07-29,2024-07-30,
87092F,,CS,Bar Code,,081652870920,CASE,,2024-07-29,2024-07-30,
87095F,,CS,Bar Code,,081652870951,CASE,,2024-07-29,2024-07-30,
87096F,,CS,Bar Code,,081652870968,each,,2024-01-01,2024-01-01,
87097F,,CS,Bar Code,,081652870975,CASE,,2024-01-01,2024-01-01,
89815D,,CS,Bar Code,,819697028491,EACH,,2024-07-29,2025-07-18,
89820D,,CS,Bar Code,,819697028002,EACH,,2024-07-29,2025-07-18,
89821D,,CS,Bar Code,,819697028019,EACH,,2024-07-29,2025-07-18,
89822D,,CS,Bar Code,,819697028026,EACH,,2024-07-29,2025-07-18,
89823D,,CS,Bar Code,,819697028033,EACH,,2024-07-29,2024-10-01,
89824D,,CS,Bar Code,,819697028040,EACH,,2024-07-29,2024-10-01,
89825D,,CS,Bar Code,,819697028057,EACH,,2024-07-29,2025-08-01,
89826D,,CS,Bar Code,,819697028064,EACH,,2024-07-26,2024-09-27,
89827D,,CS,Bar Code,,819697028071,EACH,,2024-07-29,,
89828D,,CS,Bar Code,,819697028088,EACH,,2024-07-29,2025-07-18,
89829D,,CS,Bar Code,,819697028095,EACH,,2024-07-29,2025-07-18,
89832D,,CS,Bar Code,,819697028125,EACH,,2024-07-29,2025-07-18,
89834D,,CS,Bar Code,,819697028149,EACH,,2024-07-29,2025-07-18,
89835D,,CS,Bar Code,,819697028156,EACH,,2024-07-29,2025-07-18,
89836D,,CS,Bar Code,,819697028163,EACH,,2024-07-29,2025-07-18,
89838D,,CS,Bar Code,,819697028194,EACH,,2024-07-29,2025-07-18,
89840D,,CS,Bar Code,,819697028217,EACH,,2024-07-29,2025-07-18,
89846D,,CS,Bar Code,,819697028286,EACH,,2024-07-29,2025-07-18,
89857D,,CS,Bar Code,,819697028392,EACH,,2024-07-29,2025-07-18,
89860D,,CS,Bar Code,,819697028385,EACH,,2024-07-29,2024-07-30,
90134C,,CS,Bar Code,,081652901341,EACH,,2025-04-15,,
90134C,,CS,Bar Code,,10081652201394,CASE,,2025-04-15,,
90153K,,CS,Bar Code,,10081652901539,CASE,,2025-04-15,,
90153K,,CS,Bar Code,,8809090949952,EACH,,2025-04-15,,
91009K,,CS,Bar Code,,081652910091,EACH,,2025-04-15,,
91009K,,CS,Bar Code,,10081652910098,CASE,,2025-04-15,,
91191K,,CS,Bar Code,,8801566036616,EACH,,2025-04-15,,
91192K,,CS,Bar Code,,8801566036272,EACH,,2025-04-15,,
91194K,,CS,Bar Code,,8801566034353,EACH,,2025-04-15,,
91195K,,CS,Bar Code,,8801566036593,EACH,,2025-04-15,,
91196K,,CS,Bar Code,,8801566037019,EACH,,2025-04-15,,
92146K,,CS,Bar Code,,8809160220042,EACH,,2025-04-15,,
92146K,,CS,Bar Code,,8809160223210,CASE,,2025-04-15,,
92327K,,CS,Bar Code,,081652923275,EACH,,2025-04-15,,
92327K,,CS,Bar Code,,10081652923272,CASE,,2025-04-15,,
92487K,,CS,Bar Code,,081652924876,EACH,,2025-04-15,,
92530K,,CS,Bar Code,,081652925309,EACH,,2025-04-15,,
92530K,,CS,Bar Code,,10081652925306,CASE,,2025-04-15,,
92531K,,CS,Bar Code,,081652925316,EACH,,2025-04-15,,
92531K,,CS,Bar Code,,10081652925313,CASE,,2025-04-15,,
92532K,,CS,Bar Code,,081652925323,EACH,,2025-04-15,,
92532K,,CS,Bar Code,,10081652925320,CASE,,2025-04-15,,
92533K,,CS,Bar Code,,081652925330,EACH,,2025-04-15,,
92533K,,CS,Bar Code,,10081652925337,CASE,,2025-04-15,,
92534K,,CS,Bar Code,,081652925347,EACH,,2025-04-15,,
92534K,,CS,Bar Code,,10081652925344,CASE,,2025-04-15,,
92627K,,CS,Bar Code,,10081652926273,CASE,,2025-04-15,,
92627K,,CS,Bar Code,,8809050580010,EACH,,2025-04-15,,
92708K,,CS,Bar Code,,648436300105,EACH,,2025-04-15,,
92708K,,CS,Bar Code,,648436320103,CASE,,2025-04-15,,
92712K,,CS,Bar Code,,648436300051,EACH,,2025-04-15,,
92712K,,CS,Bar Code,,648436330058,CASE,,2025-04-15,,
92713K,,CS,Bar Code,,648436300068,EACH,,2025-04-15,,
92713K,,CS,Bar Code,,648436320066,CASE,,2025-04-15,,
95011K,,CS,Bar Code,,10081652950117,CASE,,2025-04-15,,
95011K,,CS,Bar Code,,8803743500415,EACH,,2025-04-15,,
95012K,,CS,Bar Code,,10081652950124,CASE,,2025-04-15,,
95012K,,CS,Bar Code,,8803743500439,EACH,,2025-04-15,,
95013K,,CS,Bar Code,,8803743500422,EACH,,2025-04-15,,
95014K,,CS,Bar Code,,10081652950148,CASE,,2025-04-15,,
95014K,,CS,Bar Code,,8803743500408,EACH,,2025-04-15,,
95015K,,CS,Bar Code,,10081652950155,CASE,,2025-04-15,,
95015K,,CS,Bar Code,,8803743240106,EACH,,2025-04-15,,
95031D,,CS,Bar Code,,024600015134,EACH,,2024-07-29,,
95032D,,CS,Bar Code,,024600010535,RETAIL 2023_03_17,,2024-07-29,,
95032D,,CS,Bar Code,,10024600010532,WH 2023_03_17,,2024-07-29,,
95033D,,CS,Bar Code,,024600010511,RETAIL 2023_04_04,,2024-07-29,,
95033D,,CS,Bar Code,,10024600010518,WH 2023_04_04,,2024-07-29,,
95034C,,CS,Bar Code,,072810293583,RETAIL 2023_03_17,,2024-07-29,,
95035C,,CS,Bar Code,,072810293606,RETAIL 2023_03_17,,2024-07-29,,
95054K,,CS,Bar Code,,10081652950544,CASE,,2025-04-15,,
95054K,,CS,Bar Code,,8803743500019,EACH,,2025-04-15,,
95055K,,CS,Bar Code,,10081652950551,CASE,,2025-04-15,,
95055K,,CS,Bar Code,,8803743500330,EACH,,2025-04-15,,
95107K,,CS,Bar Code,,18801204009405,CASE,,2025-04-15,,
95107K,,CS,Bar Code,,8801204009408,EACH,,2025-04-15,,
95110K,,CS,Bar Code,,8809751360539,EACH,,2025-04-15,,
95111K,,CS,Bar Code,,8809751360553,EACH,,2025-04-15,,
95112K,,CS,Bar Code,,8809751360560,EACH,,2025-04-15,,
95113K,,CS,Bar Code,,8809751360546,EACH,,2025-04-15,,
95114K,,CS,Bar Code,,8809751360386,EACH,,2025-04-15,,
95115K,,CS,Bar Code,,8809751360409,EACH,,2025-04-15,,
95116K,,CS,Bar Code,,8809751360416,EACH,,2025-04-15,,
95401K,,CS,Bar Code,,10081652954016,CASE,,2025-04-15,,
95401K,,CS,Bar Code,,8809478210001,EACH,,2025-04-15,,
95416K,,CS,Bar Code,,58809002803360,CASE,,2025-04-15,,
95416K,,CS,Bar Code,,8809002803358,EACH,,2025-04-15,,
95417K,,CS,Bar Code,,58809002803360,CASE,,2025-04-15,,
95417K,,CS,Bar Code,,8809002803365,EACH,,2025-04-15,,
95418K,,CS,Bar Code,,38809211014133,CASE,,2025-04-15,,
95418K,,CS,Bar Code,,8809211014132,EACH,,2025-04-15,,
95419K,,CS,Bar Code,,8809211014156,EACH,,2025-04-15,,
95421K,,CS,Bar Code,,081652954217,EACH,,2025-04-15,,
95421K,,CS,Bar Code,,10081652954214,CASE,,2025-04-15,,
95428K,,CS,Bar Code,,10081652954283,CASE,,2025-04-15,,
95428K,,CS,Bar Code,,8809038881122,EACH,,2025-04-15,,
95429K,,CS,Bar Code,,10081652954290,CASE,,2025-04-15,,
95429K,,CS,Bar Code,,8809038881146,EACH,,2025-04-15,,
95431K,,CS,Bar Code,,10081652954313,CASE,,2025-04-15,,
95431K,,CS,Bar Code,,8809038881115,EACH,,2025-04-15,,
95432K,,CS,Bar Code,,10081652954320,CASE,,2025-04-15,,
95432K,,CS,Bar Code,,8809038881108,EACH,,2025-04-15,,
95433K,,CS,Bar Code,,10081652954337,CASE,,2025-04-15,,
95433K,,CS,Bar Code,,8809038881191,EACH,,2025-04-15,,
95455K,,CS,Bar Code,,18801382132483,CASE,,2025-04-15,,
95455K,,CS,Bar Code,,8801382132486,EACH,,2025-04-15,,
95456K,,CS,Bar Code,,18801382132391,CASE,,2025-04-15,,
95456K,,CS,Bar Code,,8801674710835,EACH,,2025-04-15,,
95457K,,CS,Bar Code,,081652954576,EACH,,2025-04-15,,
95457K,,CS,Bar Code,,10081652954573,CASE,,2025-04-15,,
95458K,,CS,Bar Code,,081652954583,EACH,,2025-04-15,,
95458K,,CS,Bar Code,,10081652954580,CASE,,2025-04-15,,
95459K,,CS,Bar Code,,081652954590,EACH,,2025-04-15,,
95459K,,CS,Bar Code,,10081652954597,CASE,,2025-04-15,,
95460K,,CS,Bar Code,,081652954606,EACH,,2025-04-15,,
95460K,,CS,Bar Code,,10081652954603,CASE,,2025-04-15,,
95472K,,CS,Bar Code,,8809033052107,EACH,,2025-04-15,,
95476K,,CS,Bar Code,,18801674811850,CASE,,2025-04-15,,
95476K,,CS,Bar Code,,8801674710835,EACH,,2025-04-15,,
95477K,,CS,Bar Code,,18801674711808,CASE,,2025-04-15,,
95477K,,CS,Bar Code,,8801674711801,EACH,,2025-04-15,,
95486K,,CS,Bar Code,,10081652954863,CASE,,2025-04-15,,
95486K,,CS,Bar Code,,8809092900166,EACH,,2025-04-15,,
95507K,,CS,Bar Code,,8809081260264,EACH,,2025-04-15,,
95507K,,CS,Bar Code,,8809081260318,CASE,,2025-04-15,,
95510K,,CS,Bar Code,,8801566034797,EACH,,2025-04-15,,
95511K,,CS,Bar Code,,8801566036302,EACH,,2025-04-15,,
95515K,,CS,Bar Code,,8801204008586,,,2025-05-01,2025-05-01,
95516K,,CS,Bar Code,,18801204008644,CASE,,2025-04-15,,
95516K,,CS,Bar Code,,8801204008647,EACH,,2025-04-15,,
95518K,,CS,Bar Code,,28803560011477,CASE,,2025-04-15,,
95518K,,CS,Bar Code,,880356011477,EACH,,2025-04-15,,
95528K,,CS,Bar Code,,081652955283,EACH,,2025-04-15,,
95529K,,CS,Bar Code,,8802876203514,EACH,,2025-04-15,,
95532K,,CS,Bar Code,,18801204007692,CASE,,2025-04-15,,
95532K,,CS,Bar Code,,8801204007695,EACH,,2025-04-15,,
95535K,,CS,Bar Code,,18801204006937,CASE,,2025-04-15,,
95535K,,CS,Bar Code,,8801204006940,EACH,,2025-04-15,,
95537K,,CS,Bar Code,,081652955375,CASE,,2025-04-15,,
95538K,,CS,Bar Code,,031146063451,EACH,,2025-04-15,,
95538K,,CS,Bar Code,,031146066346,CASE,,2025-04-15,,
95541K,,CS,Bar Code,,18801204101741,CASE,,2025-04-15,,
95541K,,CS,Bar Code,,8801204101744,EACH,,2025-04-15,,
95542K,,CS,Bar Code,,18801204009108,CASE,,2025-04-15,,
95542K,,CS,Bar Code,,8801204009101,EACH,,2025-04-15,,
96021C,,CS,Bar Code,,081652960218,EACH,,2025-04-15,,
96021C,,CS,Bar Code,,10081652960215,CASE,,2025-04-15,,
96024K,,CS,Bar Code,,8809061314550,EACH,,2025-04-15,,
96033K,,CS,Bar Code,,8809061317650,EACH,,2025-04-15,,
96100K,,CS,Bar Code,,081652961000,EACH,,2025-04-15,,
96100K,,CS,Bar Code,,10081652961007,CASE,,2025-04-15,,
97034C,,CS,Bar Code,,081652970347,EACH,,2025-04-15,,
97034C,,CS,Bar Code,,10081652970344,CASE,,2025-04-15,,
97070K,,CS,Bar Code,,10081652970702,CASE,,2025-04-15,,
97070K,,CS,Bar Code,,8804544500338,EACH,,2025-04-15,,
97152K,,CS,Bar Code,,18809395753701,CASE,,2025-04-15,,
97152K,,CS,Bar Code,,8809395753704,EACH,,2025-04-15,,
97153K,,CS,Bar Code,,18809395754951,CASE,,2025-04-15,,
97153K,,CS,Bar Code,,8809395754954,EACH,,2025-04-15,,
97154K,,CS,Bar Code,,18809275388504,CASE,,2025-04-15,,
97154K,,CS,Bar Code,,8809275381867,EACH,,2025-04-15,,
97158N,,CS,Bar Code,,18809395754739,CASE,,2025-04-15,,
97158N,,CS,Bar Code,,8809275381881,EACH,,2025-04-15,,
97508K,,CS,Bar Code,,18801674712188,CASE,,2025-04-15,,
97508K,,CS,Bar Code,,88010674710781,EACH,,2025-04-15,,
98060D,,CS,Bar Code,,692623008107,EACH,,2024-07-29,,
98061D,,CS,Bar Code,,692623008251,EACH,,2024-07-29,,
98229K,,CS,Bar Code,,031146034338,EACH,,2025-04-15,,
98229K,,CS,Bar Code,,031146034345,CASE,,2025-04-15,,
98498K,,CS,Bar Code,,10081652984983,CASE,,2025-04-15,,
98499K,,CS,Bar Code,,081652984993,EACH,,2025-04-15,,
98499K,,CS,Bar Code,,10081652984990,CASE,,2025-04-15,,
98503K,,CS,Bar Code,,18801382145933,CASE,,2025-04-15,,
98503K,,CS,Bar Code,,8801382145936,EACH,,2025-04-15,,
98704K,,CS,Bar Code,,081652987048,EACH,,2025-04-15,,
98704K,,CS,Bar Code,,10081652987045,CASE,,2025-04-15,,
98730K,,CS,Bar Code,,10648436101303,CASE,,2025-04-15,,
98730K,,CS,Bar Code,,648436101306,EACH,,2025-04-15,,
98734K,,CS,Bar Code,,648436101368,EACH,,2025-04-15,,
98734K,,CS,Bar Code,,648436121236,CASE,,2025-04-15,,
98757K,,CS,Bar Code,,18936028640517,CASE,,2025-04-15,,
98757K,,CS,Bar Code,,8936028640510,EACH,,2025-04-15,,
98758K,,CS,Bar Code,,18936028640524,CASE,,2025-04-15,,
98758K,,CS,Bar Code,,8936028640527,EACH,,2025-04-15,,
98759K,,CS,Bar Code,,18936028640531,CASE,,2025-04-15,,
98759K,,CS,Bar Code,,8936028640534,EACH,,2025-04-15,,
98760K,,CS,Bar Code,,18936028641095,CASE,,2025-04-15,,
98760K,,CS,Bar Code,,8936028641081,EACH,,2025-04-15,,
98902C,,CS,Bar Code,,081652989028,EACH,,2025-04-15,,
98902C,,CS,Bar Code,,10081652989025,CASE,,2025-04-15,,
98903C,,CS,Bar Code,,081652989028,EACH,,2025-04-15,,
98903C,,CS,Bar Code,,10081652989032,CASE,,2025-04-15,,
99001K,,CS,Bar Code,,8809284570207,CASE,,2025-04-15,,
99002K,,CS,Bar Code,,10081652990021,CASE,,2025-04-15,,
99002K,,CS,Bar Code,,8804541190105,EACH,,2025-04-15,,
99021K,,CS,Bar Code,,18801013801269,CASE,,2025-04-15,,
99021K,,CS,Bar Code,,8801013801262,EACH,,2025-04-15,,
99023K,,CS,Bar Code,,8809598510036,EACH,,2025-04-15,,
99024K,,CS,Bar Code,,8809598510029,EACH,,2025-04-15,,
99025K,,CS,Bar Code,,8809598511043,EACH,,2025-04-15,,
99123K,,CS,Bar Code,,10081652991233,CASE,,2025-04-15,,
99123K,,CS,Bar Code,,8803416010029,EACH,,2025-04-15,,
99124K,,CS,Bar Code,,10081652991240,CASE,,2025-04-15,,
99124K,,CS,Bar Code,,8803416010043,EACH,,2025-04-15,,
99137K,,CS,Bar Code,,18809178851853,CASE,,2025-04-15,,
99137K,,CS,Bar Code,,8809178851856,EACH,,2025-04-15,,
99140K,,CS,Bar Code,,18809178851846,CASE,,2025-04-15,,
99140K,,CS,Bar Code,,8809178851849,EACH,,2025-04-15,,
99158K,,CS,Bar Code,,38809178851918,CASE,,2025-04-15,,
99158K,,CS,Bar Code,,8809178851917,EACH,,2025-04-15,,
99159K,,CS,Bar Code,,18809178852096,CASE,,2025-04-15,,
99159K,,CS,Bar Code,,8809178852099,EACH,,2025-04-15,,
99161K,,CS,Bar Code,,18809178851266,CASE,,2025-04-15,,
99161K,,CS,Bar Code,,8809178851269,EACH,,2025-04-15,,
99164K,,CS,Bar Code,,18809178850467,CASE,,2025-04-15,,
99164K,,CS,Bar Code,,8809178850460,EACH,,2025-04-15,,
99201J,,CS,Bar Code,,04901626655697,CASE,,2025-04-15,,
99201J,,CS,Bar Code,,4901626055527,EACH,,2025-04-15,,
99348N,,CS,Bar Code,,081652993480,EACH,,2025-04-15,,
99348N,,CS,Bar Code,,10081652993480,CASE,,2025-04-15,,
99504K,,CS,Bar Code,,08165299504,EACH,,2025-04-15,,
99504K,,CS,Bar Code,,10081562995040,CASE,,2025-04-15,,
99505K,,CS,Bar Code,,08165299505,EACH,,2025-04-15,,
99505K,,CS,Bar Code,,10081652995057,CASE,,2025-04-15,,
99506K,,CS,Bar Code,,08165299506,EACH,,2025-04-15,,
99506K,,CS,Bar Code,,10081562995064,CASE,,2025-04-15,,
99578J,,CS,Bar Code,,081652995784,EACH,,2025-04-15,,
99578J,,CS,Bar Code,,10081652995781,CASE,,2025-04-15,,
99640K,,CS,Bar Code,,18809296886010,CASE,,2025-04-15,,
99640K,,CS,Bar Code,,8809296885924,EACH,,2025-04-15,,
99641K,,CS,Bar Code,,18809296886492,CASE,,2025-04-15,,
99641K,,CS,Bar Code,,8809296886020,EACH,,2025-04-15,,
99642K,,CS,Bar Code,,18809296886492,CASE,,2025-04-15,,
99642K,,CS,Bar Code,,8809296886488,EACH,,2025-04-15,,
99753K,,CS,Bar Code,,18801382145766,CASE,,2025-04-15,,
99753K,,CS,Bar Code,,8801382145769,EACH,,2025-04-15,,
99798K,,CS,Vendor,11110,307051,,,,2024-07-30,
99798K,,CS,Bar Code,,8801073250567,CASE,,2024-07-29,2024-07-30,
99799K,,CS,Vendor,11110,3060646,,,,2024-07-30,
99799K,,CS,Bar Code,,8801073215863,RETAIL,,2024-07-29,2024-07-30,
99799K,,CS,Bar Code,,8801073250512,CASE,,2024-07-29,2024-07-30,
99849K,,CS,Bar Code,,18809054400885,CASE,,2025-04-15,,
99849K,,CS,Bar Code,,8809054400888,EACH,,2025-04-15,,
99946K,,CS,Bar Code,,8801566036289,EACH,,2025-04-15,,
99947K,,CS,Bar Code,,8801566036296,EACH,,2025-04-15,,
99950K,,CS,Bar Code,,081652999508,EACH,,2025-04-15,,
AMF0002,,CS,Customer,AZ003,7504881,BAMBOO SHOOT STRIP (6.5#),,,,
AMF0002,,CS,Customer,CA039,7504881,BAMBOO SHOOT STRIP (6.5#),,,,
AMF0002,,CS,Customer,CA40,7504881,BAMBOO SHOOT STRIP (6.5#),,,,
AMF0002,,CS,Customer,CO003,7504881,BAMBOO SHOOT STRIP (6.5#),,,,
AMF0002,,CS,Customer,FL339,7504881,BAMBOO SHOOT STRIP (6.5#),,,,
AMF0002,,CS,Customer,IL89,7504881,BAMBOO SHOOT STRIP (6.5#),,,,
AMF0002,,CS,Customer,KS29,7504881,BAMBOO SHOOT STRIP (6.5#),,,,
AMF0002,,CS,Customer,MA64,7504881,BAMBOO SHOOT STRIP (6.5#),,,,
AMF0002,,CS,Customer,MI69,7504881,BAMBOO SHOOT STRIP (6.5#),,,,
AMF0002,,CS,Customer,NC168,7504881,BAMBOO SHOOT STRIP (6.5#),,,,
AMF0002,,CS,Customer,OH85,7504881,BAMBOO SHOOT STRIP (6.5#),,,,
AMF0002,,CS,Customer,PA142,7504881,BAMBOO SHOOT STRIP (6.5#),,,,
AMF0002,,CS,Customer,TN57,7504881,BAMBOO SHOOT STRIP (6.5#),,,,
AMF0002,,CS,Customer,TX188,7504881,BAMBOO SHOOT STRIP (6.5#),,,,
AMF0002,,CS,Customer,TX189,7504881,BAMBOO SHOOT STRIP (6.5#),,,,
AMF0002,,CS,Customer,WA04,7504881,BAMBOO SHOOT STRIP (6.5#),,,,
AMF0002,,CS,Bar Code,,081652067009,BAMBOO SHOOT STRIP (6.5#),,2024-07-29,,
AMF0002,,CS,Bar Code,,10081652067006,BAMBOO SHOOT STRIP (6.5#),,2024-07-29,,
AMF0003,,CS,Customer,AZ003,2265137,WATER CHESTNUT (SLICE),,,,
AMF0003,,CS,Customer,CA039,2265137,WATER CHESTNUT (SLICE),,,,
AMF0003,,CS,Customer,CA40,2265137,WATER CHESTNUT (SLICE),,,,
AMF0003,,CS,Customer,CO003,2265137,WATER CHESTNUT (SLICE),,,,
AMF0003,,CS,Customer,FL339,2265137,WATER CHESTNUT (SLICE),,,,
AMF0003,,CS,Customer,IL89,2265137,WATER CHESTNUT (SLICE),,,,
AMF0003,,CS,Customer,KS29,2265137,WATER CHESTNUT (SLICE),,,,
AMF0003,,CS,Customer,MA64,2265137,WATER CHESTNUT (SLICE),,,,
AMF0003,,CS,Customer,MI69,2265137,WATER CHESTNUT (SLICE),,,,
AMF0003,,CS,Customer,NC168,2265137,WATER CHESTNUT (SLICE),,,,
AMF0003,,CS,Customer,OH85,2265137,WATER CHESTNUT (SLICE),,,,
AMF0003,,CS,Customer,PA142,2265137,WATER CHESTNUT (SLICE),,,,
AMF0003,,CS,Customer,TN57,2265137,WATER CHESTNUT (SLICE),,,,
AMF0003,,CS,Customer,TX188,2265137,WATER CHESTNUT (SLICE),,,,
AMF0003,,CS,Customer,TX189,2265137,WATER CHESTNUT (SLICE),,,,
AMF0003,,CS,Customer,WA04,2265137,WATER CHESTNUT (SLICE),,,,
AMF0003,,CS,Bar Code,,081652065748,EACH,,2024-07-29,,
AMF0003,,CS,Bar Code,,10081652065743,CASE,,2024-07-29,,
AMF0004,,CS,Customer,AZ003,8719243,MUSHROOM BLACK SOY SAUCE,,,,
AMF0004,,CS,Customer,CA039,8719243,MUSHROOM BLACK SOY SAUCE,,,,
AMF0004,,CS,Customer,CA40,8719243,MUSHROOM BLACK SOY SAUCE,,,,
AMF0004,,CS,Customer,CO003,8719243,MUSHROOM BLACK SOY SAUCE,,,,
AMF0004,,CS,Customer,FL339,8719243,MUSHROOM BLACK SOY SAUCE,,,,
AMF0004,,CS,Customer,IL89,8719243,MUSHROOM BLACK SOY SAUCE,,,,
AMF0004,,CS,Customer,KS29,8719243,MUSHROOM BLACK SOY SAUCE,,,,
AMF0004,,CS,Customer,MA64,8719243,MUSHROOM BLACK SOY SAUCE,,,,
AMF0004,,CS,Customer,MI69,8719243,MUSHROOM BLACK SOY SAUCE,,,,
AMF0004,,CS,Customer,NC168,8719243,MUSHROOM BLACK SOY SAUCE,,,,
AMF0004,,CS,Customer,OH85,8719243,MUSHROOM BLACK SOY SAUCE,,,,
AMF0004,,CS,Customer,PA142,8719243,MUSHROOM BLACK SOY SAUCE,,,,
AMF0004,,CS,Customer,TN57,8719243,MUSHROOM BLACK SOY SAUCE,,,,
AMF0004,,CS,Customer,TX188,8719243,MUSHROOM BLACK SOY SAUCE,,,,
AMF0004,,CS,Customer,TX189,8719243,MUSHROOM BLACK SOY SAUCE,,,,
AMF0004,,CS,Customer,WA04,8719243,MUSHROOM BLACK SOY SAUCE,,,,
AMF0004,,CS,Bar Code,,020717163805,RETAIL 2023_05_10,,2024-07-29,2025-05-02,
AMF0004,,CS,Bar Code,,06020717163809,WH 2023_05_10,,2024-07-29,2025-05-02,
AMF0007,,CS,Customer,AZ003,7125801,RICE NOODLES,,,,
AMF0007,,CS,Customer,CA039,7125801,RICE NOODLES,,,,
AMF0007,,CS,Customer,CA40,7125801,RICE NOODLES,,,,
AMF0007,,CS,Customer,CO003,7125801,RICE NOODLES,,,,
AMF0007,,CS,Customer,FL339,7125801,RICE NOODLES,,,,
AMF0007,,CS,Customer,IL89,7125801,RICE NOODLES,,,,
AMF0007,,CS,Customer,KS29,7125801,RICE NOODLES,,,,
AMF0007,,CS,Customer,MA64,7125801,RICE NOODLES,,,,
AMF0007,,CS,Customer,MI69,7125801,RICE NOODLES,,,,
AMF0007,,CS,Customer,NC168,7125801,RICE NOODLES,,,,
AMF0007,,CS,Customer,OH85,7125801,RICE NOODLES,,,,
AMF0007,,CS,Customer,PA142,7125801,RICE NOODLES,,,,
AMF0007,,CS,Customer,TN57,7125801,RICE NOODLES,,,,
AMF0007,,CS,Customer,TX188,7125801,RICE NOODLES,,,,
AMF0007,,CS,Customer,TX189,7125801,RICE NOODLES,,,,
AMF0007,,CS,Customer,WA04,7125801,RICE NOODLES,,,,
AMF0007,,CS,Bar Code,,081652085751,EACH,,2024-07-29,,
AMF0007,,CS,Bar Code,,10081652085758,CASE,,2024-07-29,,
AMF0008,,CS,Customer,AZ003,7443633,SWEET CHILI SAUCE CHICKEN XL,,,,
AMF0008,,CS,Customer,CA039,7443633,SWEET CHILI SAUCE CHICKEN XL,,,,
AMF0008,,CS,Customer,CA40,7443633,SWEET CHILI SAUCE CHICKEN XL,,,,
AMF0008,,CS,Customer,CO003,7443633,SWEET CHILI SAUCE CHICKEN XL,,,,
AMF0008,,CS,Customer,FL339,7443633,SWEET CHILI SAUCE CHICKEN XL,,,,
AMF0008,,CS,Customer,IL89,7443633,SWEET CHILI SAUCE CHICKEN XL,,,,
AMF0008,,CS,Customer,KS29,7443633,SWEET CHILI SAUCE CHICKEN XL,,,,
AMF0008,,CS,Customer,MA64,7443633,SWEET CHILI SAUCE CHICKEN XL,,,,
AMF0008,,CS,Customer,MI69,7443633,SWEET CHILI SAUCE CHICKEN XL,,,,
AMF0008,,CS,Customer,NC168,7443633,SWEET CHILI SAUCE CHICKEN XL,,,,
AMF0008,,CS,Customer,OH85,7443633,SWEET CHILI SAUCE CHICKEN XL,,,,
AMF0008,,CS,Customer,PA142,7443633,SWEET CHILI SAUCE CHICKEN XL,,,,
AMF0008,,CS,Customer,TN57,7443633,SWEET CHILI SAUCE CHICKEN XL,,,,
AMF0008,,CS,Customer,TX188,7443633,SWEET CHILI SAUCE CHICKEN XL,,,,
AMF0008,,CS,Customer,TX189,7443633,SWEET CHILI SAUCE CHICKEN XL,,,,
AMF0008,,CS,Customer,WA04,7443633,SWEET CHILI SAUCE CHICKEN XL,,,,
AMF0009,,CS,Customer,AZ003,7145106,DRIED RED PEPPER,,,,
AMF0009,,CS,Customer,CA039,7145106,DRIED RED PEPPER,,,,
AMF0009,,CS,Customer,CA40,7145106,DRIED RED PEPPER,,,,
AMF0009,,CS,Customer,CO003,7145106,DRIED RED PEPPER,,,,
AMF0009,,CS,Customer,FL339,7145106,DRIED RED PEPPER,,,,
AMF0009,,CS,Customer,IL89,7145106,DRIED RED PEPPER,,,,
AMF0009,,CS,Customer,KS29,7145106,DRIED RED PEPPER,,,,
AMF0009,,CS,Customer,MA64,7145106,DRIED RED PEPPER,,,,
AMF0009,,CS,Customer,MI69,7145106,DRIED RED PEPPER,,,,
AMF0009,,CS,Customer,NC168,7145106,DRIED RED PEPPER,,,,
AMF0009,,CS,Customer,OH85,7145106,DRIED RED PEPPER,,,,
AMF0009,,CS,Customer,PA142,7145106,DRIED RED PEPPER,,,,
AMF0009,,CS,Customer,TN57,7145106,DRIED RED PEPPER,,,,
AMF0009,,CS,Customer,TX188,7145106,DRIED RED PEPPER,,,,
AMF0009,,CS,Customer,TX189,7145106,DRIED RED PEPPER,,,,
AMF0009,,CS,Customer,WA04,7145106,DRIED RED PEPPER,,,,
AMF0009,,CS,Bar Code,,081652060253,EACH,,2024-07-29,,
AMF0009,,CS,Bar Code,,10081652060250,CASE,,2024-07-29,,
AMF0010,,CS,Customer,AZ003,4387716,SHIITAKE MUSHROOM (5#),,,,
AMF0010,,CS,Customer,CA039,4387716,SHIITAKE MUSHROOM (5#),,,,
AMF0010,,CS,Customer,CA40,4387716,SHIITAKE MUSHROOM (5#),,,,
AMF0010,,CS,Customer,CO003,4387716,SHIITAKE MUSHROOM (5#),,,,
AMF0010,,CS,Customer,FL339,4387716,SHIITAKE MUSHROOM (5#),,,,
AMF0010,,CS,Customer,IL89,4387716,SHIITAKE MUSHROOM (5#),,,,
AMF0010,,CS,Customer,KS29,4387716,SHIITAKE MUSHROOM (5#),,,,
AMF0010,,CS,Customer,MA64,4387716,SHIITAKE MUSHROOM (5#),,,,
AMF0010,,CS,Customer,MI69,4387716,SHIITAKE MUSHROOM (5#),,,,
AMF0010,,CS,Customer,NC168,4387716,SHIITAKE MUSHROOM (5#),,,,
AMF0010,,CS,Customer,OH85,4387716,SHIITAKE MUSHROOM (5#),,,,
AMF0010,,CS,Customer,PA142,4387716,SHIITAKE MUSHROOM (5#),,,,
AMF0010,,CS,Customer,TN57,4387716,SHIITAKE MUSHROOM (5#),,,,
AMF0010,,CS,Customer,TX188,4387716,SHIITAKE MUSHROOM (5#),,,,
AMF0010,,CS,Customer,TX189,4387716,SHIITAKE MUSHROOM (5#),,,,
AMF0010,,CS,Customer,WA04,4387716,SHIITAKE MUSHROOM (5#),,,,
AMF0010,,CS,Bar Code,,081652260703,EACH,,2024-07-29,,
AMF0010,,CS,Bar Code,,10081652060700,CASE,,2024-07-29,,
AMF0011,,CS,Customer,AZ003,1163573,PLUM SAUCE,,,,
AMF0011,,CS,Customer,CA039,1163573,PLUM SAUCE,,,,
AMF0011,,CS,Customer,CA40,1163573,PLUM SAUCE,,,,
AMF0011,,CS,Customer,CO003,1163573,PLUM SAUCE,,,,
AMF0011,,CS,Customer,FL339,1163573,PLUM SAUCE,,,,
AMF0011,,CS,Customer,IL89,1163573,PLUM SAUCE,,,,
AMF0011,,CS,Customer,KS29,1163573,PLUM SAUCE,,,,
AMF0011,,CS,Customer,MA64,1163573,PLUM SAUCE,,,,
AMF0011,,CS,Customer,MI69,1163573,PLUM SAUCE,,,,
AMF0011,,CS,Customer,NC168,1163573,PLUM SAUCE,,,,
AMF0011,,CS,Customer,OH85,1163573,PLUM SAUCE,,,,
AMF0011,,CS,Customer,PA142,1163573,PLUM SAUCE,,,,
AMF0011,,CS,Customer,TN57,1163573,PLUM SAUCE,,,,
AMF0011,,CS,Customer,TX188,1163573,PLUM SAUCE,,,,
AMF0011,,CS,Customer,TX189,1163573,PLUM SAUCE,,,,
AMF0011,,CS,Customer,WA04,1163573,PLUM SAUCE,,,,
AMF0011,,CS,Bar Code,,020717223806,RETAIL 2023_05_10,,2024-07-29,,
AMF0011,,CS,Bar Code,,06020717223800,WH 2023_05_10,,2024-07-29,,
AMF0012,,CS,Customer,AZ003,5029046,HOISIN SAUCE,,,,
AMF0012,,CS,Customer,CA039,5029046,HOISIN SAUCE,,,,
AMF0012,,CS,Customer,CA40,5029046,HOISIN SAUCE,,,,
AMF0012,,CS,Customer,CO003,5029046,HOISIN SAUCE,,,,
AMF0012,,CS,Customer,FL339,5029046,HOISIN SAUCE,,,,
AMF0012,,CS,Customer,IL89,5029046,HOISIN SAUCE,,,,
AMF0012,,CS,Customer,KS29,5029046,HOISIN SAUCE,,,,
AMF0012,,CS,Customer,MA64,5029046,HOISIN SAUCE,,,,
AMF0012,,CS,Customer,MI69,5029046,HOISIN SAUCE,,,,
AMF0012,,CS,Customer,NC168,5029046,HOISIN SAUCE,,,,
AMF0012,,CS,Customer,OH85,5029046,HOISIN SAUCE,,,,
AMF0012,,CS,Customer,PA142,5029046,HOISIN SAUCE,,,,
AMF0012,,CS,Customer,TN57,5029046,HOISIN SAUCE,,,,
AMF0012,,CS,Customer,TX188,5029046,HOISIN SAUCE,,,,
AMF0012,,CS,Customer,TX189,5029046,HOISIN SAUCE,,,,
AMF0012,,CS,Customer,WA04,5029046,HOISIN SAUCE,,,,
AMF0012,,CS,Bar Code,,0207172338015,EACH,,2024-07-29,,
AMF0012,,CS,Bar Code,,020717233805,RETAIL 2023_05_10,,2024-07-29,,
AMF0012,,CS,Bar Code,,06020717233809,WH 2023_05_10,,2024-07-29,,
AMF0015,,CS,Customer,AZ003,8676876,SAMBAL OELEK (L),,,2024-07-30,
AMF0015,,CS,Customer,CA039,8676876,SAMBAL OELEK (L),,,2024-07-30,
AMF0015,,CS,Customer,CA40,8676876,SAMBAL OELEK (L),,,2024-07-30,
AMF0015,,CS,Customer,CO003,8676876,SAMBAL OELEK (L),,,2024-07-30,
AMF0015,,CS,Customer,FL339,8676876,SAMBAL OELEK (L),,,2024-07-30,
AMF0015,,CS,Customer,IL89,8676876,SAMBAL OELEK (L),,,2024-07-30,
AMF0015,,CS,Customer,KS29,8676876,SAMBAL OELEK (L),,,2024-07-30,
AMF0015,,CS,Customer,MA64,8676876,SAMBAL OELEK (L),,,2024-07-30,
AMF0015,,CS,Customer,MI69,8676876,SAMBAL OELEK (L),,,2024-07-30,
AMF0015,,CS,Customer,NC168,8676876,SAMBAL OELEK (L),,,2024-07-30,
AMF0015,,CS,Customer,OH85,8676876,SAMBAL OELEK (L),,,2024-07-30,
AMF0015,,CS,Customer,PA142,8676876,SAMBAL OELEK (L),,,2024-07-30,
AMF0015,,CS,Customer,TN57,8676876,SAMBAL OELEK (L),,,2024-07-30,
AMF0015,,CS,Customer,TX188,8676876,SAMBAL OELEK (L),,,2024-07-30,
AMF0015,,CS,Customer,TX189,8676876,SAMBAL OELEK (L),,,2024-07-30,
AMF0015,,CS,Customer,WA04,8676876,SAMBAL OELEK (L),,,2024-07-30,
AMF0016,,CS,Customer,AZ003,2649861,PURE BEAN SOY SAUCE,,,,
AMF0016,,CS,Customer,CA039,2649861,PURE BEAN SOY SAUCE,,,,
AMF0016,,CS,Customer,CA40,2649861,PURE BEAN SOY SAUCE,,,,
AMF0016,,CS,Customer,CO003,2649861,PURE BEAN SOY SAUCE,,,,
AMF0016,,CS,Customer,FL339,2649861,PURE BEAN SOY SAUCE,,,,
AMF0016,,CS,Customer,IL89,2649861,PURE BEAN SOY SAUCE,,,,
AMF0016,,CS,Customer,KS29,2649861,PURE BEAN SOY SAUCE,,,,
AMF0016,,CS,Customer,MA64,2649861,PURE BEAN SOY SAUCE,,,,
AMF0016,,CS,Customer,MI69,2649861,PURE BEAN SOY SAUCE,,,,
AMF0016,,CS,Customer,NC168,2649861,PURE BEAN SOY SAUCE,,,,
AMF0016,,CS,Customer,OH85,2649861,PURE BEAN SOY SAUCE,,,,
AMF0016,,CS,Customer,PA142,2649861,PURE BEAN SOY SAUCE,,,,
AMF0016,,CS,Customer,TN57,2649861,PURE BEAN SOY SAUCE,,,,
AMF0016,,CS,Customer,TX188,2649861,PURE BEAN SOY SAUCE,,,,
AMF0016,,CS,Customer,TX189,2649861,PURE BEAN SOY SAUCE,,,,
AMF0016,,CS,Customer,WA04,2649861,PURE BEAN SOY SAUCE,,,,
AMF0016,,CS,Bar Code,,777415801026,RETAIL 2023_05_10,,2024-07-29,,
AMF0018,,CS,Customer,AZ003,5508620,RICE STICK (M),,,,
AMF0018,,CS,Customer,CA039,5508620,RICE STICK (M),,,,
AMF0018,,CS,Customer,CA40,5508620,RICE STICK (M),,,,
AMF0018,,CS,Customer,CO003,5508620,RICE STICK (M),,,,
AMF0018,,CS,Customer,FL339,5508620,RICE STICK (M),,,,
AMF0018,,CS,Customer,IL89,5508620,RICE STICK (M),,,,
AMF0018,,CS,Customer,KS29,5508620,RICE STICK (M),,,,
AMF0018,,CS,Customer,MA64,5508620,RICE STICK (M),,,,
AMF0018,,CS,Customer,MI69,5508620,RICE STICK (M),,,,
AMF0018,,CS,Customer,NC168,5508620,RICE STICK (M),,,,
AMF0018,,CS,Customer,OH85,5508620,RICE STICK (M),,,,
AMF0018,,CS,Customer,PA142,5508620,RICE STICK (M),,,,
AMF0018,,CS,Customer,TN57,5508620,RICE STICK (M),,,,
AMF0018,,CS,Customer,TX188,5508620,RICE STICK (M),,,,
AMF0018,,CS,Customer,TX189,5508620,RICE STICK (M),,,,
AMF0018,,CS,Customer,WA04,5508620,RICE STICK (M),,,,
AMF0018,,CS,Bar Code,,081652086062,EACH,,2024-07-29,,
AMF0018,,CS,Bar Code,,10081652086069,CASE,,2024-07-29,,
AMF0020,,CS,Customer,AZ003,9421482,TAMARIND CONCENTRATE,,,,
AMF0020,,CS,Customer,CA039,9421482,TAMARIND CONCENTRATE,,,,
AMF0020,,CS,Customer,CA40,9421482,TAMARIND CONCENTRATE,,,,
AMF0020,,CS,Customer,CO003,9421482,TAMARIND CONCENTRATE,,,,
AMF0020,,CS,Customer,FL339,9421482,TAMARIND CONCENTRATE,,,,
AMF0020,,CS,Customer,IL89,9421482,TAMARIND CONCENTRATE,,,,
AMF0020,,CS,Customer,KS29,9421482,TAMARIND CONCENTRATE,,,,
AMF0020,,CS,Customer,MA64,9421482,TAMARIND CONCENTRATE,,,,
AMF0020,,CS,Customer,MI69,9421482,TAMARIND CONCENTRATE,,,,
AMF0020,,CS,Customer,NC168,9421482,TAMARIND CONCENTRATE,,,,
AMF0020,,CS,Customer,OH85,9421482,TAMARIND CONCENTRATE,,,,
AMF0020,,CS,Customer,PA142,9421482,TAMARIND CONCENTRATE,,,,
AMF0020,,CS,Customer,TN57,9421482,TAMARIND CONCENTRATE,,,,
AMF0020,,CS,Customer,TX188,9421482,TAMARIND CONCENTRATE,,,,
AMF0020,,CS,Customer,TX189,9421482,TAMARIND CONCENTRATE,,,,
AMF0020,,CS,Customer,WA04,9421482,TAMARIND CONCENTRATE,,,,
AMF0022,,CS,Customer,AZ003,4704706,VGTRN MUSHROOM OYSTER SAUCE,,,,
AMF0022,,CS,Customer,CA039,4704706,VGTRN MUSHROOM OYSTER SAUCE,,,,
AMF0022,,CS,Customer,CA40,4704706,VGTRN MUSHROOM OYSTER SAUCE,,,,
AMF0022,,CS,Customer,CO003,4704706,VGTRN MUSHROOM OYSTER SAUCE,,,,
AMF0022,,CS,Customer,FL339,4704706,VGTRN MUSHROOM OYSTER SAUCE,,,,
AMF0022,,CS,Customer,IL89,4704706,VGTRN MUSHROOM OYSTER SAUCE,,,,
AMF0022,,CS,Customer,KS29,4704706,VGTRN MUSHROOM OYSTER SAUCE,,,,
AMF0022,,CS,Customer,MA64,4704706,VGTRN MUSHROOM OYSTER SAUCE,,,,
AMF0022,,CS,Customer,MI69,4704706,VGTRN MUSHROOM OYSTER SAUCE,,,,
AMF0022,,CS,Customer,NC168,4704706,VGTRN MUSHROOM OYSTER SAUCE,,,,
AMF0022,,CS,Customer,OH85,4704706,VGTRN MUSHROOM OYSTER SAUCE,,,,
AMF0022,,CS,Customer,PA142,4704706,VGTRN MUSHROOM OYSTER SAUCE,,,,
AMF0022,,CS,Customer,TN57,4704706,VGTRN MUSHROOM OYSTER SAUCE,,,,
AMF0022,,CS,Customer,TX188,4704706,VGTRN MUSHROOM OYSTER SAUCE,,,,
AMF0022,,CS,Customer,TX189,4704706,VGTRN MUSHROOM OYSTER SAUCE,,,,
AMF0022,,CS,Customer,WA04,4704706,VGTRN MUSHROOM OYSTER SAUCE,,,,
AMF0022,,CS,Bar Code,,074261040303,EACH,,2024-07-29,2024-08-02,
AMF0022,,CS,Bar Code,,10074261040300,CASE,,2024-07-29,2024-08-02,
AMF0025,,CS,Customer,AZ003,4503885,DRIED GARLIC MINCED,,,,
AMF0025,,CS,Customer,CA039,4503885,DRIED GARLIC MINCED,,,,
AMF0025,,CS,Customer,CA40,4503885,DRIED GARLIC MINCED,,,,
AMF0025,,CS,Customer,CO003,4503885,DRIED GARLIC MINCED,,,,
AMF0025,,CS,Customer,FL339,4503885,DRIED GARLIC MINCED,,,,
AMF0025,,CS,Customer,IL89,4503885,DRIED GARLIC MINCED,,,,
AMF0025,,CS,Customer,KS29,4503885,DRIED GARLIC MINCED,,,,
AMF0025,,CS,Customer,MA64,4503885,DRIED GARLIC MINCED,,,,
AMF0025,,CS,Customer,MI69,4503885,DRIED GARLIC MINCED,,,,
AMF0025,,CS,Customer,NC168,4503885,DRIED GARLIC MINCED,,,,
AMF0025,,CS,Customer,OH85,4503885,DRIED GARLIC MINCED,,,,
AMF0025,,CS,Customer,PA142,4503885,DRIED GARLIC MINCED,,,,
AMF0025,,CS,Customer,TN57,4503885,DRIED GARLIC MINCED,,,,
AMF0025,,CS,Customer,TX188,4503885,DRIED GARLIC MINCED,,,,
AMF0025,,CS,Customer,TX189,4503885,DRIED GARLIC MINCED,,,,
AMF0025,,CS,Customer,WA04,4503885,DRIED GARLIC MINCED,,,,
AMF0025,,CS,Bar Code,,081652055013,EACH,,2024-07-29,,
AMF0025,,CS,Bar Code,,10081652055010,CASE,,2024-07-29,,
AMF0026,,CS,Customer,AZ003,6138223,WATER CHESTNUT (SMALL DICE),,,,
AMF0026,,CS,Customer,CA039,6138223,WATER CHESTNUT (SMALL DICE),,,,
AMF0026,,CS,Customer,CA40,6138223,WATER CHESTNUT (SMALL DICE),,,,
AMF0026,,CS,Customer,CO003,6138223,WATER CHESTNUT (SMALL DICE),,,,
AMF0026,,CS,Customer,FL339,6138223,WATER CHESTNUT (SMALL DICE),,,,
AMF0026,,CS,Customer,IL89,6138223,WATER CHESTNUT (SMALL DICE),,,,
AMF0026,,CS,Customer,KS29,6138223,WATER CHESTNUT (SMALL DICE),,,,
AMF0026,,CS,Customer,MA64,6138223,WATER CHESTNUT (SMALL DICE),,,,
AMF0026,,CS,Customer,MI69,6138223,WATER CHESTNUT (SMALL DICE),,,,
AMF0026,,CS,Customer,NC168,6138223,WATER CHESTNUT (SMALL DICE),,,,
AMF0026,,CS,Customer,OH85,6138223,WATER CHESTNUT (SMALL DICE),,,,
AMF0026,,CS,Customer,PA142,6138223,WATER CHESTNUT (SMALL DICE),,,,
AMF0026,,CS,Customer,TN57,6138223,WATER CHESTNUT (SMALL DICE),,,,
AMF0026,,CS,Customer,TX188,6138223,WATER CHESTNUT (SMALL DICE),,,,
AMF0026,,CS,Customer,TX189,6138223,WATER CHESTNUT (SMALL DICE),,,,
AMF0026,,CS,Customer,WA04,6138223,WATER CHESTNUT (SMALL DICE),,,,
AMF0026,,CS,Bar Code,,081652055020,EACH,,2024-07-29,,
AMF0026,,CS,Bar Code,,10081652055027,CASE,,2024-07-29,,
AMF0029,,CS,Customer,AZ003,2268532,BLACK BEAN DRIED SALTED,,,,
AMF0029,,CS,Customer,CA039,2268532,BLACK BEAN DRIED SALTED,,,,
AMF0029,,CS,Customer,CA40,2268532,BLACK BEAN DRIED SALTED,,,,
AMF0029,,CS,Customer,CO003,2268532,BLACK BEAN DRIED SALTED,,,,
AMF0029,,CS,Customer,FL339,2268532,BLACK BEAN DRIED SALTED,,,,
AMF0029,,CS,Customer,IL89,2268532,BLACK BEAN DRIED SALTED,,,,
AMF0029,,CS,Customer,KS29,2268532,BLACK BEAN DRIED SALTED,,,,
AMF0029,,CS,Customer,MA64,2268532,BLACK BEAN DRIED SALTED,,,,
AMF0029,,CS,Customer,MI69,2268532,BLACK BEAN DRIED SALTED,,,,
AMF0029,,CS,Customer,NC168,2268532,BLACK BEAN DRIED SALTED,,,,
AMF0029,,CS,Customer,OH85,2268532,BLACK BEAN DRIED SALTED,,,,
AMF0029,,CS,Customer,PA142,2268532,BLACK BEAN DRIED SALTED,,,,
AMF0029,,CS,Customer,TN57,2268532,BLACK BEAN DRIED SALTED,,,,
AMF0029,,CS,Customer,TX188,2268532,BLACK BEAN DRIED SALTED,,,,
AMF0029,,CS,Customer,TX189,2268532,BLACK BEAN DRIED SALTED,,,,
AMF0029,,CS,Customer,WA04,2268532,BLACK BEAN DRIED SALTED,,,,
AMF0029,,CS,Bar Code,,081652032779,RETAIL 2023_05_10,,2024-07-29,,
AMF0029,,CS,Bar Code,,10081652032276,CASE,,2024-07-29,,
AMF0029,,CS,Bar Code,,10081652032776,WH 2023_05_10,,2024-07-29,,
AMF0030,,CS,Customer,AZ003,9259511,SZECHUAN PRESERVED VEGE STRIP,,,,
AMF0030,,CS,Customer,CA039,9259511,SZECHUAN PRESERVED VEGE STRIP,,,,
AMF0030,,CS,Customer,CA40,9259511,SZECHUAN PRESERVED VEGE STRIP,,,,
AMF0030,,CS,Customer,CO003,9259511,SZECHUAN PRESERVED VEGE STRIP,,,,
AMF0030,,CS,Customer,FL339,9259511,SZECHUAN PRESERVED VEGE STRIP,,,,
AMF0030,,CS,Customer,IL89,9259511,SZECHUAN PRESERVED VEGE STRIP,,,,
AMF0030,,CS,Customer,KS29,9259511,SZECHUAN PRESERVED VEGE STRIP,,,,
AMF0030,,CS,Customer,MA64,9259511,SZECHUAN PRESERVED VEGE STRIP,,,,
AMF0030,,CS,Customer,MI69,9259511,SZECHUAN PRESERVED VEGE STRIP,,,,
AMF0030,,CS,Customer,NC168,9259511,SZECHUAN PRESERVED VEGE STRIP,,,,
AMF0030,,CS,Customer,OH85,9259511,SZECHUAN PRESERVED VEGE STRIP,,,,
AMF0030,,CS,Customer,PA142,9259511,SZECHUAN PRESERVED VEGE STRIP,,,,
AMF0030,,CS,Customer,TN57,9259511,SZECHUAN PRESERVED VEGE STRIP,,,,
AMF0030,,CS,Customer,TX188,9259511,SZECHUAN PRESERVED VEGE STRIP,,,,
AMF0030,,CS,Customer,TX189,9259511,SZECHUAN PRESERVED VEGE STRIP,,,,
AMF0030,,CS,Customer,WA04,9259511,SZECHUAN PRESERVED VEGE STRIP,,,,
AMF0030,,CS,Bar Code,,6930595800089,EA,,2024-07-29,,
AMF0038,,CS,Customer,AZ003,7741994,MIRIN,,,,
AMF0038,,CS,Customer,CA039,7741994,MIRIN,,,,
AMF0038,,CS,Customer,CA40,7741994,MIRIN,,,,
AMF0038,,CS,Customer,CO003,7741994,MIRIN,,,,
AMF0038,,CS,Customer,FL339,7741994,MIRIN,,,,
AMF0038,,CS,Customer,IL89,7741994,MIRIN,,,,
AMF0038,,CS,Customer,KS29,7741994,MIRIN,,,,
AMF0038,,CS,Customer,MA64,7741994,MIRIN,,,,
AMF0038,,CS,Customer,MI69,7741994,MIRIN,,,,
AMF0038,,CS,Customer,NC168,7741994,MIRIN,,,,
AMF0038,,CS,Customer,OH85,7741994,MIRIN,,,,
AMF0038,,CS,Customer,PA142,7741994,MIRIN,,,,
AMF0038,,CS,Customer,TN57,7741994,MIRIN,,,,
AMF0038,,CS,Customer,TX188,7741994,MIRIN,,,,
AMF0038,,CS,Customer,TX189,7741994,MIRIN,,,,
AMF0038,,CS,Customer,WA04,7741994,MIRIN,,,,
AMF0038,,CS,Bar Code,,074261151511,EACH,,2024-07-29,,
AMF0038,,CS,Bar Code,,10074261151518,CASE,,2024-07-29,,
AMF0039,,CS,Customer,AZ003,5290416,SRIRACHA CHILI SAUCE (28OZ),,,,
AMF0039,,CS,Customer,CA039,5290416,SRIRACHA CHILI SAUCE (28OZ),,,,
AMF0039,,CS,Customer,CA40,5290416,SRIRACHA CHILI SAUCE (28OZ),,,,
AMF0039,,CS,Customer,CO003,5290416,SRIRACHA CHILI SAUCE (28OZ),,,,
AMF0039,,CS,Customer,FL339,5290416,SRIRACHA CHILI SAUCE (28OZ),,,,
AMF0039,,CS,Customer,IL89,5290416,SRIRACHA CHILI SAUCE (28OZ),,,,
AMF0039,,CS,Customer,KS29,5290416,SRIRACHA CHILI SAUCE (28OZ),,,,
AMF0039,,CS,Customer,MA64,5290416,SRIRACHA CHILI SAUCE (28OZ),,,,
AMF0039,,CS,Customer,MI69,5290416,SRIRACHA CHILI SAUCE (28OZ),,,,
AMF0039,,CS,Customer,NC168,7111693,SRIRACHA CHILI SAUCE (28OZ),,,,
AMF0039,,CS,Customer,OH85,5290416,SRIRACHA CHILI SAUCE (28OZ),,,,
AMF0039,,CS,Customer,PA142,5290416,SRIRACHA CHILI SAUCE (28OZ),,,,
AMF0039,,CS,Customer,TN57,5290416,SRIRACHA CHILI SAUCE (28OZ),,,,
AMF0039,,CS,Customer,TX188,5290416,SRIRACHA CHILI SAUCE (28OZ),,,,
AMF0039,,CS,Customer,TX189,5290416,SRIRACHA CHILI SAUCE (28OZ),,,,
AMF0039,,CS,Customer,WA04,5290416,SRIRACHA CHILI SAUCE (28OZ),,,,
AMF0039,,CS,Bar Code,,0110024463101163,CS,,2024-07-29,2024-08-02,
AMF0042,,CS,Customer,AZ003,3654753,MADRAS CURRY POWDER,,,2024-07-30,
AMF0042,,CS,Customer,CA039,3654753,MADRAS CURRY POWDER,,,2024-07-30,
AMF0042,,CS,Customer,CA40,3654753,MADRAS CURRY POWDER,,,2024-07-30,
AMF0042,,CS,Customer,CO003,3654753,MADRAS CURRY POWDER,,,2024-07-30,
AMF0042,,CS,Customer,FL339,3654753,MADRAS CURRY POWDER,,,2024-07-30,
AMF0042,,CS,Customer,IL89,3654753,MADRAS CURRY POWDER,,,2024-07-30,
AMF0042,,CS,Customer,KS29,3654753,MADRAS CURRY POWDER,,,2024-07-30,
AMF0042,,CS,Customer,MA64,3654753,MADRAS CURRY POWDER,,,2024-07-30,
AMF0042,,CS,Customer,MI69,3654753,MADRAS CURRY POWDER,,,2024-07-30,
AMF0042,,CS,Customer,NC168,3654753,MADRAS CURRY POWDER,,,2024-07-30,
AMF0042,,CS,Customer,OH85,3654753,MADRAS CURRY POWDER,,,2024-07-30,
AMF0042,,CS,Customer,PA142,3654753,MADRAS CURRY POWDER,,,2024-07-30,
AMF0042,,CS,Customer,TN57,3654753,MADRAS CURRY POWDER,,,2024-07-30,
AMF0042,,CS,Customer,TX188,3654753,MADRAS CURRY POWDER,,,2024-07-30,
AMF0042,,CS,Customer,TX189,3654753,MADRAS CURRY POWDER,,,2024-07-30,
AMF0042,,CS,Customer,WA04,3654753,MADRAS CURRY POWDER,,,2024-07-30,
AMF0042,,CS,Bar Code,,072538000029,RETAIL 2023_05_10,,2024-07-29,2024-07-30,
AMF0042,,CS,Bar Code,,10072538000026,WH 2023_05_10,,2024-07-29,2024-07-30,
AMF0043,,CS,Customer,AZ003,2684890,BLACK VINEGAR,,,,
AMF0043,,CS,Customer,CA039,2684890,BLACK VINEGAR,,,,
AMF0043,,CS,Customer,CA40,2684890,BLACK VINEGAR,,,,
AMF0043,,CS,Customer,CO003,2684890,BLACK VINEGAR,,,,
AMF0043,,CS,Customer,FL339,2684890,BLACK VINEGAR,,,,
AMF0043,,CS,Customer,IL89,2684890,BLACK VINEGAR,,,,
AMF0043,,CS,Customer,KS29,2684890,BLACK VINEGAR,,,,
AMF0043,,CS,Customer,MA64,2684890,BLACK VINEGAR,,,,
AMF0043,,CS,Customer,MI69,2684890,BLACK VINEGAR,,,,
AMF0043,,CS,Customer,NC168,2684890,BLACK VINEGAR,,,,
AMF0043,,CS,Customer,OH85,2684890,BLACK VINEGAR,,,,
AMF0043,,CS,Customer,PA142,2684890,BLACK VINEGAR,,,,
AMF0043,,CS,Customer,TN57,2684890,BLACK VINEGAR,,,,
AMF0043,,CS,Customer,TX188,2684890,BLACK VINEGAR,,,,
AMF0043,,CS,Customer,TX189,2684890,BLACK VINEGAR,,,,
AMF0043,,CS,Customer,WA04,2684890,BLACK VINEGAR,,,,
AMF0043,,CS,Bar Code,,020717612228,EACH,,2025-01-20,2025-06-20,
AMF0043,,CS,Bar Code,,12020717612223,CASE,,2025-01-20,2025-06-20,
AMF0044,,CS,Customer,AZ003,5837192,WHITE PEPPER POWDER,,,,
AMF0044,,CS,Customer,CA039,5837192,WHITE PEPPER POWDER,,,,
AMF0044,,CS,Customer,CA40,5837192,WHITE PEPPER POWDER,,,,
AMF0044,,CS,Customer,CO003,5837192,WHITE PEPPER POWDER,,,,
AMF0044,,CS,Customer,FL339,5837192,WHITE PEPPER POWDER,,,,
AMF0044,,CS,Customer,IL89,5837192,WHITE PEPPER POWDER,,,,
AMF0044,,CS,Customer,KS29,5837192,WHITE PEPPER POWDER,,,,
AMF0044,,CS,Customer,MA64,5837192,WHITE PEPPER POWDER,,,,
AMF0044,,CS,Customer,MI69,5837192,WHITE PEPPER POWDER,,,,
AMF0044,,CS,Customer,NC168,5837192,WHITE PEPPER POWDER,,,,
AMF0044,,CS,Customer,OH85,5837192,WHITE PEPPER POWDER,,,,
AMF0044,,CS,Customer,PA142,5837192,WHITE PEPPER POWDER,,,,
AMF0044,,CS,Customer,TN57,5837192,WHITE PEPPER POWDER,,,,
AMF0044,,CS,Customer,TX188,5837192,WHITE PEPPER POWDER,,,,
AMF0044,,CS,Customer,TX189,5837192,WHITE PEPPER POWDER,,,,
AMF0044,,CS,Customer,WA04,5837192,WHITE PEPPER POWDER,,,,
AMF0044,,CS,Bar Code,,05663676175585,WH 2023_05_10,,2024-07-29,2025-03-28,
AMF0044,,CS,Bar Code,,663676175580,RETAIL 2023_05_10,,2024-07-29,2025-03-28,
AMF0045,,CS,Customer,AZ003,7670077,RED CHILI FLAKES,,,,
AMF0045,,CS,Customer,CA039,7670077,RED CHILI FLAKES,,,,
AMF0045,,CS,Customer,CA40,7670077,RED CHILI FLAKES,,,,
AMF0045,,CS,Customer,CO003,7670077,RED CHILI FLAKES,,,,
AMF0045,,CS,Customer,FL339,7670077,RED CHILI FLAKES,,,,
AMF0045,,CS,Customer,IL89,7670077,RED CHILI FLAKES,,,,
AMF0045,,CS,Customer,KS29,7670077,RED CHILI FLAKES,,,,
AMF0045,,CS,Customer,MA64,7670077,RED CHILI FLAKES,,,,
AMF0045,,CS,Customer,MI69,7670077,RED CHILI FLAKES,,,,
AMF0045,,CS,Customer,NC168,7670077,RED CHILI FLAKES,,,,
AMF0045,,CS,Customer,OH85,7670077,RED CHILI FLAKES,,,,
AMF0045,,CS,Customer,PA142,7670077,RED CHILI FLAKES,,,,
AMF0045,,CS,Customer,TN57,7670077,RED CHILI FLAKES,,,,
AMF0045,,CS,Customer,TX188,7670077,RED CHILI FLAKES,,,,
AMF0045,,CS,Customer,TX189,7670077,RED CHILI FLAKES,,,,
AMF0045,,CS,Customer,WA04,7670077,RED CHILI FLAKES,,,,
AMF0045,,CS,Bar Code,,081652060864,EACH,,2024-07-29,,
AMF0045,,CS,Bar Code,,10081652060861,CASE,,2024-07-29,,
AMF0046,,CS,Customer,FL339,9295430,COOKING MICHIU,,,2024-07-30,
AMF0046,,CS,Customer,MA64,9295430,COOKING MICHIU,,,2024-07-30,
AMF0046,,CS,Customer,MI69,9295430,COOKING MICHIU,,,2024-07-30,
AMF0046,,CS,Customer,NC168,9295430,COOKING MICHIU,,,2024-07-30,
AMF0046,,CS,Customer,OH85,9295430,COOKING MICHIU,,,2024-07-30,
AMF0046,,CS,Customer,PA142,9295430,COOKING MICHIU,,,2024-07-30,
AMF0046,,CS,Customer,TN57,9295430,COOKING MICHIU,,,2024-07-30,
AMF0046,,CS,Bar Code,,076215600045,EACH,,2024-07-29,2024-07-30,
AMF0046,,CS,Bar Code,,076215605040,CASE,,2024-07-29,2024-07-30,
AMF0050,,CS,Customer,FL339,5559479,FRIED SHALLOT,,,2024-07-30,
AMF0050,,CS,Customer,MA64,5559479,FRIED SHALLOT,,,2024-07-30,
AMF0050,,CS,Customer,MI69,5559479,FRIED SHALLOT,,,2024-07-30,
AMF0050,,CS,Customer,NC168,5559479,FRIED SHALLOT,,,2024-07-30,
AMF0050,,CS,Customer,OH85,5559479,FRIED SHALLOT,,,2024-07-30,
AMF0050,,CS,Customer,PA142,5559479,FRIED SHALLOT,,,2024-07-30,
AMF0050,,CS,Customer,TN57,5559479,FRIED SHALLOT,,,2024-07-30,
AMF0050,,CS,Bar Code,,AMF0050,CASE,,2024-07-29,2024-07-30,
AMF0051,,CS,Customer,AZ003,2765648,STAINLESS STEEL SCOURER,,,,
AMF0051,,CS,Customer,CA039,2765648,STAINLESS STEEL SCOURER,,,,
AMF0051,,CS,Customer,CA40,2765648,STAINLESS STEEL SCOURER,,,,
AMF0051,,CS,Customer,CO003,2765648,STAINLESS STEEL SCOURER,,,,
AMF0051,,CS,Customer,FL339,2765648,STAINLESS STEEL SCOURER,,,,
AMF0051,,CS,Customer,IL89,2765648,STAINLESS STEEL SCOURER,,,,
AMF0051,,CS,Customer,KS29,2765648,STAINLESS STEEL SCOURER,,,,
AMF0051,,CS,Customer,MA64,2765648,STAINLESS STEEL SCOURER,,,,
AMF0051,,CS,Customer,MI69,2765648,STAINLESS STEEL SCOURER,,,,
AMF0051,,CS,Customer,NC168,2765648,STAINLESS STEEL SCOURER,,,,
AMF0051,,CS,Customer,OH85,2765648,STAINLESS STEEL SCOURER,,,,
AMF0051,,CS,Customer,PA142,2765648,STAINLESS STEEL SCOURER,,,,
AMF0051,,CS,Customer,TN57,2765648,STAINLESS STEEL SCOURER,,,,
AMF0051,,CS,Customer,TX188,2765648,STAINLESS STEEL SCOURER,,,,
AMF0051,,CS,Customer,TX189,2765648,STAINLESS STEEL SCOURER,,,,
AMF0051,,CS,Customer,WA04,2765648,STAINLESS STEEL SCOURER,,,,
AMF0052,,CS,Customer,AZ003,4527533,FISH SAUCE,,,2024-07-30,
AMF0052,,CS,Customer,CA039,4527533,FISH SAUCE,,,2024-07-30,
AMF0052,,CS,Customer,CA40,4527533,FISH SAUCE,,,2024-07-30,
AMF0052,,CS,Customer,CO003,4527533,FISH SAUCE,,,2024-07-30,
AMF0052,,CS,Customer,FL339,4527533,FISH SAUCE,,,2024-07-30,
AMF0052,,CS,Customer,IL89,4527533,FISH SAUCE,,,2024-07-30,
AMF0052,,CS,Customer,KS29,4527533,FISH SAUCE,,,2024-07-30,
AMF0052,,CS,Customer,MA64,4527533,FISH SAUCE,,,2024-07-30,
AMF0052,,CS,Customer,MI69,4527533,FISH SAUCE,,,2024-07-30,
AMF0052,,CS,Customer,NC168,4527533,FISH SAUCE,,,2024-07-30,
AMF0052,,CS,Customer,OH85,4527533,FISH SAUCE,,,2024-07-30,
AMF0052,,CS,Customer,PA142,4527533,FISH SAUCE,,,2024-07-30,
AMF0052,,CS,Customer,TN57,4527533,FISH SAUCE,,,2024-07-30,
AMF0052,,CS,Customer,TX188,4527533,FISH SAUCE,,,2024-07-30,
AMF0052,,CS,Customer,TX189,4527533,FISH SAUCE,,,2024-07-30,
AMF0052,,CS,Customer,WA04,4527533,FISH SAUCE,,,2024-07-30,
AMF0052,,CS,Bar Code,,03663676146976,WH 2023_05_10,,2024-07-29,2024-07-30,
AMF0052,,CS,Bar Code,,663676146979,RETAIL 2023_05_10,,2024-07-29,2024-07-30,
AMF0054,,CS,Customer,AZ003,1056656, PRESRVD RED GINGER SLCE SYRUP,,,2024-07-30,
AMF0054,,CS,Customer,CA039,1056656, PRESRVD RED GINGER SLCE SYRUP,,,2024-07-30,
AMF0054,,CS,Customer,CA40,1056656, PRESRVD RED GINGER SLCE SYRUP,,,2024-07-30,
AMF0054,,CS,Customer,CO003,1056656, PRESRVD RED GINGER SLCE SYRUP,,,2024-07-30,
AMF0054,,CS,Customer,FL339,1056656, PRESRVD RED GINGER SLCE SYRUP,,,2024-07-30,
AMF0054,,CS,Customer,IL89,1056656, PRESRVD RED GINGER SLCE SYRUP,,,2024-07-30,
AMF0054,,CS,Customer,KS29,1056656, PRESRVD RED GINGER SLCE SYRUP,,,2024-07-30,
AMF0054,,CS,Customer,MA64,1056656, PRESRVD RED GINGER SLCE SYRUP,,,2024-07-30,
AMF0054,,CS,Customer,MI69,1056656, PRESRVD RED GINGER SLCE SYRUP,,,2024-07-30,
AMF0054,,CS,Customer,NC168,1056656, PRESRVD RED GINGER SLCE SYRUP,,,2024-07-30,
AMF0054,,CS,Customer,OH85,1056656, PRESRVD RED GINGER SLCE SYRUP,,,2024-07-30,
AMF0054,,CS,Customer,PA142,1056656, PRESRVD RED GINGER SLCE SYRUP,,,2024-07-30,
AMF0054,,CS,Customer,TN57,1056656, PRESRVD RED GINGER SLCE SYRUP,,,2024-07-30,
AMF0054,,CS,Customer,TX188,1056656, PRESRVD RED GINGER SLCE SYRUP,,,2024-07-30,
AMF0054,,CS,Customer,TX189,1056656, PRESRVD RED GINGER SLCE SYRUP,,,2024-07-30,
AMF0054,,CS,Customer,WA04,1056656, PRESRVD RED GINGER SLCE SYRUP,,,2024-07-30,
AMF0054,,CS,Bar Code,,12663676101201,CS,,2024-07-29,2024-07-30,
AMF0063,,CS,Customer,AZ003,3475260,DRIED BLACK FUNGUS SHREDDED,,,,
AMF0063,,CS,Customer,CA039,3475260,DRIED BLACK FUNGUS SHREDDED,,,,
AMF0063,,CS,Customer,CA40,3475260,DRIED BLACK FUNGUS SHREDDED,,,,
AMF0063,,CS,Customer,CO003,3475260,DRIED BLACK FUNGUS SHREDDED,,,,
AMF0063,,CS,Customer,FL339,3475260,DRIED BLACK FUNGUS SHREDDED,,,,
AMF0063,,CS,Customer,IL89,3475260,DRIED BLACK FUNGUS SHREDDED,,,,
AMF0063,,CS,Customer,KS29,3475260,DRIED BLACK FUNGUS SHREDDED,,,,
AMF0063,,CS,Customer,MA64,3475260,DRIED BLACK FUNGUS SHREDDED,,,,
AMF0063,,CS,Customer,MI69,3475260,DRIED BLACK FUNGUS SHREDDED,,,,
AMF0063,,CS,Customer,NC168,3475260,DRIED BLACK FUNGUS SHREDDED,,,,
AMF0063,,CS,Customer,OH85,3475260,DRIED BLACK FUNGUS SHREDDED,,,,
AMF0063,,CS,Customer,PA142,3475260,DRIED BLACK FUNGUS SHREDDED,,,,
AMF0063,,CS,Customer,TN57,3475260,DRIED BLACK FUNGUS SHREDDED,,,,
AMF0063,,CS,Customer,TX188,3475260,DRIED BLACK FUNGUS SHREDDED,,,,
AMF0063,,CS,Customer,TX189,3475260,DRIED BLACK FUNGUS SHREDDED,,,,
AMF0063,,CS,Customer,WA04,3475260,DRIED BLACK FUNGUS SHREDDED,,,,
AMF0063,,CS,Bar Code,,022652206951,RETAIL 2023_05_10,,2024-07-29,,
AMF0069,,CS,Customer,FL339,5404013,SWEET POTATO NOODLES (JAPCHAE),,,2024-07-30,
AMF0069,,CS,Customer,IL89,5404013,SWEET POTATO NOODLES (JAPCHAE),,,2024-07-30,
AMF0069,,CS,Customer,PA142,5404013,SWEET POTATO NOODLES (JAPCHAE),,,2024-07-30,
AMF0069,,CS,Customer,TX188,5404013,SWEET POTATO NOODLES (JAPCHAE),,,2024-07-30,
AMF0069,,CS,Bar Code,,10081652080272,CASE,,2024-07-29,2024-07-30,
AMF0070,,CS,Customer,FL339,6247891,FRIED SHALLOTS,,,,
AMF0070,,CS,Customer,MA64,6247891,FRIED SHALLOTS,,,,
AMF0070,,CS,Customer,MI69,6247891,FRIED SHALLOTS,,,,
AMF0070,,CS,Customer,NC168,6247891,FRIED SHALLOTS,,,,
AMF0070,,CS,Customer,OH85,6247891,FRIED SHALLOTS,,,,
AMF0070,,CS,Customer,PA142,6247891,FRIED SHALLOTS,,,,
AMF0070,,CS,Customer,TN57,6247891,FRIED SHALLOTS,,,,
AMF0070,,CS,Bar Code,,10081652067501,CS,,2024-07-29,,
AMF0075,,CS,Customer,FL339,2587409,PRESERVED RED GINGER (SYRUP),,,,
AMF0075,,CS,Customer,MA64,2587409,PRESERVED RED GINGER (SYRUP),,,,
AMF0075,,CS,Customer,MI69,2587409,PRESERVED RED GINGER (SYRUP),,,,
AMF0075,,CS,Customer,NC168,2587409,PRESERVED RED GINGER (SYRUP),,,,
AMF0075,,CS,Customer,OH85,2587409,PRESERVED RED GINGER (SYRUP),,,,
AMF0075,,CS,Customer,PA142,2587409,PRESERVED RED GINGER (SYRUP),,,,
AMF0075,,CS,Customer,TN57,2587409,PRESERVED RED GINGER (SYRUP),,,,
AMF0076,,CS,Customer,FL339,1011935,PURE 25 BURSTING BOBA PEACH,,,,
AMF0076,,CS,Customer,MA64,1011935,PURE 25 BURSTING BOBA PEACH,,,,
AMF0076,,CS,Customer,MI69,1011935,PURE 25 BURSTING BOBA PEACH,,,,
AMF0076,,CS,Customer,NC168,1011935,PURE 25 BURSTING BOBA PEACH,,,,
AMF0076,,CS,Customer,OH85,1011935,PURE 25 BURSTING BOBA PEACH,,,,
AMF0076,,CS,Customer,PA142,1011935,PURE 25 BURSTING BOBA PEACH,,,,
AMF0076,,CS,Customer,TN57,1011935,PURE 25 BURSTING BOBA PEACH,,,,
AMF0076,,CS,Vendor,11296,BBP008,,,,,
AMF0076,,CS,Bar Code,,10813622020571,CASE,,2025-01-29,,
AMF0077,,CS,Customer,FL339,7951064,BANSANKAN EEL COATING SAUCE,,,2024-07-30,
AMF0077,,CS,Customer,MA64,7951064,BANSANKAN EEL COATING SAUCE,,,2024-07-30,
AMF0077,,CS,Customer,MI69,7951064,BANSANKAN EEL COATING SAUCE,,,2024-07-30,
AMF0077,,CS,Customer,NC168,7951064,BANSANKAN EEL COATING SAUCE,,,2024-07-30,
AMF0077,,CS,Customer,OH85,7951064,BANSANKAN EEL COATING SAUCE,,,2024-07-30,
AMF0077,,CS,Customer,PA142,7951064,BANSANKAN EEL COATING SAUCE,,,2024-07-30,
AMF0077,,CS,Customer,TN57,7951064,BANSANKAN EEL COATING SAUCE,,,2024-07-30,
AMF0077,,CS,Bar Code,,10858114004011,WH 2023_05_10,,2024-07-29,2024-07-30,
AMF0077,,CS,Bar Code,,858114004014,RETAIL 2023_05_10,,2024-07-29,2024-07-30,
AMF0078,,CS,Customer,FL339,6151149,ROASTED SEAWEED NORI,,,,
AMF0078,,CS,Customer,MA64,6151149,ROASTED SEAWEED NORI,,,,
AMF0078,,CS,Customer,MI69,6151149,ROASTED SEAWEED NORI,,,,
AMF0078,,CS,Customer,NC168,6151149,ROASTED SEAWEED NORI,,,,
AMF0078,,CS,Customer,OH85,6151149,ROASTED SEAWEED NORI,,,,
AMF0078,,CS,Customer,PA142,6151149,ROASTED SEAWEED NORI,,,,
AMF0078,,CS,Customer,TN57,6151149,ROASTED SEAWEED NORI,,,,
AMF0078,,CS,Bar Code,,663676105402,RETAIL 2023_05_10,,2024-07-29,2025-03-28,
AMF0079,,CS,Customer,FL339,930195,PICKLED GINGER (SUSHI GINGER),,,,
AMF0079,,CS,Customer,MA64,930195,PICKLED GINGER (SUSHI GINGER),,,,
AMF0079,,CS,Customer,MI69,930195,PICKLED GINGER (SUSHI GINGER),,,,
AMF0079,,CS,Customer,NC168,930195,PICKLED GINGER (SUSHI GINGER),,,,
AMF0079,,CS,Customer,OH85,930195,PICKLED GINGER (SUSHI GINGER),,,,
AMF0079,,CS,Customer,PA142,930195,PICKLED GINGER (SUSHI GINGER),,,,
AMF0079,,CS,Customer,TN57,930195,PICKLED GINGER (SUSHI GINGER),,,,
AMF0079,,CS,Bar Code,,01063676106154,WH 2023_05_10,,2024-07-29,,
AMF0081,,CS,Customer,FL339,4404072,"COOKING WINE (WHITE, 3L)",,,,
AMF0081,,CS,Customer,MA64,4404072,"COOKING WINE (WHITE, 3L)",,,,
AMF0081,,CS,Customer,MI69,4404072,"COOKING WINE (WHITE, 3L)",,,,
AMF0081,,CS,Customer,NC168,4404072,"COOKING WINE (WHITE, 3L)",,,,
AMF0081,,CS,Customer,OH85,4404072,"COOKING WINE (WHITE, 3L)",,,,
AMF0081,,CS,Customer,PA142,4404072,"COOKING WINE (WHITE, 3L)",,,,
AMF0081,,CS,Customer,TN57,4404072,"COOKING WINE (WHITE, 3L)",,,,
AMF0081,,CS,Bar Code,,081652031055,EACH,,2024-07-29,2024-08-02,
AMF0081,,CS,Bar Code,,10081652031051,CASE,,2024-07-29,2024-08-02,
AMF0082,,CS,Customer,FL339,9430969,STRAIGHT CUT RICE STICK (M),,,2024-07-30,
AMF0082,,CS,Customer,MA64,9430969,STRAIGHT CUT RICE STICK (M),,,2024-07-30,
AMF0082,,CS,Customer,MI69,9430969,STRAIGHT CUT RICE STICK (M),,,2024-07-30,
AMF0082,,CS,Customer,NC168,9430969,STRAIGHT CUT RICE STICK (M),,,2024-07-30,
AMF0082,,CS,Customer,OH85,9430969,STRAIGHT CUT RICE STICK (M),,,2024-07-30,
AMF0082,,CS,Customer,PA142,9430969,STRAIGHT CUT RICE STICK (M),,,2024-07-30,
AMF0082,,CS,Customer,TN57,9430969,STRAIGHT CUT RICE STICK (M),,,2024-07-30,
AMF0083,,CS,Customer,AZ003,0544906,BAMBOO CHOPSTICKS,,,,
AMF0083,,CS,Customer,CA039,0544906,BAMBOO CHOPSTICKS,,,,
AMF0083,,CS,Customer,CA40,0544906,BAMBOO CHOPSTICKS,,,,
AMF0083,,CS,Customer,CO003,0544906,BAMBOO CHOPSTICKS,,,,
AMF0083,,CS,Customer,FL339,0544906,BAMBOO CHOPSTICKS,,,,
AMF0083,,CS,Customer,IL89,0544906,BAMBOO CHOPSTICKS,,,,
AMF0083,,CS,Customer,KS29,0544906,BAMBOO CHOPSTICKS,,,,
AMF0083,,CS,Customer,MA64,0544906,BAMBOO CHOPSTICKS,,,,
AMF0083,,CS,Customer,MI69,0544906,BAMBOO CHOPSTICKS,,,,
AMF0083,,CS,Customer,NC168,0544906,BAMBOO CHOPSTICKS,,,,
AMF0083,,CS,Customer,OH85,0544906,BAMBOO CHOPSTICKS,,,,
AMF0083,,CS,Customer,PA142,0544906,BAMBOO CHOPSTICKS,,,,
AMF0083,,CS,Customer,TN57,0544906,BAMBOO CHOPSTICKS,,,,
AMF0083,,CS,Customer,TX188,0544906,BAMBOO CHOPSTICKS,,,,
AMF0083,,CS,Customer,TX189,0544906,BAMBOO CHOPSTICKS,,,,
AMF0083,,CS,Customer,WA04,0544906,BAMBOO CHOPSTICKS,,,,
AMF0083,,CS,Bar Code,,10663676505308,WH 2023_05_10,,2024-07-29,2025-03-14,
AMF0083,,CS,Bar Code,,663676505301,RETAIL 2023_05_10,,2024-07-29,2025-03-14,
AMF0084,,CS,Bar Code,,,WH 2023_05_10,,2024-07-29,2024-07-30,
AMF0084,,CS,Bar Code,,077890512142,RETAIL 2023_05_10,,2024-07-29,2024-07-30,
AMF0084,,CS,Bar Code,,10077890512149,WH 2023_05_10,,2024-07-29,2024-07-30,
AMF0085,,CS,Customer,AZ003,365678,SZECHUAN PRESERVED VEGE STRIP,,,2024-07-30,
AMF0085,,CS,Customer,CA039,365678,SZECHUAN PRESERVED VEGE STRIP,,,2024-07-30,
AMF0085,,CS,Customer,CA40,365678,SZECHUAN PRESERVED VEGE STRIP,,,2024-07-30,
AMF0085,,CS,Customer,CO003,365678,SZECHUAN PRESERVED VEGE STRIP,,,2024-07-30,
AMF0085,,CS,Customer,FL339,365678,SZECHUAN PRESERVED VEGE STRIP,,,2024-07-30,
AMF0085,,CS,Customer,IL89,365678,SZECHUAN PRESERVED VEGE STRIP,,,2024-07-30,
AMF0085,,CS,Customer,KS29,365678,SZECHUAN PRESERVED VEGE STRIP,,,2024-07-30,
AMF0085,,CS,Customer,MA64,365678,SZECHUAN PRESERVED VEGE STRIP,,,2024-07-30,
AMF0085,,CS,Customer,MI69,365678,SZECHUAN PRESERVED VEGE STRIP,,,2024-07-30,
AMF0085,,CS,Customer,NC168,365678,SZECHUAN PRESERVED VEGE STRIP,,,2024-07-30,
AMF0085,,CS,Customer,OH85,365678,SZECHUAN PRESERVED VEGE STRIP,,,2024-07-30,
AMF0085,,CS,Customer,PA142,365678,SZECHUAN PRESERVED VEGE STRIP,,,2024-07-30,
AMF0085,,CS,Customer,TN57,365678,SZECHUAN PRESERVED VEGE STRIP,,,2024-07-30,
AMF0085,,CS,Customer,TX188,365678,SZECHUAN PRESERVED VEGE STRIP,,,2024-07-30,
AMF0085,,CS,Customer,TX189,365678,SZECHUAN PRESERVED VEGE STRIP,,,2024-07-30,
AMF0085,,CS,Customer,WA04,365678,SZECHUAN PRESERVED VEGE STRIP,,,2024-07-30,
AMF0085,,CS,Bar Code,,00850014104191,WH 2023_05_10,,2024-07-29,2024-07-30,
AMF0085,,CS,Bar Code,,850014104184,RETAIL 2023_05_10,,2024-07-29,2024-07-30,
AMF0086,,CS,Customer,AZ003,1604082,SZECHUAN PRESERVED VEGE STRIP,,,,
AMF0086,,CS,Customer,CA039,1604082,SZECHUAN PRESERVED VEGE STRIP,,,,
AMF0086,,CS,Customer,CA40,1604082,SZECHUAN PRESERVED VEGE STRIP,,,,
AMF0086,,CS,Customer,CO003,1604082,SZECHUAN PRESERVED VEGE STRIP,,,,
AMF0086,,CS,Customer,FL339,1604082,SZECHUAN PRESERVED VEGE STRIP,,,,
AMF0086,,CS,Customer,IL89,1604082,SZECHUAN PRESERVED VEGE STRIP,,,,
AMF0086,,CS,Customer,KS29,1604082,SZECHUAN PRESERVED VEGE STRIP,,,,
AMF0086,,CS,Customer,MA64,1604082,SZECHUAN PRESERVED VEGE STRIP,,,,
AMF0086,,CS,Customer,MI69,1604082,SZECHUAN PRESERVED VEGE STRIP,,,,
AMF0086,,CS,Customer,NC168,1604082,SZECHUAN PRESERVED VEGE STRIP,,,,
AMF0086,,CS,Customer,OH85,1604082,SZECHUAN PRESERVED VEGE STRIP,,,,
AMF0086,,CS,Customer,PA142,1604082,SZECHUAN PRESERVED VEGE STRIP,,,,
AMF0086,,CS,Customer,TN57,1604082,SZECHUAN PRESERVED VEGE STRIP,,,,
AMF0086,,CS,Customer,TX188,1604082,SZECHUAN PRESERVED VEGE STRIP,,,,
AMF0086,,CS,Customer,TX189,1604082,SZECHUAN PRESERVED VEGE STRIP,,,,
AMF0086,,CS,Customer,WA04,1604082,SZECHUAN PRESERVED VEGE STRIP,,,,
AMF0087,,CS,Customer,AZ003,4160054,SZECHUAN PRESERVED VEGE STRIP,,,,
AMF0087,,CS,Customer,CA039,4160054,SZECHUAN PRESERVED VEGE STRIP,,,,
AMF0087,,CS,Customer,CA40,4160054,SZECHUAN PRESERVED VEGE STRIP,,,,
AMF0087,,CS,Customer,CO003,4160054,SZECHUAN PRESERVED VEGE STRIP,,,,
AMF0087,,CS,Customer,FL339,4160054,SZECHUAN PRESERVED VEGE STRIP,,,,
AMF0087,,CS,Customer,IL89,4160054,SZECHUAN PRESERVED VEGE STRIP,,,,
AMF0087,,CS,Customer,KS29,4160054,SZECHUAN PRESERVED VEGE STRIP,,,,
AMF0087,,CS,Customer,MA64,4160054,SZECHUAN PRESERVED VEGE STRIP,,,,
AMF0087,,CS,Customer,MI69,4160054,SZECHUAN PRESERVED VEGE STRIP,,,,
AMF0087,,CS,Customer,NC168,4160054,SZECHUAN PRESERVED VEGE STRIP,,,,
AMF0087,,CS,Customer,OH85,4160054,SZECHUAN PRESERVED VEGE STRIP,,,,
AMF0087,,CS,Customer,PA142,4160054,SZECHUAN PRESERVED VEGE STRIP,,,,
AMF0087,,CS,Customer,TN57,4160054,SZECHUAN PRESERVED VEGE STRIP,,,,
AMF0087,,CS,Customer,TX188,4160054,SZECHUAN PRESERVED VEGE STRIP,,,,
AMF0087,,CS,Customer,TX189,4160054,SZECHUAN PRESERVED VEGE STRIP,,,,
AMF0087,,CS,Customer,WA04,4160054,SZECHUAN PRESERVED VEGE STRIP,,,,
AMF0087,,CS,Vendor,10636,34017,,,,,
AMF0087,,CS,Bar Code,,074410340179,RETAIL 2023_05_10,,2024-07-29,,
AMF0088,,CS,Customer,FL339,9566119,,,,2025-05-02,
AMF0088,,CS,Customer,MA64,9566119,,,,2025-05-02,
AMF0088,,CS,Customer,MI69,9566119,,,,2025-05-02,
AMF0088,,CS,Customer,NC168,9566119,,,,2025-05-02,
AMF0088,,CS,Customer,OH85,9566119,,,,2025-05-02,
AMF0088,,CS,Customer,PA142,9566119,,,,2025-05-02,
AMF0088,,CS,Customer,TN57,9566119,,,,2025-05-02,
AMF0089,,CS,Customer,FL339,1008886,,,,,
AMF0089,,CS,Customer,MA64,1008886,,,,,
AMF0089,,CS,Customer,MI69,1008886,,,,,
AMF0089,,CS,Customer,NC168,1008886,,,,,
AMF0089,,CS,Customer,OH85,1008886,,,,,
AMF0089,,CS,Customer,PA142,1008886,,,,,
AMF0089,,CS,Customer,TN57,1008886,,,,,
AMF0089,,CS,Vendor,10038,613250,,,,,
AMF0089,,CS,Bar Code,,12663676132502,,,2024-07-29,,
AMF0089,,CS,Bar Code,,663676132507,REATIL,,2024-07-29,,
AMF0090,,CS,Customer,FL339,1009314,,,,,
AMF0090,,CS,Customer,MA64,1009314,,,,,
AMF0090,,CS,Customer,MI69,1009314,,,,,
AMF0090,,CS,Customer,NC168,1009314,,,,,
AMF0090,,CS,Customer,OH85,1009314,,,,,
AMF0090,,CS,Customer,PA142,1009314,,,,,
AMF0090,,CS,Customer,TN57,1009314,,,,,
AMF0090,,CS,Vendor,10038,613255,,,,,
AMF0090,,CS,Bar Code,,04663676132558,,,2024-07-29,2025-07-11,
AMF0090,,CS,Bar Code,,663676132552,RETAIL,,2024-07-29,2025-07-11,
AMF0091,,CS,Customer,FL339,1071670,,,,,
AMF0091,,CS,Customer,MA64,1071670,,,,,
AMF0091,,CS,Customer,MI69,1071670,,,,,
AMF0091,,CS,Customer,NC168,1071670,,,,,
AMF0091,,CS,Customer,OH85,1071670,,,,,
AMF0091,,CS,Customer,PA142,1071670,,,,,
AMF0091,,CS,Customer,TN57,1071670,,,,,
AMF0091,,CS,Bar Code,,081652503040,RETAIL,,2024-07-29,,
AMF0091,,CS,Bar Code,,10081652503047,CASE,,2024-07-29,,
AMF0092,,CS,Customer,FL339,1054161,,,,,
AMF0092,,CS,Customer,MA64,1054161,,,,,
AMF0092,,CS,Customer,MI69,1054161,,,,,
AMF0092,,CS,Customer,NC168,1054161,,,,,
AMF0092,,CS,Customer,OH85,1054161,,,,,
AMF0092,,CS,Customer,PA142,1054161,,,,,
AMF0092,,CS,Customer,TN57,1054161,,,,,
AMF0092,,CS,Bar Code,,01663676504648,CASE,,2024-07-29,2025-02-07,
AMF0093,,CS,Customer,FL339,1058066,,,,,
AMF0093,,CS,Customer,MA64,1058066,,,,,
AMF0093,,CS,Customer,MI69,1058066,,,,,
AMF0093,,CS,Customer,NC168,1058066,,,,,
AMF0093,,CS,Customer,OH85,1058066,,,,,
AMF0093,,CS,Customer,PA142,1058066,,,,,
AMF0093,,CS,Customer,TN57,1058066,,,,,
AMF0094,,CS,Customer,FL339,6107357,,,,,
AMF0094,,CS,Customer,MA64,6107357,,,,,
AMF0094,,CS,Customer,MI69,6107357,,,,,
AMF0094,,CS,Customer,NC168,6107357,,,,,
AMF0094,,CS,Customer,OH85,6107357,,,,,
AMF0094,,CS,Customer,PA142,6107357,,,,,
AMF0094,,CS,Customer,TN57,6107357,,,,,
AMF0094,,CS,Bar Code,,717385301508,CASE,,2024-07-29,2025-05-02,
AMF0095,,CS,Bar Code,,020717617018,RETAIL,,2024-07-29,,
AMF0096,,CS,Customer,FL339,1082991,,,,,
AMF0096,,CS,Customer,MA64,1082991,,,,,
AMF0096,,CS,Customer,MI69,1082991,,,,,
AMF0096,,CS,Customer,NC168,1082991,,,,,
AMF0096,,CS,Customer,OH85,1082991,,,,,
AMF0096,,CS,Customer,PA142,1082991,,,,,
AMF0096,,CS,Customer,TN57,1082991,,,,,
AMF0096,,CS,Vendor,11258,30547,,,,,
AMF0096,,CS,Bar Code,,00850062396029,,,2024-07-29,2025-06-20,
AMF0097,,CS,Customer,FL339,1082992,,,,,
AMF0097,,CS,Customer,MA64,1082992,,,,,
AMF0097,,CS,Customer,MI69,1082992,,,,,
AMF0097,,CS,Customer,NC168,1082992,,,,,
AMF0097,,CS,Customer,OH85,1082992,,,,,
AMF0097,,CS,Customer,PA142,1082992,,,,,
AMF0097,,CS,Customer,TN57,1082992,,,,,
AMF0097,,CS,Vendor,11258,30566,,,,,
AMF0097,,CS,Bar Code,,00850062396012,,,2024-07-29,2025-07-11,
AMF0098,,CS,Customer,FL339,1082990,,,,,
AMF0098,,CS,Customer,MA64,1082990,,,,,
AMF0098,,CS,Customer,MI69,1082990,,,,,
AMF0098,,CS,Customer,NC168,1082990,,,,,
AMF0098,,CS,Customer,OH85,1082990,,,,,
AMF0098,,CS,Customer,PA142,1082990,,,,,
AMF0098,,CS,Customer,TN57,1082990,,,,,
AMF0098,,CS,Vendor,11258,30556,,,,,
AMF0098,,CS,Bar Code,,00850062396005,,,2024-07-29,2025-06-20,
AMF0099,,BG,Bar Code,,10663676175242,,,2024-08-01,2024-08-31,
AMF0099,,BG,Bar Code,,663676175242,Retail,,2024-08-01,2024-08-31,
AMF0100,,CS,Vendor,10209,B087431,,,,,
AMF0100,,CS,Bar Code,,18854657002547,,,2025-01-01,2025-06-20,
AMF0100,,CS,Bar Code,,8854657002540,RETAIL,,2025-01-01,2025-06-20,
AMF0101,,CS,Bar Code,,081652511113,RETAIL,,2025-04-04,2025-05-30,
AMF0101,,CS,Bar Code,,10081652511110,,,2025-04-04,2025-05-30,
PFG0002,,CS,Bar Code,,10806795515609,WH 2023_04_04,,2024-07-29,,
PFG0002,,CS,Bar Code,,806795515602,RETAIL 2023_04_04,,2024-07-29,,
PFG0003,,CS,Bar Code,,10806795515623,WH 2023_04_04,,2024-07-29,,
PFG0003,,CS,Bar Code,,806795515626,RETAIL 2023_04_04,,2024-07-29,,
UFI0001,,CS,Bar Code,,18850367990211,,,,,
UFI0001,,CS,Bar Code,,8850367990214,RETAIL,,,,
WGM0001,,CS,Bar Code,,077890444467,RETAIL 2023_04_14,,2024-07-29,,
WGM0002,,CS,Bar Code,,077890444474,RETAIL 2023_04_14,,2024-07-29,,
WGM0003,,CS,Bar Code,,077890473481,RETAIL 2023_04_14,,2024-07-29,,
WGM0004,,CS,Bar Code,,077890512166,RETAIL 2023_05_10,,2024-07-29,,
WGM0004,,CS,Bar Code,,10077890512163,WH 2023_05_10,,2024-07-29,,
WGM0004,,CS,Bar Code,,1007789051217,CASE,,2024-07-29,,
WGM0005,,CS,Bar Code,,077890512173,RETAIL 2023_05_10,,2024-07-29,,
WGM0005,,CS,Bar Code,,1007789051217,CASE,,2024-07-29,,
WGM0005,,CS,Bar Code,,10077890512170,WH 2023_05_10,,2024-07-29,,
WGM0006,,CS,Bar Code,,077890512142,EACH,,2024-07-29,,
WGM0006,,CS,Bar Code,,10077890512149,CASE,,2024-07-29,,
WGM0007,,CS,Bar Code,,077890560044,RETAIL,,2024-07-29,,
WGM0007,,CS,Bar Code,,10077890560041,CASE,,2024-07-29,,
WGM0008,,CS,Bar Code,,077890560051,RETAIL,,2024-07-29,,
WGM0008,,CS,Bar Code,,10077890560058,CASE,,2024-07-29,,
